a,b,n,gas,dis,tm,rbc,gas_hp,dis_hp,tm_hp,rbc_hp
2024-02-21_043AS,2024-02-26_029CK,66309,0.3286288899724061,0.47320579455428224,0.585305022477796,0.039125693652673946,0.22442028657197233,0.5108262670119669,0.47083870095868097,0.13775753068524133
2024-02-21_043AS,2024-02-27_009JT,67123,0.09522707707965777,0.08302752905604456,0.06263894758426496,-0.018147373610024924,0.09423113316173978,0.09426827159358477,0.05878801615971684,-0.03330561771117507
2024-02-21_043AS,2024-03-06_030DN,65186,0.40564418202119884,0.6606530414736784,0.5832866738533307,0.3593751198682236,0.23866342860371895,0.4655138840316694,0.33860094945353875,0.05577001257555763
2024-02-21_043AS,2024-03-11_039CP,58865,0.30026621196754816,0.6381977887187877,0.5634561773843394,0.3915639101887914,0.16051710105972025,0.4657911448458174,0.3855454974099765,0.17970166197255297
2024-02-21_043AS,2024-03-12_006KL,40589,-0.12140451692608498,-0.385808535168904,-0.31599745400057044,0.031258180203847095,0.07141195080191197,0.0027542974643182624,0.042790377762494634,0.06393696443750325
2024-02-21_043AS,2024-03-12_044DY,64677,0.41458497132793065,0.7440361602006229,0.6781413658144774,0.4132822699056848,0.2170486062634973,0.5560896080922748,0.4486466042562553,0.16688845568373376
2024-02-21_043AS,2024-03-14_038RL,73772,0.48451657776983736,0.7675267332450341,0.6964021616052259,0.6405506329898205,0.32769230435042673,0.6345460361889858,0.5486722118345595,0.31652982555453724
2024-02-21_043AS,2024-03-21_032WS,69748,0.010872071834047805,0.11094549608248098,0.04836123347953346,0.3312940994762767,0.008548911827353652,0.010324562772881253,-0.008267268368774845,0.0733533342201709
2024-02-21_043AS,2024-03-21_036RL,66520,0.298574836928165,0.49232832538150045,0.4864279504218104,0.17485069075571702,0.21216270073299073,0.41829793371274887,0.3506199241358159,0.10962394341017956
2024-02-21_043AS,2024-03-28_010AJ,49321,-0.00018749744115783117,0.43026359327341984,0.32498055764929107,0.2631087158887424,-0.09272786833606571,0.05537282177429309,0.007103790795032202,0.03141618752450779
2024-02-21_043AS,2024-04-09_019WR,77220,0.48978035324350444,0.7398588520959535,0.6946760253806801,0.5739247580290487,0.31951697479179425,0.58510209028521,0.505627253760357,0.22365548650625797
2024-02-21_043AS,2024-04-22_025VP,38320,0.0020639529285250806,0.13017392463265917,0.10358573333361835,0.21043963851492056,-0.0153439747374891,-0.08282403859970394,-0.055177556702243655,-0.04124976052601074
2024-02-21_043AS,2024-06-18_003PM,35935,0.27478007370035873,0.4122040770460923,0.3805805816078891,0.24347679672816455,0.21882451911390452,0.415746679549306,0.3461028456959995,0.10102900220137771
2024-02-21_043AS,2024-07-03_044DY,60832,0.43368801994740147,0.6900117102233273,0.6248596259722105,0.4552000736604766,0.195765267463267,0.5277460183332521,0.4112275655601376,0.11139061614766342
2024-02-21_043AS,2024-07-29_004DS,43794,0.0590255746912695,0.1558691727583637,0.16342968041726044,-0.02451240493439934,0.07640088488691754,0.24408732120648738,0.19537371524622282,0.050373816947797016
2024-02-21_043AS,2024-08-12_013VM,73093,0.2944103260176168,0.5315074639402997,0.44637851316751714,0.2563556156204761,0.16617261708418202,0.2559465097019099,0.15703478615828606,0.04283218466913115
2024-02-21_043AS,2024-08-19_015HK,75018,0.41934272051441446,0.6877521986603282,0.6421173855776198,0.5344044414267585,0.2742253270065502,0.5248114559074507,0.4479968596742346,0.19623955139405788
2024-02-21_043AS,2024-08-21_044DY,65716,0.40846581177180113,0.7887863159833808,0.7223396614532291,0.5212870408416096,0.25347121789027643,0.6284089319064251,0.5752825823736331,0.20450566797095968
2024-02-21_043AS,2024-08-23_016PG,96076,0.3916575681397607,0.6924469344600761,0.5456510413601766,0.4964905273252444,0.29160103783139774,0.506520567385051,0.3306734160108018,0.13832507693719823
2024-02-21_043AS,2024-08-30_014KS,65311,0.2299075743422827,0.45572977137353055,0.4005200882404325,0.5075636333211203,0.19330389284038196,0.37666476554187556,0.3385607433873204,0.1944335801576547
2024-02-21_043AS,2024-09-03_041WF,79884,0.3600752235971859,0.7249094338936654,0.6409866172825763,0.426774042385856,0.1717063309491506,0.4778303491310962,0.3415932877999272,0.08870843531942346
2024-02-21_043AS,2024-09-10_008TP,62573,0.3684246516739432,0.6723494695175122,0.6413921565632277,-0.02221966449852556,0.115510334685927,0.4288159370729615,0.304616606421045,-0.11951525703349422
2024-02-21_043AS,2024-09-10_045VS,53747,0.3562607283780509,0.7033812822845629,0.6399138346787698,0.5741772923311436,0.23058918011982577,0.5425049073706786,0.47708483156895803,0.2298963664442571
2024-02-21_043AS,2024-09-24_039CP,70961,0.4738020596111791,0.7863304450818968,0.742688500083945,0.4258734393622128,0.2694083625512518,0.6208457774834675,0.519721788168868,0.19365584028873636
2024-02-21_043AS,2024-09-24_046AA,59762,0.3173805591484642,0.5440280096141981,0.49374648875258,0.24619584320800078,0.15946977173818583,0.36759265537386376,0.27120135422272407,0.06817901117679233
2024-02-21_043AS,2024-09-26_009ML,79335,0.35850441982815273,0.6853976434041114,0.579549392194764,0.5744430692843966,0.256213352492883,0.6084784211046625,0.4806324033010667,0.26335448838714176
2024-02-21_043AS,2024-09-27_036RL,60826,0.214316090759659,0.3040739455383962,0.3038851840792477,0.1653330767138756,0.1916813757730817,0.33201514343577526,0.28502335502536297,0.05608401038856962
2024-02-21_043AS,2024-10-02_011CN,55861,0.10779842868943677,0.274213902686214,0.2715024909015088,0.13488377383619818,0.09224614677763522,0.19346008703548012,0.21990552497238233,-0.00859411436539021
2024-02-21_043AS,2024-10-10_019LR,63697,0.3456392038814092,0.5449406781777505,0.5662341104800785,0.09832842304698552,0.22163132608460312,0.45465932181054086,0.38413230271300947,0.07236180127301754
2024-02-21_043AS,2024-10-16_020JS,60331,0.007173032525497253,-0.10238382901232143,-0.10629171529229395,0.005278566140385676,0.014671162205269319,-0.04868178248419529,-0.07440621754149383,-0.06010332589132199
2024-02-21_043AS,2024-10-17_048JJ,63233,0.17405737089113105,0.33982268112897596,0.28467258985329336,0.2362495081551027,0.05834886617332166,0.20217386247424335,0.11795565899529153,0.022089155026405315
2024-02-21_043AS,2024-10-22_021CH,57553,0.08185094596048985,-0.04804473986388485,0.013003457178380551,-0.052344832068901004,0.11698328564193711,0.09506003277265854,0.1236921401525662,0.005573941939068162
2024-02-21_043AS,2024-10-29_049WG,57685,0.27665585895476863,0.5434332164144673,0.43926864353900075,0.2736604656807888,0.09089115755255274,0.30670545721073356,0.18607663584704115,0.051628475870986984
2024-02-21_043AS,2024-11-05_023LL,42182,0.1423248213946628,0.23954477362240878,0.2771334717128007,0.10571821404083263,0.11712785435552076,0.2006437553375109,0.19272025223691147,0.03604859519919208
2024-02-21_043AS,2024-11-13_025JC,70589,0.35053934432038886,0.6000753280774904,0.5077138493999843,0.35220387561470007,0.25503841637937386,0.49743687331927955,0.32461438213060606,0.1193614376003455
2024-02-21_043AS,2024-11-26_050EH,69841,0.27016799688934606,0.4501720131819621,0.4094933633487141,0.23744234213222443,0.16530072249928965,0.3842002315884754,0.30202597479970006,0.0608688902001391
2024-02-26_029CK,2024-02-27_009JT,53921,0.054183278173189686,-0.07431686032234414,0.015182100523027998,-0.1271708458369848,0.09998004533205865,0.07591029623431259,0.07577511236721386,-0.007783301065337953
2024-02-26_029CK,2024-03-06_030DN,61291,0.32820029781464527,0.3649010453907536,0.48753130393320154,-0.02267024726209208,0.295989624598362,0.4340692255443249,0.3426890658645307,0.17137955688637932
2024-02-26_029CK,2024-03-11_039CP,51209,0.18422241416746618,0.4107777163896235,0.47610468730143657,0.10047941306592136,0.07056470266856994,0.4337916930033342,0.3394933307151184,0.14844465896698003
2024-02-26_029CK,2024-03-12_044DY,60687,0.34737091884072047,0.4630255102948214,0.5453744461083659,0.11106385577119865,0.18136484126715333,0.4028195333635702,0.3457426423729523,0.18927774016758878
2024-02-26_029CK,2024-03-14_038RL,61116,0.38417053891169145,0.33498509819085004,0.5050642677547823,0.0216268894975915,0.4503850073148806,0.5942378697743261,0.5712162542753407,0.200486382668909
2024-02-26_029CK,2024-03-21_032WS,66865,0.11486387631208335,0.2919206427538672,0.2681233281016288,0.09462700453730405,0.06067733934339465,0.2665808042606338,0.17968809858226076,0.09679775207849148
2024-02-26_029CK,2024-03-21_036RL,67632,0.3315191661770785,0.5806090345434595,0.5638871368425614,0.4438528196566419,0.18884136672407156,0.5276980351883224,0.4738098891316957,0.16961551422293314
2024-02-26_029CK,2024-03-28_010AJ,42311,0.17878685790552762,0.4472961704748611,0.42637822239818285,0.12274680541604187,0.0679582340592388,0.24876481566377845,0.17144177807290864,0.070939219508604
2024-02-26_029CK,2024-04-09_019WR,58807,0.27628373891258096,0.26537298936126713,0.43734193025215384,-0.14000990631425575,0.17982066716555212,0.361940304157368,0.3482886584886974,0.07598067649580045
2024-02-26_029CK,2024-04-22_025VP,38087,0.14583104161136248,0.33686818271440827,0.4184898379550804,-0.21638907034564606,0.062482210745722765,0.27570835582516434,0.07176429678056685,-0.05866444810310332
2024-02-26_029CK,2024-05-06_043AS,63252,0.24524799548033846,0.3389111120345555,0.4967983528060369,0.0125223207569419,0.2151471480309021,0.5112144318603322,0.5022528805203136,0.10671546175263079
2024-02-26_029CK,2024-07-03_044DY,47133,0.10556107352549303,0.1585477142426031,0.28803371266955596,-0.10857111502872148,-0.016624363499476102,0.19600913572996823,0.131400656942871,0.014347343922006027
2024-02-26_029CK,2024-07-29_004DS,43014,0.3218710497751079,0.6485182524990658,0.47945761506354884,0.5919728171627119,0.19229437963669427,0.3865923770651115,0.2962141605391078,0.21148494186234357
2024-02-26_029CK,2024-08-12_013VM,64198,0.3661140256886293,0.6283132989166911,0.5724131598728031,0.24265137339395781,0.21713470161419868,0.3877746439919069,0.25482116293018986,0.13692849868422158
2024-02-26_029CK,2024-08-19_015HK,61672,0.3445697455962417,0.5554540704555675,0.5691768907322187,0.048791929427384924,0.15674516509230194,0.49826852432435315,0.31687262230230023,0.10195184869801008
2024-02-26_029CK,2024-08-21_044DY,55276,0.2874888884927081,0.293057718298762,0.4491120752035897,-0.005812233766253052,0.23998080662656562,0.4459673152149531,0.47622055562895527,0.1104484285087006
2024-02-26_029CK,2024-08-23_016PG,75751,0.2918452661130429,0.40941569039488035,0.4941267103889028,0.07418361661697476,0.30815363525160083,0.4961429675293438,0.351475997476484,0.08675659074390557
2024-02-26_029CK,2024-08-30_014KS,58361,0.19509151606515387,0.46504211826081054,0.4938389647258015,0.07452901815284878,0.12380080678879195,0.47794545092435897,0.328028281593774,0.06329696622913736
2024-02-26_029CK,2024-09-03_041WF,71438,0.3031907374749117,0.39534779688711374,0.5312949946821364,0.007502825210392137,0.22837793095275497,0.43759058278118956,0.36609857174046717,0.11318572188396503
2024-02-26_029CK,2024-09-09_043AS,48068,0.19180345353093078,0.2532083854160784,0.3961950609465753,-0.04532445986878858,0.17350171526031502,0.32239234843305786,0.334944606738947,0.12139015231689675
2024-02-26_029CK,2024-09-10_008TP,52227,0.22463015716640058,0.35668334679275504,0.35783572109722195,0.1633633416409917,-6.295226426137499e-05,0.22822475946152646,0.12872879068856055,0.00466724912741467
2024-02-26_029CK,2024-09-10_045VS,46573,0.20378435890393679,0.23386647392294554,0.4444589974579395,-0.02784340105941518,0.24258871784667455,0.5604820140767298,0.5668869318950347,0.180767290505383
2024-02-26_029CK,2024-09-24_039CP,56801,0.36304423948584585,0.4838076123894542,0.5280061789124081,0.18256111513796366,0.2155642833561702,0.4494543452639636,0.36685472044338524,0.15290069544436094
2024-02-26_029CK,2024-09-24_046AA,58359,0.37794304118183625,0.5815650347832895,0.5253922900443344,0.38417652504348626,0.24061863991544005,0.46152741679336295,0.3467795710761732,0.1723196368863577
2024-02-26_029CK,2024-09-26_009ML,62029,0.270125870534109,0.4329288229507205,0.475006051137891,0.2414351529397755,0.20916028374916018,0.5561108667898738,0.47393239822607536,0.16353468873565166
2024-02-26_029CK,2024-09-27_036RL,56132,0.1333703749672297,0.3324045542406579,0.3254398735018041,0.2525951728371667,0.13331889105563002,0.36532216069113116,0.34407538116925895,0.10720720383106697
2024-02-26_029CK,2024-10-02_011CN,47749,-0.03360863038750753,-0.13280563669678933,0.02954096014353872,-0.32322815641239694,0.05782152922782071,0.12684335331242774,0.1533707886025746,-0.04117456218818761
2024-02-26_029CK,2024-10-10_019LR,61684,0.47829619508194005,0.6686333666418892,0.6954288158666071,0.3158857193768448,0.3448538171957691,0.5574404979298959,0.5163601389726133,0.15682754820885678
2024-02-26_029CK,2024-10-16_020JS,61095,0.12198413886181564,0.04479835935766795,0.005559862619458307,0.02265437321397519,0.060359539351983814,0.018586681088991693,0.019023076900279164,0.038318614755725795
2024-02-26_029CK,2024-10-17_048JJ,59255,0.14681168816278214,0.17828833715903913,0.2708693736850098,-0.14236537887553327,0.1080044058920136,0.24578850166819094,0.18391654842767555,0.01056324964047705
2024-02-26_029CK,2024-10-22_021CH,53349,0.07838500193040661,-0.1501996931710421,-0.05970979777690833,-0.10965613061718796,0.14399547813652713,0.04609212272031161,0.1193890835273485,0.07933687191903295
2024-02-26_029CK,2024-11-05_023LL,38813,0.08958380927975784,-0.008688628483834747,0.15897584627971695,-0.2881646119181227,0.13342370913469595,0.2024848275743129,0.20023292173319757,-0.042948500455353276
2024-02-26_029CK,2024-11-13_025JC,61270,0.29499044801651536,0.5139019988505557,0.5328424297221638,0.16360398900049145,0.14789404701781284,0.5486884293456485,0.3610282691487282,0.1500383356059055
2024-02-26_029CK,2024-11-26_050EH,70611,0.3439590250932034,0.6445170725066428,0.5962787496997806,0.26766274640241966,0.19859016424017978,0.5543869771274244,0.4315036719735331,0.08941989368820699
2024-02-26_029CK,2024-12-05_043AS,52103,0.1506352388490736,0.33983182872605255,0.43911072093452314,-0.18914042555669283,0.082301774022798,0.3445325185367832,0.26296870933725724,-0.03655653761106585
2024-02-27_009JT,2024-03-06_030DN,56498,0.11118014661945654,-0.008904467007466004,0.024887936152062768,0.05695842311400153,0.15671157095841365,0.18073859367966522,0.17422989572964542,0.08757860783127884
2024-02-27_009JT,2024-03-11_039CP,44846,-0.009786868978434915,-0.053810439964354174,-0.0235632874311068,-0.020526337758481353,0.022040394756031055,-0.029791362367475756,0.022858094834601578,-0.01647712356515462
2024-02-27_009JT,2024-03-12_006KL,44744,0.05370737086301213,0.043758425076239775,0.050055875343684574,-0.06410439318950184,0.025189240591229786,0.01367282438045533,0.02145699719142127,-0.060682914977350656
2024-02-27_009JT,2024-03-12_044DY,52004,0.020209374467082684,-0.06906593360660387,0.0059660069006430005,0.0010844107012248129,0.0740438156604244,0.03858978590010504,0.09792791597948976,0.009880515817842123
2024-02-27_009JT,2024-03-14_038RL,56620,0.10281654451567096,0.03342204799394909,0.041230994189830325,0.002534898358569633,0.16073317658693273,0.19085410790922366,0.19240180631071738,0.0036499687749973774
2024-02-27_009JT,2024-03-21_032WS,70877,0.008556396433734337,-0.00202123667578864,0.02506251659784864,0.020481690114414048,0.013693932104342353,0.007422723188320841,0.01241163469224303,0.006148199843359418
2024-02-27_009JT,2024-03-21_036RL,66788,0.08480797424770062,0.09720984403191522,0.12446020213120303,0.033890637607848995,0.04543035728339833,0.058091004650134614,0.07195854417063761,0.059231976224581595
2024-02-27_009JT,2024-03-28_010AJ,44759,0.07049146128586237,0.07423224891083151,0.06013238424523833,-0.06468294593448147,0.03177870971787809,0.05207022258927719,-0.0017619848786555512,-0.026329964668261346
2024-02-27_009JT,2024-04-03_040RP,49849,0.07704197525059356,0.13646253789972623,0.045688727695913145,0.10794508070141196,0.01275846028158869,0.06273031432740728,-0.006313980152684092,0.012661311072957142
2024-02-27_009JT,2024-04-09_019WR,67975,0.07692324257271922,0.07214933554321966,0.036234234742785115,0.07326066332413805,0.09300098100298662,0.01396780480879492,0.018788519551955637,0.005921539155824391
2024-02-27_009JT,2024-04-22_025VP,35687,0.0820515543137385,0.07889062760561825,0.10591360862413389,0.018657458521907935,0.08893809130213053,0.10756120767003109,0.13511491253019636,-0.02316588841265395
2024-02-27_009JT,2024-05-06_043AS,61830,0.0494646822619242,0.0805415554061743,0.04081303869424075,0.024130139303060814,0.06600518333434514,0.09682243530177143,0.06604587552069884,0.014596451997187425
2024-02-27_009JT,2024-06-18_003PM,31766,0.09284021160787526,0.010460908272119184,0.04930626266223842,-0.0013391023718365596,0.06586853326841667,-0.07076390858568672,-0.012274416159230526,0.05195538112503326
2024-02-27_009JT,2024-07-03_044DY,45600,0.1125311432577758,0.06190333916600736,0.04477146907784003,-0.0036430585928470278,0.08202766573812438,0.03670386608985703,0.02426104607174136,-0.009022928818056167
2024-02-27_009JT,2024-07-29_004DS,34233,0.07569422885701126,-0.15263444644659718,-0.05033390934039229,-0.12380280115535332,0.09389854334724972,0.0006057658706127443,0.06432983064357771,-0.029886103511968548
2024-02-27_009JT,2024-08-12_013VM,62038,0.04506891709439487,0.021155419489144702,0.0751784626083246,-0.016117695409346194,0.046194024651639215,0.039586294764986665,0.043843033770274216,0.013933093361248398
2024-02-27_009JT,2024-08-19_015HK,62805,0.1273287678054956,0.0649629347654905,0.10468255293170804,-0.01821420304279206,0.12164607828396193,0.11255917356303334,0.10583211903607818,-0.0017844174137727298
2024-02-27_009JT,2024-08-21_044DY,49798,0.03763515735009775,0.13871330134874882,0.08815985886761167,0.08625483742369003,0.04827637417007799,0.06739812748071582,0.022809509189501254,0.040611680872754
2024-02-27_009JT,2024-08-23_016PG,88846,0.08144032324561742,0.16062756566317918,0.0835309000543785,0.09433740736910097,0.15103079388589538,0.17381587770847104,0.11490998897966687,0.01854981199954725
2024-02-27_009JT,2024-08-30_014KS,54638,0.011927736910319398,-0.042625711974461786,0.026536320452496712,-0.07603275758541032,0.04216761970363826,0.05352771465300688,0.10156123120241942,-0.0666432310300548
2024-02-27_009JT,2024-09-03_041WF,65580,0.08863098209279618,0.05243613468138073,0.07159182941021483,-0.009038978324612954,0.04426899570655696,0.12366266905869766,0.09672349314503707,0.009829127581069446
2024-02-27_009JT,2024-09-09_043AS,47489,0.16394574622012456,0.05598365895514838,0.0926810002079015,0.035255919105367794,0.10648932336421656,0.06708810161990057,0.0668437906748213,0.04847762947374996
2024-02-27_009JT,2024-09-10_045VS,38497,0.18480904787558175,0.2418476523152847,0.21253901267521924,0.018209766766356397,0.13211546013049158,0.13175983099733488,0.14949810014433138,0.034182385214360726
2024-02-27_009JT,2024-09-24_039CP,52647,0.16366672368885865,0.11184902528490895,0.09260194897676108,-0.01409059097218379,0.1557426215248851,0.11688795570557042,0.09932702797682395,-0.004765462043515186
2024-02-27_009JT,2024-09-24_046AA,62783,0.08509311309446331,0.01496150282278271,0.10267444957923687,-0.04182214188429747,0.08495025067080536,0.1005459475407942,0.1290154345103253,0.01113615514563528
2024-02-27_009JT,2024-09-26_009ML,59462,0.06337269986120417,0.04062350537501572,0.08239276713628313,-0.094756495977777,0.054944614970416,0.03081743758620748,0.057394672519731495,-0.06437849932439152
2024-02-27_009JT,2024-09-27_036RL,61053,0.11954776941213563,0.18397373575130466,0.14615896186249877,0.014744675413637148,0.027618307189382563,0.07676141603502043,0.02951344684962588,0.003077338174211503
2024-02-27_009JT,2024-10-02_011CN,52338,0.14902626155228652,0.34963433163458313,0.22188052038541914,0.06101389073762617,0.1030800141384829,0.3463047355695043,0.16293752036820244,-0.025960369322775154
2024-02-27_009JT,2024-10-10_019LR,56232,0.031504989227628406,0.05743631735165556,0.10478859107219567,0.11809990370474349,0.0913414559128748,0.16519562644302335,0.1970375002978301,0.11611729651225998
2024-02-27_009JT,2024-10-16_020JS,69502,0.11032439995340508,0.020411349221009355,0.028719532176956664,-0.01782054855506619,0.13247128240131611,0.17428642120904306,0.0978965213279237,-0.05025523891334487
2024-02-27_009JT,2024-10-17_048JJ,61025,0.04794766789465823,0.212024818191504,0.1046714723549059,0.12006329259098979,0.017258774229663803,0.13638295844596793,0.04402081218047747,0.043625379573975116
2024-02-27_009JT,2024-10-22_021CH,52684,0.09668251960074013,0.30088302614366863,0.15739914067801777,0.07548247331134206,0.0026455558037995477,0.15285438041132104,0.00340877361866307,0.03272893369423305
2024-02-27_009JT,2024-10-29_049WG,59781,0.09127494123944409,0.1997578557090501,0.16180201201118125,-0.013359471968399995,0.06741252671312704,0.14802744505480547,0.07707237864833735,-0.015070872276962048
2024-02-27_009JT,2024-11-05_023LL,38720,0.12703678551123115,0.35805961090423755,0.2942598690821772,0.09934408414440919,0.044626833393510076,0.20335463212939703,0.1641733283728361,0.0003337091530675989
2024-02-27_009JT,2024-11-13_025JC,58484,0.0911802342386034,0.002524660009941221,0.08276620023008877,-0.09268070823170568,0.06632229933271645,0.05501519499301925,0.10231396506036311,-0.04721557755923592
2024-02-27_009JT,2024-11-26_050EH,62900,0.0925471067458004,0.04767588241302966,0.09925627941231108,0.026245448509114862,0.04696348673847492,0.09880444766553066,0.10351230935910584,0.05639826914478037
2024-02-27_009JT,2024-12-05_043AS,50588,0.028767213859414418,-0.10164005162327885,-0.06009139514200388,0.07647822437936577,0.03639366887596329,-0.05412038501808625,-0.0076164261765735005,0.0384928873480486
2024-03-06_030DN,2024-03-11_039CP,54200,0.33308835994565555,0.6386783845644586,0.5904925204616962,0.3061728768934643,0.15685256359406904,0.4971969441030498,0.45389422339803426,0.16311664375450077
2024-03-06_030DN,2024-03-12_044DY,64189,0.4068987568332656,0.7286213566709269,0.6687727348115359,0.2485892518368979,0.2833816462235453,0.5613887373326346,0.475278392890739,0.08084508711488513
2024-03-06_030DN,2024-03-14_038RL,67735,0.6465249564673021,0.8472409326084405,0.7687540941654646,0.5647049060861264,0.4589001854484292,0.6882061180232117,0.5664828008027707,0.2104286592825883
2024-03-06_030DN,2024-03-21_032WS,72863,0.11489895042847702,0.2168841703209728,0.11801838083794655,0.2565200917398329,0.035858699538137605,0.04995284604583444,-0.055121198790133635,0.0367456139635963
2024-03-06_030DN,2024-03-21_036RL,66235,0.37248264278951926,0.5295678272267208,0.5182684012359168,0.03479968778003447,0.2653581396771704,0.43529594965263974,0.3234167768288044,0.060623622789003094
2024-03-06_030DN,2024-03-28_010AJ,41609,0.0610904925860056,0.44655021736051315,0.3728244750037793,0.1166337476888468,-0.01505259356232364,0.11175105790796698,0.0022067032088681476,-0.03369725753630806
2024-03-06_030DN,2024-04-09_019WR,56866,0.37950328151783175,0.6213740157031193,0.5222947041825876,0.4321192198930834,0.21377505008512757,0.35348417445251984,0.20833200001902086,0.07864219020132233
2024-03-06_030DN,2024-04-22_025VP,39574,0.0575559040041098,0.33092003926202335,0.37701900177890946,0.33404325329608103,-0.0020734571441622038,0.102076206244492,0.14275299973280947,0.08732862420561951
2024-03-06_030DN,2024-05-06_043AS,59931,0.38223611145521436,0.6819326878934114,0.6072672049414953,0.29122432200008774,0.2074618114808105,0.5120812573247258,0.3854739844279337,0.04037442064430855
2024-03-06_030DN,2024-06-18_003PM,32080,0.3234143359506568,0.4006636550381438,0.32820979530835775,0.3518598845990081,0.32848533004214575,0.42505058635030635,0.36894624924100594,0.16362590993511586
2024-03-06_030DN,2024-07-03_044DY,52475,0.5650488699992438,0.6616825558283824,0.5782990475137713,0.39382504153180886,0.4308417193084569,0.5695097756996041,0.4629835981127739,0.11130004844150007
2024-03-06_030DN,2024-07-29_004DS,39520,0.11105680862183352,0.19088157375154668,0.30660718023662115,-0.1930559702047367,0.14443827290287647,0.31666917485395357,0.31341626456846644,-0.005368003730419083
2024-03-06_030DN,2024-08-12_013VM,72627,0.36207349374856346,0.4638092355651331,0.41373732949529957,0.21413648668056337,0.27105954870511056,0.3119280672165077,0.19196584732992392,0.08828355073029524
2024-03-06_030DN,2024-08-19_015HK,66598,0.3916035922761835,0.6011519750502142,0.509403852160136,0.4509388878941013,0.2064485841468191,0.39184699746546137,0.2976015952999987,0.14886230827286906
2024-03-06_030DN,2024-08-21_044DY,46207,0.4233572286940776,0.6480129279852054,0.5709805831388056,0.2833906178860389,0.2437277069234849,0.45621720954686795,0.34605786185081594,0.026487292673173974
2024-03-06_030DN,2024-08-23_016PG,86643,0.4747374896770946,0.6393618797596404,0.5300898195209721,0.4363137971426119,0.3394848645047719,0.44729014430775477,0.3339720048332352,0.12020601843355141
2024-03-06_030DN,2024-08-30_014KS,63623,0.2760256846671274,0.4884116550483815,0.4204745822374432,0.3363754506011151,0.17619790681316136,0.3920267548300977,0.3109817586366009,0.0828262862158055
2024-03-06_030DN,2024-09-03_041WF,82420,0.5544843119226596,0.8246442748193531,0.7211441109573172,0.5098650418626305,0.33293183842014057,0.6277916753008892,0.47582473843574596,0.1039247109107392
2024-03-06_030DN,2024-09-09_043AS,52357,0.38303585795358663,0.5676307056611803,0.5287333501560167,0.3308656764110377,0.31328128221931945,0.5248295784737775,0.4514250472248314,0.09259979853143101
2024-03-06_030DN,2024-09-10_008TP,50991,0.312594312579275,0.41045730707754796,0.4126444648669443,0.03989107183578957,0.12722235249057323,0.25833188095323706,0.18043291928559693,0.019693414886265345
2024-03-06_030DN,2024-09-10_045VS,45126,0.21685104999263197,0.5064155900395937,0.41556213673070436,0.35812400838703334,0.10173623971249002,0.2911711211340535,0.22962089909987365,0.017966522513290787
2024-03-06_030DN,2024-09-24_039CP,57592,0.4735463675460024,0.6534265240424658,0.5954561749215557,0.34116549669189944,0.30608681939556265,0.5470070978122612,0.4226296790269232,0.1187250109654003
2024-03-06_030DN,2024-09-24_046AA,66876,0.3799317996228071,0.5668817183680153,0.5052707470031199,0.27604883616540016,0.2618772939528859,0.4004370259337107,0.32526419694121256,0.15809464512451693
2024-03-06_030DN,2024-09-26_009ML,66069,0.2229270486436351,0.47605959492309885,0.39107060268960026,0.3124385037667873,0.15465559431718814,0.38810414295462764,0.3050605281082503,0.10311582319085516
2024-03-06_030DN,2024-09-27_036RL,60494,0.24014677529186046,0.3647899628738225,0.3583077299674341,0.09042710868571505,0.25019835977861243,0.43069229977863976,0.353225797901177,0.0458142176404943
2024-03-06_030DN,2024-10-02_011CN,59009,0.30237819264691523,0.45307927929282316,0.41936525836442023,0.22783930158114282,0.1735473251352546,0.3475991091202006,0.2931287126563198,0.07539620740865115
2024-03-06_030DN,2024-10-10_019LR,67050,0.4589393625460886,0.4950856414449608,0.5356651185912368,0.12863766048529995,0.3419504182346558,0.4431695508637801,0.38708861531484146,0.1290465529351774
2024-03-06_030DN,2024-10-16_020JS,60643,0.12652097437926596,-0.04166162597025527,-0.02103505225162768,0.114223304285792,0.17217572364908384,0.00508408747089614,0.014063177316953985,0.07215243140115281
2024-03-06_030DN,2024-10-17_048JJ,71893,0.3091257614574405,0.4041118468015104,0.36379186703123706,0.2742146410750066,0.19191660932867582,0.2781715682864402,0.21039627835624636,0.13378770070947654
2024-03-06_030DN,2024-10-22_021CH,53338,0.1365490182267621,0.0310118832618575,0.060766148766416554,0.10827164281596949,0.1909215817729044,0.1945983767889453,0.17016874336016738,0.11317398238459915
2024-03-06_030DN,2024-10-29_049WG,54502,0.23667817177998868,0.3742124539124097,0.2598173318616704,0.21076219016722333,0.12127852110293118,0.24230720414329068,0.15027799486723534,0.023717671189175026
2024-03-06_030DN,2024-11-05_023LL,43307,0.22903550966406497,0.3349484669429029,0.3289380645216858,0.15952958638844453,0.09556159143827465,0.3106465599835388,0.20521373037920876,0.0735474135638752
2024-03-06_030DN,2024-11-13_025JC,65618,0.4000171990838169,0.6107409895296771,0.5231504084623829,0.44128997411708515,0.3031741693779207,0.5399846829871147,0.417454287364436,0.16432862932191777
2024-03-06_030DN,2024-11-26_050EH,73538,0.3574842408274288,0.573339563255145,0.5245002078404136,0.1815201109959504,0.2050062674764966,0.45652977963562813,0.291851699823003,0.07973409912100471
2024-03-06_030DN,2024-12-05_043AS,61082,0.27433385978173863,0.5516176020662269,0.4515184838165807,0.20911693028016184,0.13884807378680086,0.34882893669328463,0.23147797702978226,0.05605120661341985
2024-03-11_039CP,2024-03-12_044DY,59549,0.3535782623245362,0.7556833249080751,0.688891649516712,0.22853664167693288,0.1391222386278417,0.5669531126438867,0.4544804129967578,0.1049190645774925
2024-03-11_039CP,2024-03-14_038RL,56060,0.39688822737360296,0.6603400349213351,0.5962740711581682,0.43079827249079894,0.19370928106684143,0.5404598336358911,0.45857175221825097,0.19931710889207585
2024-03-11_039CP,2024-03-21_032WS,56446,0.097489664193143,0.2120547833837903,0.10691723485129702,0.31702524028018736,0.013388382664973195,0.10660177211418961,0.0027921880744238283,0.1213935223351373
2024-03-11_039CP,2024-03-21_036RL,49091,0.252088410264905,0.48844002283895444,0.4616130948873394,0.20365705134359133,0.13491249675644773,0.4455352300066759,0.35723559557120294,0.12220956180285585
2024-03-11_039CP,2024-03-28_010AJ,36509,0.027361772609800224,0.31901298797476824,0.1972817682738869,0.2456091389658869,-0.024806921191532435,0.05311510872364205,0.0005261429264300436,0.09287950799672347
2024-03-11_039CP,2024-04-09_019WR,47406,0.3563079672604206,0.5921725748302962,0.537557069865681,0.2563859749224158,0.18058392072067822,0.4169445565019757,0.3418709390647922,0.07180938372904017
2024-03-11_039CP,2024-04-22_025VP,40777,0.009839736989911951,0.24243711531461345,0.23348687360197526,0.2675920295146477,-0.022834612953922962,0.17753070752147185,0.169014080660424,0.08611123207043772
2024-03-11_039CP,2024-05-06_043AS,56838,0.3174094534741118,0.6404486571764813,0.622843505519122,0.3429273551791104,0.1414224650505395,0.4679208308022399,0.44433487182723097,0.14238191048295457
2024-03-11_039CP,2024-07-03_044DY,47205,0.2832663975872787,0.5543054408373229,0.5116558836868333,0.24835847522114624,0.059748053206003744,0.3647207092936542,0.2891951859891838,0.0216361961844828
2024-03-11_039CP,2024-07-29_004DS,43728,0.08149435898457669,0.22619246307273258,0.2423093201976469,0.09155488991607605,0.11708506281822766,0.34885889676397785,0.3350764438517412,0.11048876234528189
2024-03-11_039CP,2024-08-12_013VM,62873,0.315998236387675,0.6325220328780495,0.5080457636718709,0.3304498761341054,0.11986287813605147,0.38259846104740647,0.28190642040216196,0.13596927360929525
2024-03-11_039CP,2024-08-19_015HK,68515,0.36193999485486633,0.7591920471394664,0.6371707442054969,0.475153511031701,0.20386741922126175,0.5845191105278943,0.4640685799745992,0.19595182386684573
2024-03-11_039CP,2024-08-21_044DY,46221,0.2761960327708737,0.586441536500515,0.5592447238504852,0.20664679404255284,0.061211688929563766,0.3433343833134134,0.3240440339840246,0.06374915595177784
2024-03-11_039CP,2024-08-23_016PG,65535,0.30993489724302453,0.5765575307674565,0.4620985181409453,0.34351893675169337,0.14437248045727982,0.3689228219289666,0.27195218053997033,0.04308073780903174
2024-03-11_039CP,2024-08-30_014KS,65644,0.39887952103784663,0.7380967095128763,0.5920119565278259,0.5364729669945636,0.2336770885339053,0.6176562491054971,0.4528297632443018,0.2310964012269227
2024-03-11_039CP,2024-09-03_041WF,62388,0.3354206934338381,0.6586583829901185,0.5933127582697306,0.3030726137222152,0.11627781536099316,0.46788740133094514,0.3712677719461519,0.09919079158982554
2024-03-11_039CP,2024-09-09_043AS,45279,0.19913611191781636,0.4972860770760252,0.49150048535867835,0.21793299992735843,0.046850128218783565,0.40296140939904684,0.3679440149927091,0.08113981101912919
2024-03-11_039CP,2024-09-10_008TP,51170,0.15691690645221693,0.43245189227970865,0.4097951931243874,0.14390700239396165,0.04030445330771065,0.19172997728959093,0.16434846948010995,-0.017911731620070034
2024-03-11_039CP,2024-09-10_045VS,42450,0.23256290728218065,0.49737668562643644,0.46176205579257207,0.312193607922147,0.0989542936394472,0.3876221398449382,0.37559341863852763,0.10590163529483704
2024-03-11_039CP,2024-09-24_046AA,45091,0.27498474096344133,0.5704034237594298,0.4935621061054393,0.3359418923969383,0.14527231305417856,0.41123979546696954,0.2858629773790085,0.11283173860791193
2024-03-11_039CP,2024-09-26_009ML,63648,0.2769252198000796,0.6093734390099591,0.4684334077643381,0.5000292599289293,0.15875706774308743,0.5037147483705805,0.40027078398763927,0.21158079742824523
2024-03-11_039CP,2024-09-27_036RL,42230,0.13081422333703097,0.293850744038114,0.2553971161987129,0.19483872363572674,0.11999315252132389,0.388877653402339,0.3074333640755719,0.0793154309786438
2024-03-11_039CP,2024-10-02_011CN,44170,0.006126715818511313,0.17336926875767075,0.19193977837775175,-0.006107379540998631,-0.029288892095467926,0.06994395606089715,0.14725069591357967,-0.09434650118450492
2024-03-11_039CP,2024-10-10_019LR,50830,0.1875901298005081,0.3698006707134921,0.35950377634320224,0.02827920885057709,0.07892154964710228,0.29331995407910827,0.22007580379503972,0.017651146880789868
2024-03-11_039CP,2024-10-16_020JS,44306,0.03232219020249508,-0.026201836873292854,-0.0516354546147539,-0.033471100445031716,0.022209061226930425,0.020475483821576573,-0.01629428940024404,-0.018475888611234906
2024-03-11_039CP,2024-10-17_048JJ,48158,0.20147570308238835,0.29679642859219424,0.22186725655379314,0.2578185302164657,0.10453087151357562,0.1937276975071237,0.11125216380162076,0.10816759855603007
2024-03-11_039CP,2024-10-29_049WG,42242,0.2882062148553046,0.39850712501306457,0.3359138046487369,0.14475659888545123,0.12083073961814193,0.28424914202590945,0.19249464305748126,0.016925212471859213
2024-03-11_039CP,2024-11-05_023LL,36650,0.22117309747819597,0.4385873034136876,0.40201735415512946,0.3592109643983119,0.13140802222651163,0.3651613752506105,0.27935848969843713,0.22124478910776457
2024-03-11_039CP,2024-11-13_025JC,70461,0.47075876174908576,0.8086799936501327,0.6832026263548221,0.4353055282346141,0.35460899752672537,0.7073713222956605,0.5148875407908271,0.17530776408610127
2024-03-11_039CP,2024-11-26_050EH,52970,0.26312496248083916,0.4439258990440767,0.37575621107333756,0.21472274861368257,0.17993399754753303,0.3832397002979646,0.29151199364601743,0.06576655101741304
2024-03-11_039CP,2024-12-05_043AS,52134,0.42285929301957337,0.6723640429935479,0.6181777927924066,0.08755709373288177,0.24630481573624535,0.5669640225081786,0.46084249801681026,0.013586442917911005
2024-03-12_006KL,2024-03-12_044DY,35258,-0.16974437726146754,-0.5055044654954569,-0.46438956090648786,0.004135259061865348,0.007409164633139274,-0.06588047365706644,-0.07720214716797505,0.0283903930592784
2024-03-12_006KL,2024-03-21_032WS,42809,-0.09810815629348388,-0.3036297845132244,-0.272417449015438,0.031533424168882704,-0.017178806103318674,-0.09418838479230647,-0.053454335549340974,0.03026355714456626
2024-03-12_006KL,2024-03-21_036RL,43674,-0.06871510010729102,-0.35576390574208344,-0.2853311769293935,-0.04032830008546728,0.0253962977559231,-0.04664010663234791,-0.03925771798952982,0.011998068254059692
2024-03-12_006KL,2024-04-03_040RP,34204,0.06546172366575792,-0.3362142398852895,-0.33305885156463194,-0.01286819021372668,0.0261096873431454,-0.1603733823317694,-0.17174291003319453,0.037490338223013585
2024-03-12_006KL,2024-04-09_019WR,37687,-0.14101063286849086,-0.34836743494706107,-0.30459463383221225,0.003589846794019574,0.03802058878100672,-0.006098348444515,0.03722394524393282,0.039675403599045436
2024-03-12_006KL,2024-05-06_043AS,35139,-0.0787661809533381,-0.3344697793222569,-0.308758057191475,0.09921789194865538,0.05759212024287631,0.014189963113028097,0.041942795421751264,0.0908392850332142
2024-03-12_006KL,2024-07-03_044DY,37269,-0.12560448574877217,-0.38542637062155877,-0.3355283666065859,-0.04900798031150804,0.07398371948633116,-0.07296305782639045,-0.0036906059709564693,0.06905305534019118
2024-03-12_006KL,2024-08-12_013VM,40455,-0.16204977442685733,-0.4852198296743115,-0.3565331846060526,-0.08205220093804519,-0.0026376951323322413,-0.0783797434182977,0.01286788176947417,0.00928414201104596
2024-03-12_006KL,2024-08-19_015HK,35090,-0.20031382069664697,-0.5121279158958775,-0.4377909605062012,0.009025867103709314,0.01095041391162539,-0.13044007096443566,-0.0836771178980855,0.07795937035887289
2024-03-12_006KL,2024-08-23_016PG,50236,0.04148494208618024,-0.1561835512017573,-0.0976125047844611,-0.07820563869921851,0.21237224892416368,0.14835277594717441,0.08610317787505233,-0.017217706485803386
2024-03-12_006KL,2024-09-03_041WF,37457,-0.12714523666226385,-0.4602082178368794,-0.39914753034279177,-0.051147218093730976,0.0670390764556062,-0.1125252794672948,-0.02958217585506362,0.07348403239692088
2024-03-12_006KL,2024-09-09_043AS,37303,-0.08981819231333175,-0.35123350208521165,-0.317053137822491,-0.056882593958724866,-0.013399027543152395,-0.07286054736358431,-0.030464586865218222,0.009485563963336633
2024-03-12_006KL,2024-09-24_046AA,41164,-0.09188331008412601,-0.3981566538424538,-0.3267332067880226,-0.048232716810199666,0.09286794058430418,-0.03714270633464102,-0.023336401085200385,0.019657033242625452
2024-03-12_006KL,2024-09-26_009ML,38783,-0.12124368165288443,-0.3111264153605001,-0.2208567717073219,-0.025022343467470298,0.011844472107489451,-0.04148491029893245,-0.016735364390818387,0.05523372419120375
2024-03-12_006KL,2024-09-27_036RL,44332,0.03264607537204516,-0.21237347334295706,-0.16216434251383735,0.08731649745434855,0.06782801045342779,-0.029457926261625068,0.004731085560389088,0.07627802033848481
2024-03-12_006KL,2024-10-29_049WG,39653,-0.0346167160144697,-0.28800796722632616,-0.22059094342593372,-0.1618862616802193,0.13559094108001316,-0.1012527882313548,-0.06731650117960852,-0.09578712171544465
2024-03-12_006KL,2024-11-13_025JC,35379,-0.0904503867187322,-0.43538002579577134,-0.29543817618812696,-0.0758768145411822,0.0388756633561372,-0.1188365003972767,-0.018515845607783823,0.09700682958900643
2024-03-12_006KL,2024-11-26_050EH,42465,-0.01844221142802635,-0.40022562542762175,-0.2642513945244884,-0.06500467486409435,0.06595890532680192,-0.05405336207990098,0.03938391825409622,0.00923551543361665
2024-03-12_006KL,2024-12-05_043AS,33156,-0.16840327763711474,-0.505367017555921,-0.49529247576268315,0.05813456250985543,-0.028257107427570823,-0.19918981367507868,-0.16803530234687392,0.014819811577671151
2024-03-12_044DY,2024-03-14_038RL,64323,0.5304685166567396,0.7711603494453365,0.6724145555698293,0.37282387485235396,0.35361151223282394,0.6385275012117426,0.503712896471931,0.15784257199335228
2024-03-12_044DY,2024-03-21_032WS,63916,0.11131419508248622,0.31754708845185425,0.22975094670066504,0.2558234002978817,-0.04553967536201128,0.06622719113661425,-0.011690976929225196,0.06223812545499226
2024-03-12_044DY,2024-03-21_036RL,63384,0.31052847544560064,0.5177987579180205,0.5152335039183186,0.1547562378941531,0.16129346581012124,0.46920206266128617,0.383212786754186,0.11524320471848745
2024-03-12_044DY,2024-03-28_010AJ,40790,0.1507423447007214,0.47581590829696574,0.41513315989899185,0.20155372077737643,0.018021675196742488,0.1747908710239592,0.11275866481089565,0.1076579342135158
2024-03-12_044DY,2024-04-09_019WR,53515,0.3416867397600229,0.5923757578641189,0.5168723851741216,0.3383069971674724,0.10871855272619872,0.3904546357637535,0.2788993757146364,0.13233400049497945
2024-03-12_044DY,2024-04-22_025VP,46137,0.2818634468896596,0.4477071836551207,0.43263982237500753,0.32606807441927627,0.22524112279870753,0.3034842526569951,0.28451275277168603,0.11745818751056694
2024-03-12_044DY,2024-05-06_043AS,60386,0.37411393030197737,0.7338646990863993,0.6835989738799404,0.3633674079817647,0.20214554865635576,0.5741997089166514,0.48859497390561735,0.1611405432742264
2024-03-12_044DY,2024-06-18_003PM,38002,0.306532851554314,0.3615749971167231,0.29806615738021786,0.29519176782362944,0.2803229956632917,0.3588698584153264,0.29992188213367243,0.11345584974612707
2024-03-12_044DY,2024-07-29_004DS,43088,0.313667900940374,0.3038859345251644,0.32460372009627025,-0.05289877817133441,0.27454817313628943,0.390893584229452,0.3262787779883167,0.013909786965105976
2024-03-12_044DY,2024-08-12_013VM,72986,0.3855500591552918,0.6316147419000159,0.5560247823433007,0.22951539253225048,0.21590500108591368,0.40538426150293044,0.3142652379237871,0.12915425800700098
2024-03-12_044DY,2024-08-19_015HK,68724,0.42072315380763187,0.7594242005786084,0.6799745901780051,0.40989139485296683,0.1415285717786833,0.5427473560866743,0.4112216260751235,0.1497509107842358
2024-03-12_044DY,2024-08-23_016PG,76099,0.3820347059979013,0.6368195066427715,0.4999746248189321,0.28703804991101517,0.22377211558498514,0.39114340164998923,0.26213029402116345,0.06234657319790653
2024-03-12_044DY,2024-08-30_014KS,63175,0.2927343726264821,0.6304161721088136,0.5061822788726126,0.3084866831928691,0.10607045951746706,0.46793152097136076,0.3179145027031685,0.06697448739327984
2024-03-12_044DY,2024-09-03_041WF,74964,0.4583693072802222,0.7876739035428709,0.7310727583498072,0.2751683309324937,0.31449192391309894,0.6455644692328213,0.5322991266191645,0.09512269639461836
2024-03-12_044DY,2024-09-09_043AS,58321,0.3362575727839838,0.6433207733961461,0.6248127670950989,0.3736760945298451,0.17378917447332887,0.5061214431816179,0.4564668483219869,0.15376235729729928
2024-03-12_044DY,2024-09-10_008TP,51182,0.27660464967425225,0.5886054231665582,0.5322982169006226,0.03277355246733797,0.058771825306927164,0.3240476968215754,0.2536042820528969,-0.045564482074637334
2024-03-12_044DY,2024-09-10_045VS,50445,0.2941830245855693,0.5475672883936173,0.47574212420438505,0.3847324422268008,0.1975843183364384,0.40576279309070906,0.32044719151415024,0.14915042259954328
2024-03-12_044DY,2024-09-24_039CP,59453,0.36795728685427637,0.7227613338320497,0.6516088723316037,0.22707650200294077,0.15598290968172404,0.49839521420308774,0.39939765385249554,0.10032825848855231
2024-03-12_044DY,2024-09-24_046AA,60134,0.37961451161538756,0.6517363406305376,0.6178295247088639,0.12115692818580173,0.2147787175134465,0.5006310165415301,0.38982969092129005,0.018239176415816995
2024-03-12_044DY,2024-09-26_009ML,70246,0.37811692215976084,0.7036827683474014,0.5693326992377162,0.29103425788069065,0.15536231435206216,0.5334885873267095,0.3637190789853563,0.07819745355969986
2024-03-12_044DY,2024-09-27_036RL,57989,0.2232247965583027,0.3513036033262627,0.33457355967903224,0.11248991378536653,0.2259720194187801,0.4481767512264091,0.35021283531762154,0.017373187248583742
2024-03-12_044DY,2024-10-02_011CN,49528,0.117748277280849,0.2737367082816537,0.24885886445394967,0.06919305692137133,0.10902089450635527,0.172245745583351,0.15232245870624955,-0.01933422481281344
2024-03-12_044DY,2024-10-10_019LR,55588,0.3138419725749013,0.41295403754926147,0.446950004239955,0.10720580382159,0.15835567784149385,0.37086212197826807,0.34404839596706843,0.10141837823192233
2024-03-12_044DY,2024-10-16_020JS,47674,0.03810596901631575,-0.09563648615265308,-0.09542983232242111,0.00729584917820672,0.05148236729805634,-0.06398909781794614,-0.0605772186410902,-0.011429609596842052
2024-03-12_044DY,2024-10-17_048JJ,55878,0.12594022459047066,0.2775122457601534,0.26797956327540423,0.1748326791085091,0.032643738079428226,0.15043963988199652,0.11042103121301275,0.05974949699659775
2024-03-12_044DY,2024-10-22_021CH,46069,0.03472354756345003,-0.07954987413252718,-0.036656471921650044,-0.08504107131773997,0.13203779889569991,0.08876907343477371,0.09296908685281126,0.0021981276736099133
2024-03-12_044DY,2024-10-29_049WG,57038,0.33522598702972456,0.5046809756993849,0.41219491738856995,0.2326367425363012,0.1531214748531274,0.41036034276372724,0.2720193681553784,0.030086062429171615
2024-03-12_044DY,2024-11-05_023LL,39745,0.2517737557670784,0.3186746195194247,0.39191560935466235,-0.02932107027960933,0.17109953954364554,0.37320738586135094,0.3175632780383964,0.014863636171016076
2024-03-12_044DY,2024-11-13_025JC,69992,0.39047953497944843,0.7524104888071417,0.600010393064936,0.3011194651478681,0.1644185238634014,0.6049593145123985,0.3903594770977519,0.08591185145955069
2024-03-12_044DY,2024-11-26_050EH,68460,0.36589396626622434,0.5264674309205649,0.4723788478669728,0.16619899578440148,0.246285980124356,0.4052532853785248,0.32047879201366003,0.03158670249414827
2024-03-12_044DY,2024-12-05_043AS,59625,0.41117039238683556,0.7072305878646902,0.6827150660379809,0.201274811145022,0.2278473577410294,0.4852558233481781,0.42505203310527484,0.0744238710602488
2024-03-14_038RL,2024-03-21_032WS,64563,0.02367056123228962,0.043786630448198784,-0.011225910250605695,0.25021201364397994,0.031731364210983354,0.06929017778647892,0.06080183287644265,0.0387919421091618
2024-03-14_038RL,2024-03-21_036RL,61247,0.3108332763531958,0.46726164783108887,0.49445291417707476,0.0608813637884864,0.2790966354451786,0.5102450628110488,0.4555640971598344,0.07936410893629174
2024-03-14_038RL,2024-03-28_010AJ,42353,0.09981962153798522,0.39452423684617977,0.2857979255728589,0.32413087203645996,0.04104492257754431,0.0830365263197254,0.032979065136432235,0.08319743423739619
2024-03-14_038RL,2024-04-09_019WR,64187,0.5006716365156192,0.7189222138220572,0.6493293391747758,0.6087817196412062,0.31191513213502636,0.5342092676912149,0.4398030687234268,0.24295424836062385
2024-03-14_038RL,2024-04-22_025VP,37268,0.007765759773172527,0.21275495475506886,0.19563507853485798,0.28556292279615886,0.03976576339354589,0.12265707625503076,0.11575789962918903,0.03322372060935106
2024-03-14_038RL,2024-05-06_043AS,69510,0.48043466122333867,0.8031057762013636,0.7388531047446348,0.5709607116601559,0.30052228032680006,0.6481150823476562,0.5671833230295541,0.26422715347224346
2024-03-14_038RL,2024-06-18_003PM,33176,0.3261035023374638,0.4169126178288055,0.3094609672150944,0.40376369076595064,0.26848564424203164,0.37328106492917945,0.261731631411634,0.20601050130823434
2024-03-14_038RL,2024-07-03_044DY,55224,0.49699737094871177,0.725305562517119,0.6113757394815552,0.6173572761366752,0.15732247042463557,0.5408390228510622,0.3912702464925991,0.2377195068870009
2024-03-14_038RL,2024-07-29_004DS,40708,0.16135129834060805,0.13742089973629482,0.18669747708786907,-0.06363365843136991,0.2339909727630475,0.3545882797529898,0.3067796490620432,0.03398743284775719
2024-03-14_038RL,2024-08-12_013VM,70850,0.36004695564879025,0.4424592507508229,0.38934185114044745,0.35417311126748946,0.252387568684674,0.3343579007359386,0.25394969145872653,0.1506406599834223
2024-03-14_038RL,2024-08-19_015HK,67835,0.36976668923469397,0.6288903121657778,0.5270119637183356,0.596953626343558,0.18954912888059075,0.4763159090698845,0.36284941259244263,0.217008832679278
2024-03-14_038RL,2024-08-21_044DY,57014,0.4965105310875936,0.7664628329779128,0.697870342261332,0.5011377770741243,0.2565050538255868,0.5860394042739521,0.5149098795794287,0.14400150663352304
2024-03-14_038RL,2024-08-23_016PG,84907,0.5416925263232115,0.7199441543059217,0.5610590015805743,0.5722239523032414,0.33931912017819554,0.5439862117139086,0.33307703396841243,0.17445010628738652
2024-03-14_038RL,2024-08-30_014KS,60413,0.2777816812753386,0.4405219484403557,0.3865126431937544,0.48622695218515594,0.20323621361080327,0.4282649329937585,0.34686586881369613,0.16265261922250981
2024-03-14_038RL,2024-09-03_041WF,78286,0.5743666563075654,0.8366546492550813,0.7375600732736812,0.6414844864176679,0.3403358963637991,0.6768472780703899,0.5224374934320422,0.1961244379144372
2024-03-14_038RL,2024-09-09_043AS,58149,0.4560070794411393,0.6525447751568849,0.5891134719834624,0.5078226027468953,0.3425313524837866,0.5833354873372705,0.4983340650291178,0.25862809968403017
2024-03-14_038RL,2024-09-10_008TP,54184,0.33155738506820487,0.5615278993138917,0.5299646024236603,0.18359836867096863,0.02705514393952955,0.3792423390235981,0.22890050788369015,-0.014953361432075528
2024-03-14_038RL,2024-09-10_045VS,51675,0.34230994883930627,0.6050365015629401,0.5292734501989619,0.5983004139230998,0.22108681816967887,0.48030256482326983,0.4349481918528576,0.2525261724560562
2024-03-14_038RL,2024-09-24_039CP,61424,0.46199681482956195,0.715838861578931,0.6742161211116503,0.5433260471150932,0.28886630935009927,0.6171331643217413,0.5288869073576242,0.2542208430312647
2024-03-14_038RL,2024-09-24_046AA,60200,0.3384440042987298,0.45555574901333407,0.4087465113441969,0.30461306134882576,0.3234488130276831,0.4630352949717101,0.350784936909029,0.14010363476611418
2024-03-14_038RL,2024-09-26_009ML,72290,0.34104018287665605,0.5315235068540827,0.42713096678745305,0.5759832389187118,0.22885243813635972,0.5137361537515904,0.42058102569591743,0.28314274657732263
2024-03-14_038RL,2024-09-27_036RL,55078,0.2006282639108136,0.25075744569575953,0.2616184148623008,0.0624341502993692,0.29232601291130655,0.422547516185535,0.35832902547836043,0.031289152809837996
2024-03-14_038RL,2024-10-02_011CN,53747,0.3480968667702464,0.568883925679147,0.6005631343955966,0.1647149588891353,0.24763150777196186,0.44172718005099465,0.4456425521201123,0.002712608605614426
2024-03-14_038RL,2024-10-10_019LR,61954,0.4049644816518533,0.5140594233542086,0.5638960356373753,0.13235342661659422,0.274374227123333,0.5355681889881715,0.5174928796841197,0.11163264607146839
2024-03-14_038RL,2024-10-16_020JS,51433,-0.050444425611554024,-0.05390552048853812,-0.05519432231652036,0.024747690250143138,0.027049632335297655,-0.07217514227579946,-0.09468394544493584,-0.05436210885472766
2024-03-14_038RL,2024-10-17_048JJ,60308,0.22887571386018385,0.28349947503061385,0.21657876917767227,0.28217806210004825,0.12208298447597302,0.20872310134757757,0.13727769771448936,0.07019148416566871
2024-03-14_038RL,2024-10-22_021CH,49323,0.07926156372283857,0.010643559990700779,0.11579202671394903,-0.047729047521366155,0.20463480439948697,0.149578785090273,0.20588350212360929,0.038559560197435595
2024-03-14_038RL,2024-10-29_049WG,53704,0.4276812429401489,0.4972953950181763,0.38673250698500866,0.28082981392421263,0.295238419550358,0.43373219692847237,0.3101286617864832,0.07414797882715837
2024-03-14_038RL,2024-11-05_023LL,38777,0.17867392890108108,0.25630828947873974,0.2704212656697002,0.18410710460558943,0.14457827505091708,0.22438526168930822,0.2027676147597274,0.12681067259216927
2024-03-14_038RL,2024-11-13_025JC,64726,0.38459482513466187,0.6131832436295892,0.5008850558004244,0.5972224912952777,0.25105631691263075,0.5734238237929122,0.38781283918316894,0.29298752884459117
2024-03-14_038RL,2024-11-26_050EH,66412,0.34155280277501837,0.42737140521908484,0.4255811743916784,0.22238384697570135,0.26430916838230356,0.49228464291023544,0.3897615915053836,0.0776683318511496
2024-03-14_038RL,2024-12-05_043AS,49261,0.3104889352461251,0.46063760975245216,0.37693446414290943,0.13964885281456216,0.22034299549170636,0.36951853312727484,0.27884480230124314,-0.035927888882059875
2024-03-21_032WS,2024-03-21_036RL,85781,0.33588221324174256,0.5094031265878163,0.43339840357735565,0.3028780632729568,0.231324280505946,0.36604224963510185,0.2855764135345791,0.13709134164149278
2024-03-21_032WS,2024-03-28_010AJ,52811,0.14763856531087494,0.4194744822918478,0.35843928700730315,0.20280023290152482,0.06313140230215876,0.19830225087100556,0.1690747337760092,0.058771364859729884
2024-03-21_032WS,2024-04-03_040RP,52321,0.08484777593321474,0.3057220147448664,0.27745112655203047,0.18488131867066446,0.0473885299500112,0.10235671361266066,0.10076199180847416,0.0401978934135292
2024-03-21_032WS,2024-04-09_019WR,66182,-0.04801321380949978,0.09972051002642136,0.03917358969395184,0.24865982123034922,0.006656784615820229,-0.004794676524834591,0.020025672456996078,-0.011855756255191427
2024-03-21_032WS,2024-04-22_025VP,47408,0.2545198410034109,0.6718159249102322,0.4502957795055411,0.39808127864243065,0.07055526027244696,0.3946583369886036,0.17718533633322117,0.1221918273222049
2024-03-21_032WS,2024-05-06_043AS,63841,0.0050488044411720594,0.0581064369480525,0.024229010055575217,0.3101072839008271,0.0019325282667901598,0.02034662284952989,0.017993852128407144,0.08933816126709565
2024-03-21_032WS,2024-07-03_044DY,49936,0.006433110267836957,0.09759126895851263,0.06526725453004745,0.0953655889018227,-0.09577189232348884,-0.09994110370761204,-0.15554788446415826,-0.02841306595882031
2024-03-21_032WS,2024-07-29_004DS,44816,0.015304333723912154,0.25202956445850905,0.23954881124998317,0.04362524679986417,-0.024657876702767263,0.13326114212341877,0.09022581157222333,0.040253797377647685
2024-03-21_032WS,2024-08-12_013VM,72580,0.09482760353137303,0.30531426302462455,0.23877629664285968,0.1917768015501432,-0.021785030912581153,0.0563125786997563,0.014536136487181531,0.03773687277036721
2024-03-21_032WS,2024-08-19_015HK,74291,0.22870311278907812,0.3910294456366307,0.26445336648664663,0.35156499619942205,0.15926498232883426,0.32526017000412716,0.20647535956895705,0.09446087506546151
2024-03-21_032WS,2024-08-21_044DY,53703,-0.027074791254808654,0.14110620105033123,0.11404390234101888,0.21195710574096807,-0.026478494994068253,0.017312074775346582,0.006798326393560381,0.0028394874150265794
2024-03-21_032WS,2024-08-23_016PG,89332,0.15226627446944438,0.32933539377022913,0.2067823073590559,0.2463596962974313,0.0695968094636886,0.12326414087682569,0.014053520246426358,-0.03170829079656329
2024-03-21_032WS,2024-08-30_014KS,71408,0.296345398463912,0.49648987423586904,0.310767705864733,0.47480063376948295,0.21299288824783538,0.40087802503343656,0.237468835557254,0.18144144246368032
2024-03-21_032WS,2024-09-03_041WF,74782,0.11300775565743962,0.25806485647468697,0.22797138166895786,0.16457708375144836,-0.0332657250687461,0.0799304525242954,-0.0030951433120493827,0.00040556380258797433
2024-03-21_032WS,2024-09-09_043AS,49989,0.02055496579980929,0.13527694481178726,0.11058391991065267,0.2019552721569956,-0.048904673996604545,-0.06394862674792809,-0.06893014596999263,0.014354599139691395
2024-03-21_032WS,2024-09-10_045VS,47416,-0.040303304588193915,0.21079578595804854,0.13818476274033228,0.3193700236959756,-0.02998051674355087,0.11122500067311332,0.07919071392690187,0.07933310293719899
2024-03-21_032WS,2024-09-24_039CP,54113,-0.015928814332978783,-0.011949030193677199,-0.041827327222890384,0.10427454190306934,-0.05620852071133126,-0.049105321059279824,-0.05669470881483144,0.04242434195520313
2024-03-21_032WS,2024-09-24_046AA,73287,0.22674711133493874,0.5244309009114442,0.3904271843864794,0.3884467796846496,0.13468442319446722,0.2860701754644611,0.17110395504200257,0.07057505254490481
2024-03-21_032WS,2024-09-26_009ML,68884,0.11287394400670163,0.37148587123077387,0.27337508606057215,0.32498364837498184,0.030342423572561193,0.19067535527144083,0.13317258826960734,0.07994450368627616
2024-03-21_032WS,2024-09-27_036RL,74624,0.3837571840979054,0.5566777757068149,0.47582042452395173,0.3841319450167654,0.27934961373275513,0.39893373809272675,0.31954474045079756,0.14245275718248385
2024-03-21_032WS,2024-10-02_011CN,55652,0.07355660178480554,-0.034856184218182575,-0.011403438739240612,0.013935320441272723,0.0305665934966352,0.01084868034221103,0.03396350139464185,0.0009199582874199546
2024-03-21_032WS,2024-10-10_019LR,68968,0.10402388629527212,0.11732701492877451,0.1350742643818076,-0.04352528880809248,0.005266129785336067,0.07523907101746957,0.05274857464247881,-0.07556725846656961
2024-03-21_032WS,2024-10-16_020JS,80231,0.17707595397552364,0.017055027912193054,0.04672120022849877,0.11826122454301892,0.15224707511165644,0.17277351903858845,0.18835012649600277,0.09461576833894976
2024-03-21_032WS,2024-10-17_048JJ,80877,0.3014885312837505,0.4258679934464711,0.38153166688225304,0.29260757048986097,0.1976214105483135,0.33017289207795697,0.24413137657168288,0.1063464399796842
2024-03-21_032WS,2024-10-22_021CH,58566,0.032689718169650196,-0.03229415406039367,-0.017452898659215454,-0.05112974107579232,5.019313046206049e-05,0.0684700355883561,0.057976930921879055,-0.051874210879737905
2024-03-21_032WS,2024-10-29_049WG,64828,0.11689635570819515,0.3472144347352557,0.24626905553044143,0.2799893271901798,0.06315639464426018,0.18605194614563453,0.13026840380598317,0.0568683148272326
2024-03-21_032WS,2024-11-05_023LL,49496,0.18410795463561472,0.12921385309385708,0.14372006940677737,0.11328939315828183,0.118007248666227,0.12414822120197126,0.13936112202611775,-0.01810502484619103
2024-03-21_032WS,2024-11-13_025JC,69889,0.12644093354495817,0.26886211577438984,0.09386506712071316,0.14546841465563667,0.032644699783348934,0.2199473189040494,0.05084302355044261,0.038898533206653825
2024-03-21_032WS,2024-11-26_050EH,79664,0.17326700583886714,0.49779349143934787,0.3989599697157088,0.30468496785047233,0.029525748610978845,0.22244368899711003,0.15604505410212308,0.08003650950925097
2024-03-21_032WS,2024-12-05_043AS,71816,0.29786653667440566,0.594382450095347,0.49540333276338383,0.23989273672428635,0.13667520266062105,0.3608746793139828,0.24247899410745286,0.021588671948342863
2024-03-21_036RL,2024-03-28_010AJ,47393,0.20114754193889503,0.5260346917991451,0.3974626672950067,0.21552030696107433,0.09412453717081394,0.28667275389002445,0.15168632736322124,0.09754633563811449
2024-03-21_036RL,2024-04-03_040RP,54181,0.061255982810166365,0.3454817651901057,0.3343337955848124,-0.04387751016243196,0.1261326464675545,0.25820738624560463,0.1867196170907654,-0.012017423643822366
2024-03-21_036RL,2024-04-09_019WR,63892,0.22548069309354002,0.3609398698272258,0.3841366277208511,0.043104453286070356,0.19740609466253534,0.30167574584686535,0.2800658588952603,0.021705823764164786
2024-03-21_036RL,2024-04-22_025VP,44549,0.22283969569973827,0.4458390656341664,0.3665803257311596,0.06108278015937662,0.1145645897371537,0.2733891441242682,0.1756031657515635,0.053595317135238685
2024-03-21_036RL,2024-05-06_043AS,60282,0.22964566675690948,0.40057225099390337,0.43950566534529417,0.17519052635930166,0.16792638760045636,0.4218970436770157,0.3934530552004557,0.14247557995213148
2024-03-21_036RL,2024-06-18_003PM,32601,0.13349663962047983,0.3079325292531948,0.30223128653356246,-0.002117880092194124,0.006989099220605936,0.1586421042147342,0.0679481513435511,0.02230071974848103
2024-03-21_036RL,2024-07-03_044DY,53500,0.2473824305863005,0.4037727403373483,0.4186862335035786,-0.06873411455751004,0.05763413699760845,0.32601435231983117,0.19571820961800343,-0.06797159531554005
2024-03-21_036RL,2024-07-29_004DS,40335,0.172623574393711,0.44955833775140286,0.33616383973593433,0.34559039893166055,0.08636865000358179,0.3324717979008941,0.2642173448075039,0.0874739302690387
2024-03-21_036RL,2024-08-12_013VM,68245,0.29568295637509784,0.5452635390691446,0.4574970198353235,0.18260225801715524,0.1542210018618809,0.32545837451680965,0.21281713760245913,0.08425575180045096
2024-03-21_036RL,2024-08-19_015HK,63076,0.3977191704393928,0.5613542473968337,0.5300129667312201,0.19681545699437614,0.27032320514203906,0.4933130565114712,0.41252219401355816,0.1328028683066644
2024-03-21_036RL,2024-08-21_044DY,54456,0.2129586206931507,0.43347410478435217,0.4688009113830331,0.12590174690909772,0.16327653588477967,0.36854072641829944,0.35102440337200647,0.08561543945492814
2024-03-21_036RL,2024-08-23_016PG,83215,0.21100840040605257,0.4256673619205948,0.37003672472658033,0.05898536975115935,0.12770537918620015,0.3084152573459525,0.15958677648460223,-0.07166624302828867
2024-03-21_036RL,2024-08-30_014KS,59549,0.24823440984242406,0.4367612497630303,0.3829339822633178,0.24518852432862642,0.14605651975315348,0.37912114950788095,0.3106132466800944,0.1480155144554394
2024-03-21_036RL,2024-09-03_041WF,70386,0.28997398109192074,0.5068035676873597,0.520870803761355,0.010626971011650216,0.0848288917904481,0.38884751912624915,0.28848134677989334,-0.012828716301987458
2024-03-21_036RL,2024-09-09_043AS,54122,0.27496778558642415,0.46462609464048915,0.5010835689993608,0.03771603981612745,0.1169611554315551,0.40237657071133176,0.3383226254360604,0.0578515292986115
2024-03-21_036RL,2024-09-10_045VS,45696,0.1622165137044639,0.32137532574541916,0.34639061630780577,0.09132048108364975,0.1592707399740466,0.3506872642192204,0.3069262423813347,0.09727149738976282
2024-03-21_036RL,2024-09-24_046AA,75422,0.38705396627998223,0.649852104771427,0.5811822503839051,0.3500309255338863,0.2528467411479397,0.5064261096044601,0.39723680776277304,0.11667664546963534
2024-03-21_036RL,2024-09-26_009ML,64486,0.32797352781145617,0.4942116478639473,0.47496105122931204,0.2719716589339023,0.20722898142678478,0.4694170574476681,0.3977652353688865,0.1250688435536628
2024-03-21_036RL,2024-10-02_011CN,50925,0.0634461819642614,0.17546011627688335,0.2233304056485616,-0.12106152670470964,0.04345569306850177,0.16013678828724398,0.12977715854247424,-0.04303701257420481
2024-03-21_036RL,2024-10-10_019LR,61907,0.33508806848841544,0.5102439468636863,0.4693367907994607,0.2748454481732241,0.25738951333853766,0.45650826190356125,0.3876703605211223,0.05731175645768772
2024-03-21_036RL,2024-10-16_020JS,69747,0.27996602366901696,0.2107767293854684,0.18388798554998223,0.08295114062001144,0.19723716104769376,0.17964946048938474,0.15272340393107078,0.04517566494838804
2024-03-21_036RL,2024-10-17_048JJ,72783,0.3225811682440096,0.5321596850681991,0.4752601138799191,0.10745381947748064,0.1873196641388657,0.41979509644548707,0.26948543708863243,0.05314226383656601
2024-03-21_036RL,2024-10-22_021CH,54980,0.06459734752467666,0.08229875221713463,0.08773630355091895,-0.038219135225429725,0.011339845476191938,0.04551068293067504,0.018784681691224808,-0.020185092995478722
2024-03-21_036RL,2024-10-29_049WG,65897,0.3730978789628304,0.5279330608082405,0.4864083943701524,0.11827012000410654,0.2794120234173846,0.46265874437278404,0.3275305020491112,-0.021259741219306405
2024-03-21_036RL,2024-11-05_023LL,45090,0.20564223428981865,0.21592881951345264,0.3169441860872443,-0.040758979756774186,0.1365643596226774,0.3166375377895056,0.29567756545844104,0.06777330739690006
2024-03-21_036RL,2024-11-13_025JC,60624,0.3413052480368436,0.4932441710109689,0.42756208137727064,0.09769992557654718,0.2030850595753805,0.4403167551108165,0.3004917677819197,0.010448913002758391
2024-03-21_036RL,2024-11-26_050EH,82408,0.34754898307633236,0.6543915056165942,0.5327113617410478,0.2824706876854499,0.18559155355620188,0.42581146312018736,0.2939637662599858,0.07076855940202584
2024-03-21_036RL,2024-12-05_043AS,63875,0.30910325763072355,0.46999923122110565,0.4283746239307872,-0.015543822495791379,0.23400762226821026,0.3755844161294438,0.29846964640414314,-0.025545910767244426
2024-03-28_010AJ,2024-04-09_019WR,50257,0.07314612686766907,0.5036466363416808,0.4127076231674673,0.3463297807379478,-0.014446458129407116,0.26700281913227775,0.16348772140325846,0.1397279257481403
2024-03-28_010AJ,2024-05-06_043AS,47152,-0.06007324365376673,0.3584264279176466,0.2599194528333418,0.24755908289429737,-0.10366374721540692,0.04975011384338197,0.010650968640581284,0.029795841871838424
2024-03-28_010AJ,2024-07-03_044DY,33156,0.06442771744315529,0.2755433347681001,0.19929842520107666,0.22109114313215816,0.008962647342073344,0.0104617316050694,-0.04099324222834714,0.04096515662995336
2024-03-28_010AJ,2024-07-29_004DS,31201,0.15808830348359415,0.2733199817257448,0.2353310786939707,0.09952020730864963,0.0928269974939595,0.0664870706442361,0.04867587373954234,0.04310901375674838
2024-03-28_010AJ,2024-08-12_013VM,49231,0.1971130598266289,0.5935466788194051,0.42815369323342817,0.1593988810973747,0.018414797084795858,0.19330046147932156,0.0092625643233568,0.0748339828624036
2024-03-28_010AJ,2024-08-19_015HK,43791,0.13466106257168822,0.4469950980737986,0.34281024714410496,0.27329036630440545,0.06618996049642756,0.22119996212093754,0.1455406500256007,0.06126095215103257
2024-03-28_010AJ,2024-08-21_044DY,40530,0.0849301593039727,0.46255654113979305,0.35148133419340893,0.2472634142543692,-0.06620749917599142,0.1121294028638317,0.03479430934977772,-0.0007005672873138948
2024-03-28_010AJ,2024-08-23_016PG,53683,0.0026715869418156867,0.3656926058061997,0.205539820464144,0.13592192266162353,-0.0363855289515167,-0.026941202485066866,-0.05509029850943919,-0.042079484245349935
2024-03-28_010AJ,2024-08-30_014KS,41753,0.01754143847363603,0.283330743743987,0.13908974536092336,0.2425639754320746,-0.0023995174415593914,0.10419647722840134,0.02183298299614555,0.05188975417744548
2024-03-28_010AJ,2024-09-03_041WF,45854,0.1926684068018834,0.5083140656747883,0.4393472903501455,0.22345439521868923,0.03157276625775426,0.10819965691791143,0.026002436948776846,0.019816942246893184
2024-03-28_010AJ,2024-09-09_043AS,34774,-0.014333562187060112,0.2003751832598631,0.16180178970334808,0.16689624468970862,-0.09703793105302105,-0.0951271108932478,-0.08630170115523289,0.017060513745926213
2024-03-28_010AJ,2024-09-10_008TP,35215,0.10294980879343464,0.3629782344514922,0.25404644868077497,0.1316032377995449,-0.06060185888503024,-0.06938759114625125,-0.0817279348016287,0.06616724092636173
2024-03-28_010AJ,2024-09-10_045VS,36557,0.14197017779496698,0.40969836089656897,0.2881588257707928,0.38578796064461757,0.07641617015130384,0.20022206229055278,0.092372546639816,0.16419968960778653
2024-03-28_010AJ,2024-09-24_039CP,36992,-0.025768545994306415,0.25651128298719383,0.16983442154030623,0.1020417051100988,-0.14414505865531602,-0.056666860693232644,-0.08108858994985979,-0.02221550897939838
2024-03-28_010AJ,2024-09-24_046AA,39138,0.14223522611355238,0.43291053545867814,0.2918469850133874,0.12514523336265768,0.03483274645120841,0.14231744926900777,0.043495929963421213,0.0003030354526952168
2024-03-28_010AJ,2024-09-26_009ML,45144,0.16433129222162435,0.4745576123049372,0.3080030535487989,0.3106750578187523,0.021450473660786624,0.22839408256255184,0.1031274635392237,0.09338914279333942
2024-03-28_010AJ,2024-09-27_036RL,41517,0.08128279490924915,0.33376614282491956,0.2391041484999286,0.0688401619044438,0.03716272122513545,0.15976998767407571,0.05917735695560023,0.0030443750583501114
2024-03-28_010AJ,2024-10-02_011CN,33292,0.10054025835318628,0.06854201712684713,0.06497603633780603,0.14412640080641673,0.13674806229229858,0.0521415854319754,0.08846675117074214,0.04810835447884453
2024-03-28_010AJ,2024-10-10_019LR,44905,0.24829126019933642,0.4600782813427215,0.44569598718499864,0.10213466529953968,0.04205928295038129,0.2047457704258312,0.1575605810732631,0.012991730894797335
2024-03-28_010AJ,2024-10-16_020JS,45701,0.03372084658650871,-0.0523747017003825,-0.009592782006352671,-0.020583871001013127,0.081460323174738,-0.021342007887125907,0.07630552327221711,-0.04801964620158608
2024-03-28_010AJ,2024-10-17_048JJ,45593,0.14879446705432894,0.4204327952327849,0.33585938813174443,0.1582759156826319,0.04508639423449777,0.22808975072358256,0.13603948891897752,0.03076266414256751
2024-03-28_010AJ,2024-10-22_021CH,36949,0.038802955111078646,-0.11217526211671515,-0.03270990663311746,-0.08141994726286375,0.07043371408443345,-0.08826865591577572,0.0019495121823177182,-0.010219052087342785
2024-03-28_010AJ,2024-10-29_049WG,40418,0.15405257822606538,0.4031421156475127,0.311396056285551,0.12230314781268314,0.10918370012640487,0.19012915592725366,0.1070750838353939,0.002083781660203808
2024-03-28_010AJ,2024-11-05_023LL,36166,0.21813782705525198,0.2213851560718295,0.23155704411330535,0.05954020336003195,0.1281482673216517,0.22877292409085864,0.1761024153986963,0.02914876767250851
2024-03-28_010AJ,2024-11-13_025JC,41014,0.04038537565660239,0.27873283577583857,0.17299369448649088,0.17596491319923427,0.011025558703856825,0.06601843476468051,0.018872089590462424,0.01184583283847278
2024-03-28_010AJ,2024-11-26_050EH,47009,0.23223994876868792,0.4929222678777252,0.390713358330299,0.09361833931667148,0.08695721003231388,0.18608603429004725,0.09690220652342263,-0.012872532903787426
2024-03-28_010AJ,2024-12-05_043AS,36141,0.10470398529539618,0.4034282826621907,0.36377948397545146,0.010321825215693192,0.03622480825707655,0.19948660305343946,0.13075062185347772,-0.0847332578119386
2024-04-03_040RP,2024-06-18_003PM,32999,0.25565511338536495,0.5108324930220396,0.39087652645610355,0.13053651962291749,0.14369242984008082,0.28036226848398055,0.136191621656259,0.03644785857005507
2024-04-03_040RP,2024-07-03_044DY,44500,0.20841219131606084,0.540327260968166,0.4930663538443998,0.11003966679191801,0.08232255764225423,0.3990185707168755,0.2534721057023373,0.010933808596938379
2024-04-03_040RP,2024-08-12_013VM,48069,0.14883684829152166,0.2512816486217343,0.22528629593623029,-0.02136135749947012,0.18953330672075866,0.3097346420233486,0.18127665602858478,0.0019672346176177373
2024-04-03_040RP,2024-08-23_016PG,59808,0.2276883524903458,0.48081752018015034,0.38331091680873514,0.1310697321182139,0.1329796398294076,0.3610156744856006,0.20937825377411687,0.0023953300905736148
2024-04-03_040RP,2024-09-03_041WF,45904,0.10984427943223024,0.39359822835511854,0.3615603124115024,0.0504255072577491,0.0766576592945267,0.382462641707122,0.23472629087484198,0.034588558159816894
2024-04-03_040RP,2024-09-24_046AA,65621,0.14206764836329483,0.5302384779808237,0.48777534383509114,0.04995238635829747,0.1614936352386032,0.4476751088462116,0.3245856382905577,-0.024213417628583797
2024-04-03_040RP,2024-09-27_036RL,55122,0.12731645939683658,0.4219273256554422,0.335931517183651,0.05255160487980389,0.12565373145123176,0.33318773934659174,0.20612363291892727,-0.022823053704303566
2024-04-03_040RP,2024-10-17_048JJ,47444,0.1423027628346588,0.37141693946293186,0.3312204748228178,0.21409256039113192,0.08560305016730922,0.302189350876417,0.2527108549470663,0.044279210876222976
2024-04-03_040RP,2024-10-29_049WG,62996,0.28382798405427223,0.613529209618397,0.5160162121141875,0.13596349054977053,0.20263352737138632,0.4198596358901448,0.28158079156635296,0.014945397683666633
2024-04-03_040RP,2024-11-26_050EH,49336,0.15112243736905354,0.3608616300013917,0.32886053029988255,0.031117074652250224,0.26865918299957636,0.32361363968198165,0.2248660577561559,0.00222177315533009
2024-04-03_040RP,2024-12-05_043AS,45813,0.2517149392833761,0.5237580121754376,0.4879680478913237,0.07847808704144146,0.26112256257164296,0.4496405520216072,0.3828824574662306,-0.04201002682887202
2024-04-09_019WR,2024-04-22_025VP,32178,-0.00019724309784666165,0.09366749602712582,0.13940470610315964,0.12478688450879512,0.005034194627766939,-0.033750544298507844,0.06526201178877201,-0.04269194545348372
2024-04-09_019WR,2024-05-06_043AS,72885,0.42189173328160157,0.7550478577644815,0.6765460096499463,0.5237955461431715,0.2572319329397883,0.5715105823767874,0.4804075985084465,0.21078780507114184
2024-04-09_019WR,2024-07-03_044DY,47590,0.33039082591715263,0.48274928859949934,0.3566270786558148,0.4006986107516631,-0.026730924516897493,0.1851684418443491,0.014170440993297133,0.0786063346193425
2024-04-09_019WR,2024-07-29_004DS,34909,0.036421510263904056,-0.09265066784076816,0.02437301469976417,-0.24632003482110024,0.05594690197561837,0.044009249093077324,0.11616839235119633,-0.07617799515200228
2024-04-09_019WR,2024-08-12_013VM,62911,0.2420671971433928,0.41254733486091905,0.3820476763155031,0.12530780776314812,0.08841090695531774,0.22427810619796198,0.11675053206058804,-0.0031375400303950175
2024-04-09_019WR,2024-08-19_015HK,60992,0.32657652862513903,0.5480448320040119,0.5152818293060955,0.4887812013651238,0.19707661494757786,0.4053879161898875,0.34616599961451733,0.1958303525308085
2024-04-09_019WR,2024-08-21_044DY,60297,0.467768770192249,0.805335715943465,0.6792575179899791,0.5647765213450564,0.2385439107629392,0.5742293831850642,0.3867860804089461,0.1945640853048957
2024-04-09_019WR,2024-08-23_016PG,89449,0.33172764480207784,0.5563042553648384,0.4225905524419273,0.39465814332974347,0.23739371001153428,0.3265977436953003,0.20101726001313658,0.03842533422260918
2024-04-09_019WR,2024-08-30_014KS,54258,0.15724447656225995,0.3038910131876411,0.2845223862421598,0.3640571651638768,0.1185859619393049,0.2888234527722619,0.28263696521546733,0.11776562855173936
2024-04-09_019WR,2024-09-03_041WF,67728,0.40993137784381745,0.5837802945010824,0.5173663139514008,0.43860696399208243,0.1938138105442807,0.3282097146469766,0.21062495012673987,0.07424708170428546
2024-04-09_019WR,2024-09-09_043AS,53147,0.21848243089954755,0.4006887439985695,0.36856828058282076,0.2753598413384246,-0.007696571714669215,0.24376156570150195,0.17528190542465713,0.02709312401743127
2024-04-09_019WR,2024-09-10_008TP,50614,0.3363999076592525,0.3786795169802017,0.40456503647696374,-0.0015750889426379628,0.04387372598999845,0.12657394926621693,0.02865209919380131,-0.03784871252110648
2024-04-09_019WR,2024-09-10_045VS,47031,0.4742899239457269,0.6902214030052992,0.6017968959264807,0.5963324317053078,0.3195475194956417,0.5222730848912291,0.43326778456519444,0.284340241665187
2024-04-09_019WR,2024-09-24_039CP,55221,0.36664551074642265,0.517545290515825,0.5027813455436918,0.32628900512285647,0.1306178189810544,0.34850831241746416,0.2571325683810367,0.11294308699583343
2024-04-09_019WR,2024-09-24_046AA,58988,0.2585077637937931,0.3544686351311426,0.33562177974118107,0.0964194313485801,0.20662832824628657,0.26343438785464046,0.2171209033816553,0.01932912550248751
2024-04-09_019WR,2024-09-26_009ML,64886,0.3466637286302308,0.4422581287141463,0.3708064087538735,0.40410098851490506,0.2712832359670454,0.43468403524827554,0.3697885828585312,0.1887889263706951
2024-04-09_019WR,2024-09-27_036RL,56248,0.05787897767420058,0.070059920749712,0.11582848725964524,-0.011235643240191098,0.12872414355878603,0.09354542565398202,0.1452957287127386,-0.06082742758685988
2024-04-09_019WR,2024-10-02_011CN,49361,0.15943962577512133,0.451849071201462,0.43254775718937605,0.30829247878985255,0.1154755888597407,0.28028201862313107,0.3111453717251387,-0.00038683126128902587
2024-04-09_019WR,2024-10-10_019LR,63092,0.3045091587574876,0.4259092845309547,0.5107287843808973,0.08280654858902989,0.20401934816012895,0.40035498388638324,0.3573484204746059,-0.006631700276483464
2024-04-09_019WR,2024-10-16_020JS,58204,0.01528337242597677,0.06547588113013027,0.0679182260394267,0.08562111119515628,-0.02235985268062054,-0.029200350469003964,-0.004953836543989101,-0.050871517646137045
2024-04-09_019WR,2024-10-17_048JJ,61459,0.17094335095821142,0.37615812244546676,0.2795202812568082,0.3315468065576202,0.0703400657508004,0.17422848419150896,0.10798590210931365,0.03389722079426251
2024-04-09_019WR,2024-10-22_021CH,52597,0.027902206126332194,0.030254112690646207,0.06352631260123812,0.0725165378080928,0.06410639151602866,0.05032746825747893,0.08686990534601743,0.04929684786494311
2024-04-09_019WR,2024-10-29_049WG,57345,0.35796759815046925,0.4964367759513345,0.3983722803996145,0.2218016005291499,0.21061578779863924,0.29280748029641956,0.19541701612796267,-0.007355455400462403
2024-04-09_019WR,2024-11-05_023LL,41986,0.16278964378708385,0.36087062186272023,0.3592337017511932,0.24534326488952002,0.12051416370120523,0.2801249964904327,0.24737565153555938,0.08336351008376541
2024-04-09_019WR,2024-11-13_025JC,56095,0.29126672543043214,0.4025100701826342,0.39085317604380115,0.2132596286627166,0.2014906779830008,0.33771561366911046,0.2555701263052688,0.008583446742661255
2024-04-09_019WR,2024-11-26_050EH,67008,0.26598624383716296,0.3376003867533596,0.3740661659401357,0.1550571756976963,0.18279300949104188,0.26185201085313425,0.24224349021080327,0.026424394680162167
2024-04-09_019WR,2024-12-05_043AS,44744,0.2587204796997096,0.42284214291445626,0.37216395274758324,0.222126981927022,0.1985950614410492,0.31101159501197134,0.27411727382365064,0.003154037284452493
2024-04-22_025VP,2024-05-06_043AS,35656,-0.009202834555714318,0.027461347950763562,-0.031662498459619486,0.18196692386929325,0.015707501966152528,-0.126583958524591,-0.07357102773126861,-0.04831776607312904
2024-04-22_025VP,2024-07-03_044DY,34210,0.0742190803410972,0.2677748214469075,0.11022018994826291,0.299614867268058,-0.04767888779635603,0.07079526944642499,0.02988585120095686,0.0408052423249994
2024-04-22_025VP,2024-07-29_004DS,32951,0.19745842800288815,0.29202614075534844,0.5262648622333187,-0.2918501800190455,0.21973258574861104,0.26815268370146206,0.3070904188214853,-0.10141842379551941
2024-04-22_025VP,2024-08-12_013VM,45756,0.12932921142893652,0.4065150220785,0.445569188014282,0.14182318477797354,0.0352061065829859,0.2285196057388395,0.20686216131698698,0.044817094679480786
2024-04-22_025VP,2024-08-19_015HK,50048,0.2316876233469131,0.4875230287115858,0.405795583233459,0.4585308563299866,0.11185203841654752,0.3281206815605658,0.2359332805792689,0.20922638804981608
2024-04-22_025VP,2024-08-23_016PG,47463,0.08256833269943958,0.2223750167788026,0.09093811484860982,0.32423360668604667,0.010403590657217566,-0.07516518723898095,0.0304799376918976,0.03930158166274122
2024-04-22_025VP,2024-08-30_014KS,52304,0.246416503743412,0.522827628557683,0.3159308375700527,0.4545998611232977,0.11298370270322636,0.38146071848831076,0.21277086297765277,0.18508302684378308
2024-04-22_025VP,2024-09-03_041WF,45217,0.11685885722899955,0.4105557282464172,0.33131996590324286,0.34929207764752296,0.006970663009904941,0.23070156446717052,0.21425660591090645,0.1303842514926806
2024-04-22_025VP,2024-09-09_043AS,33162,0.10467628103896127,0.2435365401113635,0.08715520761004278,0.42882360903516054,-0.010546457112298723,-0.027590571048000157,-0.03812393116150651,0.10068061535841612
2024-04-22_025VP,2024-09-10_045VS,32374,0.15210538345642705,0.3011251485934351,0.11921635450601342,0.4464585855252561,0.12122125420592023,0.17158915494636998,0.09899998464089589,0.17864322452259349
2024-04-22_025VP,2024-09-24_039CP,31265,-0.013231834196686072,0.02100164466776465,0.07214737964487686,0.08201834919992507,-0.0024844371065124806,-0.14772305362452903,-0.06900670896400335,0.0684777705954296
2024-04-22_025VP,2024-09-24_046AA,38173,0.1846116111139569,0.46091451882503937,0.33434235277057334,0.30702053664928647,0.04609217095351497,0.2533727195562748,0.19831363315316913,0.11974023151636319
2024-04-22_025VP,2024-09-26_009ML,42695,0.009415773338538333,0.25206037047448737,0.03507032364863169,0.2066473832141624,-0.10111425974277294,0.005634525598962512,-0.05201592094171937,0.016118426933926393
2024-04-22_025VP,2024-09-27_036RL,38601,0.15097598166865053,0.38962377687140853,0.25892075004836934,0.20439927631016688,0.06869264551715637,0.21799080364731044,0.12464938145287725,0.08561156551880468
2024-04-22_025VP,2024-10-02_011CN,29809,0.051350290978537425,0.11018881709476357,0.12244451879345607,0.15598434328427763,-0.015713972585571067,-0.028588844027515183,-0.008942351823257259,0.0761001690174205
2024-04-22_025VP,2024-10-10_019LR,30752,-0.08087790016448088,0.08662620623757308,0.2881328863342012,-0.2882914747581786,-0.13548528412037245,-0.07181747155444314,0.02006744669928866,-0.1095611852374175
2024-04-22_025VP,2024-10-16_020JS,33019,-0.035778347781244633,-0.015065508633329745,0.24889196048248902,-0.09314012838951695,0.03327147326855311,0.037060494310413465,0.12557985173261257,-0.03831388858563665
2024-04-22_025VP,2024-10-17_048JJ,36135,0.05586623186021478,0.2735131128119626,0.31091003680985635,0.13405945124209825,0.025331005604880892,0.12478088259767674,0.12541124333120804,-0.01753547742607115
2024-04-22_025VP,2024-10-22_021CH,30534,-0.048706280730994145,0.0036818838842063227,0.1677018954563372,-0.12887171041119375,-0.049053937620725345,-0.005247625491671209,0.08584836019665104,-0.12154527420018812
2024-04-22_025VP,2024-10-29_049WG,36641,0.1456618373276287,0.25470095635302636,0.05105452302457395,0.29322374902844595,0.0859463447118708,0.15697621260096528,0.11645997772130635,0.03889932206344665
2024-04-22_025VP,2024-11-05_023LL,30138,0.06098851999247495,0.1016004023321557,0.19374734199804575,0.029788057857393215,0.009024805530618211,0.0933617603019561,0.14286602479033456,-0.007616371002608346
2024-04-22_025VP,2024-11-13_025JC,47898,0.08727007720711384,0.3437747266627783,0.22497049343825376,0.28200187550058786,-0.03959190483576633,0.26973380400020514,0.15778075809852585,0.11153796377183964
2024-04-22_025VP,2024-11-26_050EH,46628,0.3002276924073485,0.593643349652363,0.5165107698149665,0.2791373430730516,0.18754733249243183,0.36453346226492017,0.25131585264733897,0.11075216881855321
2024-04-22_025VP,2024-12-05_043AS,48235,0.25781286443962337,0.5549439541613266,0.46034550335771685,0.42511513417674657,0.16336413937864477,0.3587513907047603,0.3215401595233764,0.1400236728588199
2024-05-06_043AS,2024-06-18_003PM,31617,0.28541251445124666,0.44522853468077556,0.43420841011157013,0.20384654146323075,0.19759626123299784,0.42348106043237377,0.36086183814461864,0.09081103248486656
2024-05-06_043AS,2024-07-03_044DY,55546,0.4080325230372673,0.71935186611172,0.6572918079626998,0.4428693163003433,0.1800629972252023,0.5342570386208663,0.4198405768594986,0.11645604575729208
2024-05-06_043AS,2024-07-29_004DS,44074,0.005859035268747876,0.04080649126376924,0.069008799823852,-0.04384729980288445,0.08145203015544568,0.2458363413335843,0.24640048188322317,0.04014068502541429
2024-05-06_043AS,2024-08-12_013VM,67778,0.24477032218872824,0.4568554017715859,0.38085215465422717,0.25410315024736074,0.15738517479491215,0.2559348249903529,0.15707847346855416,0.038202156247669705
2024-05-06_043AS,2024-08-19_015HK,71599,0.3394902324652635,0.6336028876766546,0.5767629260466125,0.4753959288637232,0.25223515578677774,0.5024903830355679,0.43823322458667546,0.19003551745116104
2024-05-06_043AS,2024-08-21_044DY,66321,0.4225649639079982,0.8345797207893348,0.7800328452980422,0.5745228916482163,0.2618627359394921,0.6729303903383508,0.6093581074655503,0.2933200166246337
2024-05-06_043AS,2024-08-23_016PG,88470,0.4226876689625326,0.7193301992770775,0.5808901864206448,0.45042426436713834,0.269194609914717,0.5182358821453137,0.3329294429992399,0.06605794903940256
2024-05-06_043AS,2024-08-30_014KS,61819,0.25626669992875983,0.41360918750944364,0.37840968738321634,0.4822619548211241,0.23982111858593166,0.3746057957664271,0.3745359863972169,0.18626483244194472
2024-05-06_043AS,2024-09-03_041WF,74190,0.3520039753290967,0.7225740476767071,0.6456888031471935,0.3491009540860807,0.1716950127066583,0.4863397570600536,0.35865179202129455,0.01851667044558656
2024-05-06_043AS,2024-09-10_008TP,62763,0.29557447778608553,0.6109471032601078,0.6075202475033449,-0.028922936116113632,0.07526783539507345,0.4160172430438052,0.29812495280888573,-0.14378726315948506
2024-05-06_043AS,2024-09-10_045VS,52587,0.4073097465765843,0.7024382139510372,0.6607478738714619,0.5727812374440606,0.24416389201891714,0.5314024436334277,0.503162782107947,0.29865391367202254
2024-05-06_043AS,2024-09-24_039CP,69678,0.37152008773675066,0.7359908938926272,0.6995695441184062,0.3749429519012702,0.2270699396744089,0.6004864924735936,0.5056814200999209,0.14910732172817945
2024-05-06_043AS,2024-09-24_046AA,53036,0.25659151642298517,0.48694178905928126,0.48827007343362044,0.18642703927894735,0.1737654248743831,0.4063581811247373,0.332279830902758,0.0339942218599055
2024-05-06_043AS,2024-09-26_009ML,74381,0.37910024520992014,0.6488245308055313,0.5893298019213857,0.5513857395131055,0.2881146932270917,0.6000041440479383,0.5339293884668798,0.27676791106048376
2024-05-06_043AS,2024-09-27_036RL,54185,0.2035335300048747,0.2181452232560039,0.2580305710393383,0.20230367385790113,0.2008520197611658,0.3390194947312663,0.3511174008526728,0.12024912027787266
2024-05-06_043AS,2024-10-02_011CN,53221,0.13871635699121132,0.3271740654056979,0.32120105108170155,0.11455252578856126,0.07165731865838862,0.20160477337167332,0.21257303219546578,0.006315427114755634
2024-05-06_043AS,2024-10-10_019LR,61165,0.3075729928178263,0.4603820568057509,0.48034648865004664,0.06568008502274499,0.2551759763888276,0.4755616494964803,0.40754599287931526,0.044169393140355465
2024-05-06_043AS,2024-10-16_020JS,57516,-0.03460220947871472,-0.13882189262564654,-0.17301560385688017,0.024372265243430138,-0.011076046352293622,-0.074694919452846,-0.13434811768854035,-0.022629969949469114
2024-05-06_043AS,2024-10-17_048JJ,58845,0.1830382827497263,0.2970126136266815,0.24518193854439158,0.23565125387445088,0.05786687796241264,0.18721789904848776,0.12276516439694168,0.05720598724568449
2024-05-06_043AS,2024-10-22_021CH,53170,0.03821585170557749,-0.1147374632630382,-0.0500417863010121,-0.1331120081365638,0.08494355875720427,0.07113458722837458,0.11604429391961507,-0.06777928177416269
2024-05-06_043AS,2024-10-29_049WG,51269,0.2499531698876113,0.5435833020938948,0.45408797939410855,0.20363767723520976,0.05067911418686555,0.31897066848972033,0.18928442481375396,0.0073328875278261645
2024-05-06_043AS,2024-11-05_023LL,40026,0.11836266533865308,0.23082132171759875,0.27183225616254086,0.11697232222679045,0.09828579731003714,0.16642642612733402,0.1945208450256928,0.02615101191988713
2024-05-06_043AS,2024-11-13_025JC,66747,0.324219273499343,0.5685286382343144,0.49762561691496093,0.2579262108872255,0.2609479877478873,0.4957626891317458,0.3561116473719389,0.04540791584148211
2024-05-06_043AS,2024-11-26_050EH,63875,0.21952088781770007,0.33504612998463196,0.3201532687541537,0.24293311124867908,0.12738806022599383,0.3699564551202428,0.31403883434090024,0.09003196704407983
2024-06-18_003PM,2024-07-03_044DY,43609,0.3206858888284608,0.5477347249847775,0.5058753486317126,0.3976145522362949,0.18527006891862924,0.4105220818961656,0.3637007424993833,0.25524424916336513
2024-06-18_003PM,2024-08-12_013VM,36184,0.11948909463326664,0.10844562282752916,0.04882812750905438,0.17500526715015022,0.053576240269594434,0.08147744718074669,0.004993924194927417,0.06530670932343988
2024-06-18_003PM,2024-08-19_015HK,32721,0.16655757624437462,0.3469061510533315,0.22224785703397668,0.36732600105442687,0.02919662313103422,0.14473097443209645,0.07099682913522046,0.18225713528589993
2024-06-18_003PM,2024-08-23_016PG,45264,0.33917396859902366,0.5058566534734944,0.44249031837106195,0.31358745809163,0.16443148790377143,0.3216557735637047,0.2635471258601631,0.14207264143290466
2024-06-18_003PM,2024-09-03_041WF,39771,0.30549622665023146,0.5366086473574838,0.45376587200962004,0.341363312378698,0.24426963780232194,0.4806178747881537,0.3660980109587817,0.16248225484901838
2024-06-18_003PM,2024-09-09_043AS,41967,0.21579266393421206,0.5678470252391743,0.4988486728852529,0.3908451266867699,0.11227433575312044,0.4024942649419313,0.3416235882846214,0.14586170506195065
2024-06-18_003PM,2024-09-24_039CP,31874,0.15883197032687954,0.33302425002169167,0.32321951065047566,0.21949841310781626,0.11394728386670733,0.3806281589985338,0.31901503176353874,0.11845218292951151
2024-06-18_003PM,2024-09-24_046AA,36903,0.1570414012089446,0.3289953216004899,0.2758078088501442,0.13972255369771416,0.11932192905659755,0.16246753191943544,0.07767112440084041,0.023816068740334498
2024-06-18_003PM,2024-09-26_009ML,38239,0.23603886320814485,0.45539461375876006,0.4274947931581736,0.17721225962374493,0.14108319094262353,0.34348707658044275,0.23994732780798264,0.07594731901045809
2024-06-18_003PM,2024-09-27_036RL,34546,0.1832581717281974,0.35352162559498984,0.32249122159396254,0.05747958264022377,0.05535341715386811,0.20393097607283733,0.09804337385733491,0.03299960879766103
2024-06-18_003PM,2024-10-29_049WG,37142,0.20148989653886162,0.43112171879494066,0.32661189462795903,0.11994727885987355,0.0787060145652061,0.12617034146934492,-0.002122013329595052,-0.00826078689430412
2024-06-18_003PM,2024-11-13_025JC,33888,0.2838372088744097,0.49224536477577885,0.3732145699743687,0.4251442743228912,0.15393396138533907,0.37244321630613114,0.28112592501583195,0.24137013538236599
2024-06-18_003PM,2024-11-26_050EH,31093,0.10813828108126723,0.21832669739632102,0.17007846540745933,0.009796672457176617,0.04965040089385416,0.250198038784158,0.12135130712839413,-0.08037139740957608
2024-07-03_044DY,2024-07-29_004DS,31321,-0.16800370292296227,-0.20228937002070466,-0.10888185955536825,-0.23348153196264432,-0.07888668610450847,0.05845142958978053,0.08931666339777536,-0.0685581545121196
2024-07-03_044DY,2024-08-12_013VM,61492,0.2667491096370491,0.3196899009594318,0.22699144419153544,0.22682849844675407,0.09968846463351753,0.1145422277643954,0.03435353210258046,0.03057399181259344
2024-07-03_044DY,2024-08-19_015HK,55162,0.3107957468182647,0.492630925635128,0.40212850382424,0.44181769697605194,0.07338573469066076,0.23092185572927093,0.15938971926771792,0.1279978969248511
2024-07-03_044DY,2024-08-23_016PG,71259,0.43688375575379307,0.6493223058973325,0.5213023197889951,0.5284397722656702,0.18499984838569342,0.398839213988483,0.26644083543397923,0.1945858129675134
2024-07-03_044DY,2024-08-30_014KS,47807,0.16729286230284757,0.36094995507428773,0.24568297718930412,0.36585395407693705,-0.04550744367584548,0.11372983842893863,0.052189444832315364,0.07089448332669201
2024-07-03_044DY,2024-09-03_041WF,67728,0.48324908838639724,0.7339182969710584,0.6257589539897755,0.5359075557647809,0.32011054874976486,0.601193082011886,0.4588657562180227,0.20503083508208375
2024-07-03_044DY,2024-09-09_043AS,69377,0.577856099787705,0.8646963045002386,0.8150683271849639,0.5481584463494803,0.4452879665031665,0.7708349931618766,0.6758466511621942,0.277856252241481
2024-07-03_044DY,2024-09-10_008TP,51085,0.3410603386645593,0.5900921316249785,0.5726511660144296,0.3701986149972533,0.2136339881661283,0.5422035790175113,0.46733476801989243,0.25024320610439166
2024-07-03_044DY,2024-09-10_045VS,43013,0.1844700350188323,0.49670353093273895,0.38592859919275047,0.42169530243726966,-0.028745587241373986,0.15782804393033215,0.058173689273860234,0.06334690266131425
2024-07-03_044DY,2024-09-24_039CP,58035,0.46293229307290723,0.6800097629457356,0.6381632495824738,0.4523432282227793,0.3218273580563751,0.6244578030236244,0.5385520186184438,0.21694243899898255
2024-07-03_044DY,2024-09-24_046AA,55827,0.36007339693055535,0.5698934649435423,0.5116602498537752,0.17730066741562625,0.15949885476297065,0.36577002654668556,0.19396099892498772,0.02911370041781101
2024-07-03_044DY,2024-09-26_009ML,64200,0.28748608808867676,0.5578675048460765,0.4703771834973502,0.3865808116003201,0.07524955590006288,0.32963634707882594,0.21441420898876423,0.11124740506424606
2024-07-03_044DY,2024-09-27_036RL,52463,0.16846837447643245,0.2666106766213507,0.2822419456338858,-0.0008164867343402353,0.10058059672305224,0.30726779574315455,0.2224732518795374,-0.0263790109973569
2024-07-03_044DY,2024-10-10_019LR,46318,0.22425913216167587,0.09552274658231615,0.13504475500620822,0.0244352729380276,0.14494206090773407,0.16306019965731772,0.17319863403200664,0.04421925666430654
2024-07-03_044DY,2024-10-17_048JJ,45189,0.2520189702498156,0.33723775132062483,0.2940608395465697,0.2620205727152409,0.0556924070845558,0.19892719499365513,0.10345400495919517,0.05171030146416339
2024-07-03_044DY,2024-10-29_049WG,56696,0.36644206858308265,0.5656386417604239,0.43897322356618973,0.35173588815644546,0.10107214815703647,0.2843605035475684,0.1395614698678996,0.11605596541326489
2024-07-03_044DY,2024-11-13_025JC,58283,0.3361238321110606,0.6075061177465021,0.45515333319878254,0.5491801602107219,0.12619897047225712,0.4027699132284683,0.2740287033636202,0.28288711197768884
2024-07-03_044DY,2024-11-26_050EH,53379,0.08725083590034707,0.24644594016007032,0.19061809355908943,0.1649314935627082,-0.06370168449465848,0.17961283258639335,0.07308175181805107,0.02468337873060263
2024-07-29_004DS,2024-08-12_013VM,45286,0.18340291385136048,0.5412705295336384,0.4616729193508962,0.18581562540289578,0.13455138645255235,0.32510780055124133,0.24953964999786443,0.10456646236572457
2024-07-29_004DS,2024-08-19_015HK,48528,0.14032451182353725,0.3243986570328299,0.36341488927963017,0.0389948981117668,0.14307874694492398,0.42357307154623736,0.3923483849215886,0.08402502483391804
2024-07-29_004DS,2024-08-21_044DY,34648,0.0486333044600079,-0.09174840518309925,-0.061237471942551074,0.05805560581262083,0.03830173437332289,0.06247531868556983,0.1420436611758259,0.07808336945619164
2024-07-29_004DS,2024-08-23_016PG,46991,-0.016170188342557106,0.0339258838235529,0.06519125807127424,0.013239662587657417,0.1178559956566891,0.19134805110724556,0.1372121649221,0.05484361753022563
2024-07-29_004DS,2024-08-30_014KS,47628,0.08185209572702845,0.28356069784364785,0.31937860829703313,0.0964887100178242,0.1796197053267774,0.3692548679522662,0.3587735279199892,0.10063651930925399
2024-07-29_004DS,2024-09-03_041WF,42891,-0.00610464504215617,0.053903443368123444,0.09949898826898415,-0.08179401332405828,-0.001736154344582587,0.1447048605230828,0.14409148662227664,0.01396649802053719
2024-07-29_004DS,2024-09-09_043AS,30955,-0.040891584655302626,0.04158199061199192,0.13655651521909754,-0.2545197268919813,0.015314140338031372,0.23073015523321483,0.23080221236683998,-0.008494314679424662
2024-07-29_004DS,2024-09-10_008TP,36903,0.16097722457451002,0.20958055362208272,0.08346363537537278,0.2750708875492223,0.0063109253203946876,0.0672235878302969,0.02274989157038382,0.0020274331235914764
2024-07-29_004DS,2024-09-10_045VS,33103,-0.05925347665717221,-0.1976950424536844,-0.06850013554542547,-0.23814875068463487,0.06280379948461769,0.19077082805299198,0.2807092487884776,-0.05965935181475554
2024-07-29_004DS,2024-09-24_039CP,40653,0.12170879875072965,0.228949873416646,0.20703129009917734,0.15591272095435207,0.10082084599907397,0.2176338702681277,0.23682978453460168,0.07406485085168253
2024-07-29_004DS,2024-09-24_046AA,33557,0.2096041100415818,0.3870296895892625,0.32497772270527625,0.24735357709078143,0.12408734695973692,0.2878228946470051,0.2167031443429524,0.08184886472743394
2024-07-29_004DS,2024-09-26_009ML,43994,0.04614519921437114,0.22470537414918335,0.18785712654947456,0.21580383761660119,0.026475125978537864,0.3633707609064784,0.3299203340915611,0.13929741222742792
2024-07-29_004DS,2024-09-27_036RL,34154,0.04856307968263069,0.35777904937221094,0.3068137657436055,0.14324377900758842,0.07047240156680401,0.3215216887678233,0.27501236305655086,0.020226682950867252
2024-07-29_004DS,2024-10-02_011CN,33771,-0.09083153429425675,-0.2329494459040303,-0.16951138821846057,-0.24886826544079163,0.06610949106175514,-0.028633862779734117,0.027706977028464367,-0.14228530838322476
2024-07-29_004DS,2024-10-10_019LR,38028,0.16038782775864285,0.5068005068259521,0.422039478035332,0.38293558982712256,0.0780043374108032,0.36458621398427243,0.30303439311884994,0.1317339130621869
2024-07-29_004DS,2024-10-16_020JS,40396,0.12557577622288085,0.17339998569098164,0.1527731381859851,0.01774883492807408,0.14074051564486956,0.032094626643247304,0.037168967000778284,-0.03817173492480329
2024-07-29_004DS,2024-10-17_048JJ,39422,0.008034837919840188,-0.03630559463856212,0.03743328818246286,-0.13689631631114915,0.07271255778543725,0.029960578648164544,0.051052256143482175,-0.0036135782444812223
2024-07-29_004DS,2024-10-22_021CH,32277,-0.050983130626477274,-0.1501695016235227,-0.0946110887685717,-0.21166381614021068,0.0632226058556447,-0.11627698065239561,-0.09627603334149927,-0.05994155265239316
2024-07-29_004DS,2024-10-29_049WG,30442,-0.032429679925787123,-0.18684657508940836,-0.1411121029024049,-0.004178364920909625,0.05081168533709265,0.045343013585507685,0.03731635401684264,0.14377677587665763
2024-07-29_004DS,2024-11-05_023LL,31018,0.10757835787975431,0.02803669369460688,0.08100668944095198,-0.10326307485087999,0.12941550167151594,0.2856696861012496,0.21294447392552382,0.07517106524570877
2024-07-29_004DS,2024-11-13_025JC,48019,0.13649205213091195,0.26028725435990185,0.2735030288632357,0.1729249534628725,0.1648865741768202,0.38366394305718937,0.29095438376313243,0.09004496472857336
2024-07-29_004DS,2024-11-26_050EH,43205,0.27490509266344243,0.4237989866490356,0.37453179381528,0.14092365678915283,0.29478073505320196,0.28321268672942446,0.26367960561316617,0.04160876235132821
2024-07-29_004DS,2024-12-05_043AS,38115,0.0761522936049848,0.13053313035979255,0.22354114929644173,-0.3409995522518662,0.13133893174066616,0.1961223223077748,0.1987301446812186,-0.11537699216998352
2024-08-12_013VM,2024-08-19_015HK,72878,0.33196136968004364,0.6200358994411208,0.5266516138048968,0.242812334410025,0.14553751868069065,0.28187457913698405,0.1796233050446424,0.06429755936587032
2024-08-12_013VM,2024-08-21_044DY,56502,0.24446930836864328,0.4376544179083275,0.4072949732624462,0.17477844723476527,0.13581686277276525,0.29068318084414957,0.2436065904387651,-0.0017088565364353548
2024-08-12_013VM,2024-08-23_016PG,90261,0.3426629552600622,0.48742181833292936,0.3551236930712433,0.3052915121349039,0.19997236396650545,0.21682079256125575,0.1367859189661627,0.08974020583390428
2024-08-12_013VM,2024-08-30_014KS,68268,0.30881666402724717,0.577816515643704,0.4005903899498463,0.2866295152462893,0.1415770650711969,0.29024152096161066,0.14089622818383016,0.04936450020150617
2024-08-12_013VM,2024-09-03_041WF,82091,0.3470344432562149,0.516456945042869,0.47543548513249473,0.2707709611064977,0.14849994881289555,0.28963908835418173,0.23728931341467666,0.11164078058415336
2024-08-12_013VM,2024-09-09_043AS,60565,0.2959456085562818,0.38721822897736685,0.3506437222635898,0.20681110090851085,0.2011458606874333,0.22071123837393283,0.1793909066812371,0.030327762017851152
2024-08-12_013VM,2024-09-10_008TP,55933,0.20196671086841297,0.3362275046801803,0.26854169859590726,0.15026071131350238,0.06933632410454041,0.1246265673660363,0.0979427327515684,0.008312230650975819
2024-08-12_013VM,2024-09-10_045VS,50799,0.1552293865420385,0.3298265129610386,0.31400688215880057,0.19542584519763037,0.10319443648995104,0.20956747525922428,0.21543120827417567,0.06867521180988755
2024-08-12_013VM,2024-09-24_039CP,63073,0.2417456991979456,0.44876041005231276,0.34971504285151433,0.29953694110478574,0.06943951937146485,0.149793960488732,0.0938405338588257,0.12315965617084709
2024-08-12_013VM,2024-09-24_046AA,66592,0.42758052591130485,0.6193580580535599,0.483949870370392,0.3051924526455662,0.18991800115126883,0.3587061564833935,0.22074775934781718,0.09877604280130899
2024-08-12_013VM,2024-09-26_009ML,74854,0.33468558895181266,0.6080902664491356,0.42417338784759206,0.38458376476343253,0.13899571157199417,0.356036785995844,0.20049982627313756,0.11739803922726041
2024-08-12_013VM,2024-09-27_036RL,63554,0.228710644070763,0.3708454648685923,0.2858746877900841,0.20418266450321274,0.19079613090006448,0.29019947631520093,0.16909230105390513,0.0659743081471187
2024-08-12_013VM,2024-10-02_011CN,57812,-0.013311086763563075,0.039473298438697194,0.0643345859498276,-0.10102562111913115,0.03281203707801801,0.11432198870091821,0.07379234413735987,-0.0840542432209903
2024-08-12_013VM,2024-10-10_019LR,66896,0.49703112187123855,0.5488564249839636,0.5590579491002156,0.0956749162670348,0.31814648986923966,0.39189259678721977,0.33956659919181154,0.1082491197787532
2024-08-12_013VM,2024-10-16_020JS,56940,0.020405796600039845,0.011827514015749387,0.06671895791303668,-0.06729738160788201,0.050492899294265176,0.056780229371594416,0.0587599146887804,-0.05561517101831802
2024-08-12_013VM,2024-10-17_048JJ,65800,0.15496658690443407,0.17462840151471473,0.12861912911208556,0.04615088558437859,0.10787195799097822,0.121480304870291,0.0016823441646550107,-0.013643709364590143
2024-08-12_013VM,2024-10-22_021CH,55694,0.03379898277291701,-0.09756885092370692,-0.03376682490632705,-0.06929225435987785,0.11740743924505913,0.08452768790331304,0.05611962267334652,0.08027703506442983
2024-08-12_013VM,2024-10-29_049WG,59761,0.23422307745726953,0.3214595708260055,0.24718560554281693,0.16498223132146916,0.13436581831702252,0.26467942123013016,0.16857101718797454,0.06690278467446405
2024-08-12_013VM,2024-11-05_023LL,47522,0.30114774928788957,0.2780441580515172,0.2868651081940748,0.11249432086538344,0.11343993929226183,0.3134169026364652,0.1696367077911598,0.15355620558608832
2024-08-12_013VM,2024-11-13_025JC,72562,0.3488198347265241,0.6056044332469757,0.46618777970262854,0.3577812914379757,0.1642698875577661,0.34515884905449395,0.20005415776777302,0.18901113754283203
2024-08-12_013VM,2024-11-26_050EH,74664,0.38888537945574714,0.615732020171176,0.5201231313166632,0.26388313684402526,0.2560629590193532,0.42980263278871894,0.29059349069495155,0.10840108996055195
2024-08-12_013VM,2024-12-05_043AS,63368,0.4239373992963982,0.6025113082505897,0.5535537636867479,0.017476026350319872,0.26337217856528045,0.37445168130247924,0.2689207206935428,-0.014021079194721104
2024-08-19_015HK,2024-08-21_044DY,52043,0.1693752581474329,0.48518491112678647,0.39320892924614037,0.3558171614538085,0.0648746118247724,0.304701772354008,0.24791452172436765,0.09661819660464059
2024-08-19_015HK,2024-08-23_016PG,89288,0.3601500547998944,0.6157000116330884,0.4606957783851954,0.4345108883661516,0.23006240295271932,0.3816530136201736,0.24423636954434874,0.05424474258978119
2024-08-19_015HK,2024-08-30_014KS,81408,0.487268520303565,0.7893398825315705,0.6797027486078042,0.6382905670035811,0.40604264883818125,0.7313165949980778,0.5908543428888885,0.3367939983722834
2024-08-19_015HK,2024-09-03_041WF,76404,0.3265772453007249,0.6479568992705803,0.5438549466139699,0.5108311966028072,0.014175171062355295,0.35792130848429465,0.2320241053778406,0.1517556532987531
2024-08-19_015HK,2024-09-09_043AS,53666,0.26773571667064183,0.4808581432538549,0.44169990214661975,0.35688306461734104,0.09274473639281779,0.26664612403554516,0.23255015800538978,0.07175445574368625
2024-08-19_015HK,2024-09-10_008TP,55085,0.204732651880459,0.49243839949910234,0.42322486464624104,0.14333851950742701,-0.0006942734980444076,0.1713141214013226,0.06974413557988908,0.014519999173660168
2024-08-19_015HK,2024-09-10_045VS,49190,0.27575484854755933,0.615995872494068,0.4974690224830395,0.5604371019953412,0.16419397943060945,0.4891656242287401,0.3653241730138493,0.23122033614752527
2024-08-19_015HK,2024-09-24_039CP,67430,0.4071744234297945,0.6678539728587854,0.6292722409887721,0.4469312925793851,0.1686809554442374,0.42253854788185335,0.34411339951995695,0.18930117087362222
2024-08-19_015HK,2024-09-24_046AA,56166,0.37755504280843233,0.6147793081195074,0.5467206903521543,0.29979062633470566,0.18007640830587915,0.43946542811928424,0.3749411499697612,0.10427049911401844
2024-08-19_015HK,2024-09-26_009ML,78257,0.3875110168165309,0.7116090740836558,0.5911063378698334,0.5595383985794671,0.2569257467150292,0.591063902747126,0.48779696599154443,0.2298423220375924
2024-08-19_015HK,2024-09-27_036RL,55059,0.28051478102948085,0.4131398900350876,0.3863271855761445,0.20525835234772088,0.20101406646628783,0.44343462618841784,0.3769722478989836,0.11719251219987455
2024-08-19_015HK,2024-10-02_011CN,56869,0.10367673100435197,0.3127146789850993,0.29834303250910826,0.22499982181365702,0.05139807463284183,0.22755475150244237,0.24328726468608763,0.06391869334263976
2024-08-19_015HK,2024-10-10_019LR,60179,0.28883397378259307,0.5375385471358326,0.5463197259165911,0.1371589273261948,0.15619656401641774,0.34335166687303986,0.2610238518501996,0.07686989973276784
2024-08-19_015HK,2024-10-16_020JS,63378,0.14262805025633937,0.052439100038852896,0.09978942838862724,0.033620970396942555,0.14997759881892436,0.13150215922316824,0.14659697351085055,0.0055177835982506435
2024-08-19_015HK,2024-10-17_048JJ,61747,0.22768235322229288,0.3083251668199039,0.22558901921278607,0.27090073867013015,0.13938922968257067,0.21294154939110155,0.1292977019840957,0.07247978488812279
2024-08-19_015HK,2024-10-22_021CH,50742,-0.11684498075815543,-0.12206987210061356,-0.03607303892989344,-0.14009726227313116,-0.10601578659060387,-0.07893087726007547,-0.02428478704659683,-0.11532970448296007
2024-08-19_015HK,2024-10-29_049WG,53148,0.3201370258065374,0.4218169133712144,0.3323786073709475,0.26713298822756254,0.1931127617550051,0.3139260458801153,0.2615322974472875,0.06262745188016688
2024-08-19_015HK,2024-11-05_023LL,43813,0.25157231774087846,0.31014579576258783,0.33650950463907314,0.2013186042570504,0.19522812651692492,0.3096549218501065,0.2760728798927198,0.16020935902849057
2024-08-19_015HK,2024-11-13_025JC,87273,0.5877115399365964,0.8377976009659446,0.7025441750054048,0.6207613407660135,0.43948384881346225,0.7573357080081468,0.5000710939489819,0.3039350827890542
2024-08-19_015HK,2024-11-26_050EH,66657,0.2851511636852503,0.5219686409930038,0.447534381767129,0.19979034470343557,0.10869510375921394,0.3331889558096505,0.22555691545954426,0.04195918467060267
2024-08-19_015HK,2024-12-05_043AS,63413,0.3411672923170068,0.5650326406404182,0.48089584982097544,0.1886314062482806,0.2591717173495961,0.47202267999877673,0.38172710113909736,0.055032792401924956
2024-08-21_044DY,2024-08-23_016PG,67824,0.3667493723761213,0.6225513863171244,0.5094374194815806,0.4141290006002664,0.20119180494823244,0.4020064774672469,0.27755781956586206,0.09725001709094534
2024-08-21_044DY,2024-08-30_014KS,44856,0.06605439360979412,0.27579370115879176,0.20581369983397074,0.2944105285729658,0.010201530513170297,0.19951442921078477,0.19101556812226875,0.07243342359742287
2024-08-21_044DY,2024-09-03_041WF,61075,0.41900419504189884,0.6620296029986642,0.5947304421324654,0.4000591435146547,0.2022593407990422,0.4500471168141199,0.3375655091850819,0.00932192333084336
2024-08-21_044DY,2024-09-09_043AS,50313,0.3004498848945623,0.5260134590288031,0.5266718117198611,0.27503103324806705,0.18926039777345224,0.3961382161832418,0.3833626980990879,0.10357651845869342
2024-08-21_044DY,2024-09-10_008TP,55222,0.27459021849810283,0.49501058921643987,0.46172386907689056,0.18747236738080902,-0.008334324084639883,0.26997779555746254,0.18296252971570473,-0.04113466130460625
2024-08-21_044DY,2024-09-10_045VS,43311,0.33280912255022127,0.619645655954553,0.5912185046849798,0.4383708903676854,0.15379790592786166,0.44201486645517235,0.4211748836183373,0.1582885928889364
2024-08-21_044DY,2024-09-24_039CP,56592,0.2710112767290075,0.5777881067477038,0.5103504418887818,0.3266808940266248,0.0904517990481493,0.39025219090419333,0.32567812167438015,0.0438960412537067
2024-08-21_044DY,2024-09-24_046AA,47434,0.25943569995881144,0.46347416268792274,0.4666983814784424,0.1030722300521482,0.18689924422333187,0.38226689475545306,0.3125499132911829,0.018375484275504655
2024-08-21_044DY,2024-09-26_009ML,59579,0.23125573418745451,0.47801610292458324,0.433005594625199,0.43064709805233425,0.13129956489025074,0.38462318706328236,0.3854297492953119,0.1843267234505469
2024-08-21_044DY,2024-09-27_036RL,47713,0.02040434140208231,0.18970520993337098,0.23955167440299732,0.0881264801103729,0.07187539467156283,0.2070181539650845,0.245400022235995,0.02606845512688435
2024-08-21_044DY,2024-10-10_019LR,53684,0.3436917670114126,0.4282306125436859,0.42962568902326526,0.2165645513660125,0.23489063252579914,0.46000564165132013,0.4002578723942278,0.06529460604220162
2024-08-21_044DY,2024-10-16_020JS,48066,-0.05136764163518925,-0.06541899704895668,-0.11602109331985094,0.10533851566395556,-0.08428927997531441,-0.11467232790968956,-0.17915377855641468,0.02381974059217258
2024-08-21_044DY,2024-10-17_048JJ,48583,0.21704015588989845,0.4470847543220176,0.39754559766956254,0.22774666370912375,0.04804127498660599,0.2756766709332816,0.21065369586425595,-0.011966918697763824
2024-08-21_044DY,2024-10-29_049WG,45610,0.3236468961801354,0.5596157648439557,0.481713123221573,0.26485753041875393,0.09165259321489537,0.2772987084645796,0.1743909791279292,0.053431943829115765
2024-08-21_044DY,2024-11-05_023LL,32073,0.18521817181370437,0.43229672519907814,0.46792893471839,0.18202959000174782,0.11559271821267313,0.29370220373155026,0.28748353225337475,0.03476902617507004
2024-08-21_044DY,2024-11-13_025JC,50543,0.16507385069345834,0.4313675396999148,0.35181162659740467,0.22310902151214707,0.08638421471805982,0.29569686430530395,0.2219487787347783,-0.03517317222195542
2024-08-21_044DY,2024-11-26_050EH,56396,0.2869617976488422,0.3909715006014195,0.36216996961109515,0.19759496563967718,0.18644940955167646,0.4051500270354745,0.3288071278793183,0.04218511903143662
2024-08-23_016PG,2024-08-30_014KS,77641,0.31801911883533807,0.5636052802818566,0.43924642279734544,0.36689661710935,0.18899625900524686,0.3988355105906412,0.27522505913657885,-0.0032272285722354816
2024-08-23_016PG,2024-09-03_041WF,99346,0.4239442657043475,0.6981366868800375,0.5833971105487178,0.5217702134827,0.24956566836912514,0.45388747556020637,0.33434688781901806,0.15375423106531547
2024-08-23_016PG,2024-09-09_043AS,71599,0.3734704220958632,0.6602625842092023,0.5124704832303715,0.40517236146651486,0.187111904455503,0.4196880318102891,0.27844422223793347,0.1380544109889369
2024-08-23_016PG,2024-09-10_008TP,65600,0.15173163825030597,0.3593832129006946,0.3400316135094886,0.2819538006778436,0.06725778350739064,0.22546976159782323,0.19830418914089692,0.14882185293580946
2024-08-23_016PG,2024-09-10_045VS,55802,0.31409138039940065,0.6161851070500706,0.4848132938474014,0.369915142927334,0.1707392228679244,0.2870945798509949,0.2122925949485219,0.0023901054412796907
2024-08-23_016PG,2024-09-24_039CP,76134,0.27086262977746806,0.5690786041542893,0.4729226542818884,0.49164364336269106,0.2118766236473598,0.4425656555225917,0.32356545064703235,0.18243211734698062
2024-08-23_016PG,2024-09-24_046AA,84337,0.3539768732094658,0.6385098558866011,0.5024503621999659,0.40185877916736223,0.252395019345255,0.43660458732853274,0.2714899069378798,0.12040306422159053
2024-08-23_016PG,2024-09-26_009ML,87498,0.3300468700147892,0.7082809361472872,0.5459242465345943,0.4299465358827194,0.1869352606416266,0.4480934147336534,0.30357184192640596,0.09975730969276578
2024-08-23_016PG,2024-09-27_036RL,77034,0.23388691025028754,0.3939044053934153,0.31014016573824416,0.16645929164981998,0.22068003960665705,0.3184549185301436,0.16819918057554248,-0.015090428296943846
2024-08-23_016PG,2024-10-02_011CN,70366,0.21653289030816802,0.3137144891395682,0.2643057045065437,0.2705422821599558,0.1245616132977971,0.22009371875982126,0.13826188648499516,0.07418015658231036
2024-08-23_016PG,2024-10-10_019LR,82033,0.37587060421564916,0.43605042428063434,0.4080752283367773,0.23580115134852905,0.2732170917437338,0.42856139515462865,0.277310794440173,0.12095049445942262
2024-08-23_016PG,2024-10-16_020JS,81411,0.026746255977996125,-0.06136670550175919,-0.02234624939522828,0.08085878611588611,0.07666294415417274,0.08404178855897093,0.1061961217654693,0.03671987272860972
2024-08-23_016PG,2024-10-17_048JJ,83061,0.23381795058327828,0.30502150235652675,0.22592753016420922,0.2648239499235053,0.11783257713874559,0.20018632472155762,0.09338980526726864,0.06497911978093447
2024-08-23_016PG,2024-10-22_021CH,69401,0.0742612604624305,-0.09645780502359634,-0.08757613072069269,0.08106448578817076,0.18007777726439442,0.09287352437291628,0.0468272005485275,0.12574086771008072
2024-08-23_016PG,2024-10-29_049WG,76102,0.38555543698036077,0.6170642796543635,0.4241678567998273,0.35549948337319326,0.18427944549744033,0.3525409395905792,0.16649476537453553,0.12042660402211089
2024-08-23_016PG,2024-11-05_023LL,50329,0.1635255521648387,0.22438573780454377,0.1654037375561056,0.17003621733388438,0.08671756378966813,0.12260369807875562,0.03565720981991298,0.04820509263669587
2024-08-23_016PG,2024-11-13_025JC,84030,0.4386264394239462,0.6722604254871476,0.5163622711917284,0.49436948703758515,0.2950022795367909,0.520987803932054,0.31479513585261526,0.22411254322901686
2024-08-23_016PG,2024-11-26_050EH,89702,0.28556443764900646,0.48121673056826514,0.36560276292690624,0.29746705941430557,0.186773754934425,0.33975685887163215,0.18527761349475486,0.06505745650686778
2024-08-23_016PG,2024-12-05_043AS,68012,0.2567042104618624,0.4488197308319501,0.32196483519875696,0.19616560571276365,0.1518704385092216,0.15962790973647753,0.12021022054144632,0.02442929472530424
2024-08-30_014KS,2024-09-03_041WF,71680,0.30535704283993803,0.5912116476641132,0.477647987825657,0.3618428390561561,0.07237336554090693,0.3896775983182923,0.225987612222883,0.04172775766356133
2024-08-30_014KS,2024-09-09_043AS,48134,0.19303850419531723,0.39148643077517675,0.29677109500552734,0.40072175334958887,0.06502641739686019,0.19494508759675477,0.16762504447518312,0.14354950449435702
2024-08-30_014KS,2024-09-10_008TP,48634,0.029384170917028222,0.2914919388684199,0.26459559264810156,0.06423475649985522,-0.06765528334596309,0.07551067389495753,0.06264456789495935,-0.07508170006736702
2024-08-30_014KS,2024-09-10_045VS,45698,0.10329369782268778,0.33678136031892425,0.2234023525846205,0.47197691292177474,0.05545647253232442,0.2830278786473519,0.24069073862376764,0.1524962337684682
2024-08-30_014KS,2024-09-24_039CP,59388,0.20232762128013648,0.48712865399408645,0.48042994597182176,0.37661212779598885,0.07555826503014308,0.33467297390001793,0.3234557962061388,0.1322312755481796
2024-08-30_014KS,2024-09-24_046AA,51930,0.32916246473699745,0.5888350983324788,0.4807498565670958,0.34667893053077803,0.19924992237291755,0.45136763231623367,0.33645375105331476,0.1127217877148519
2024-08-30_014KS,2024-09-26_009ML,68453,0.32809229408443236,0.6262514246247914,0.4844914275807109,0.5749520196750338,0.21791494619585464,0.5208115947481355,0.430753166256506,0.2220817943616458
2024-08-30_014KS,2024-09-27_036RL,50616,0.2319884046769699,0.36536672442501367,0.3132095795489754,0.252547144576619,0.18579206847225554,0.38523895638538985,0.32624233712018846,0.11219354004348887
2024-08-30_014KS,2024-10-02_011CN,52747,0.023496712515635548,0.1437872444950453,0.20597284682432293,0.021238005400756887,-0.029111392190460415,0.1859523751188639,0.23226241852081037,-0.0711673306722129
2024-08-30_014KS,2024-10-10_019LR,55969,0.1960027291011849,0.4120778770046077,0.4586041972691975,-0.034552707853215375,0.11655479847175303,0.3509556457647898,0.268878044338125,-0.06801573574055961
2024-08-30_014KS,2024-10-16_020JS,58355,0.008144960620799264,-0.12262329108323856,-0.04170913792286097,-0.028796940798009023,0.071889780748038,0.06104209490086775,0.08058811331295651,-0.03748861285265066
2024-08-30_014KS,2024-10-17_048JJ,57383,0.14026707051342746,0.1187567026368179,0.06467928796485291,0.173029499145114,0.1533590151944829,0.13846978767359483,0.08211751947600593,0.041596239341029746
2024-08-30_014KS,2024-10-22_021CH,49025,-0.0683606961201828,-0.13699936966612553,-0.014740209204987453,-0.16836217213999913,-0.06644155525064735,-0.007906757117147655,0.06598151793372498,-0.13094939511096015
2024-08-30_014KS,2024-10-29_049WG,48071,0.2494321963463908,0.34411711181501775,0.20298204080535123,0.26511380348305724,0.14774487678594195,0.29673976623554743,0.186405478306218,0.08093511626516797
2024-08-30_014KS,2024-11-05_023LL,45081,0.2918289081574546,0.25978862121460133,0.28854321543611094,0.2169473752432458,0.23388984723823675,0.36312153261901764,0.34275862052105904,0.1796838059120882
2024-08-30_014KS,2024-11-13_025JC,79731,0.5277135447769603,0.8722814037782517,0.7272837180819525,0.4833282745951099,0.3835681783901076,0.812437032728099,0.5296085827465148,0.1609211358334733
2024-08-30_014KS,2024-11-26_050EH,64369,0.21016877536325654,0.4714062514333103,0.4000034556290499,0.254513912188309,0.09347645302160704,0.338222217001805,0.25694212161184055,0.0562743140913428
2024-08-30_014KS,2024-12-05_043AS,64369,0.41901011765682994,0.6832773597672015,0.5481037448149457,0.24237035750641553,0.2757046238315572,0.565673141568577,0.42990141662488485,0.1100331500278638
2024-09-03_041WF,2024-09-09_043AS,66899,0.311699267854343,0.6534327603375587,0.6058059336854846,0.3607561759004025,0.1899187698014025,0.5214060270925932,0.4273898216632637,0.12984721025858229
2024-09-03_041WF,2024-09-10_008TP,67242,0.281960542740331,0.5419536168120769,0.48897060149268207,0.3033740739051735,0.1456603641585237,0.399533670496187,0.29707839252836504,0.13555529352726306
2024-09-03_041WF,2024-09-10_045VS,53985,0.38050821294270354,0.623620106640564,0.5755968904311984,0.4741269535276788,0.26576541834768547,0.45813987174496384,0.4001240318677142,0.15580050719798813
2024-09-03_041WF,2024-09-24_039CP,72607,0.3487096775410942,0.6783594710608543,0.5990309490398132,0.4794428792769539,0.13966194125840206,0.4757439503652052,0.3708803198617255,0.18614537871763223
2024-09-03_041WF,2024-09-24_046AA,73589,0.3723479206191678,0.5937562948497508,0.5626447325352251,0.2860981197720336,0.2909339272493735,0.43044791502387936,0.36254416859639965,0.1312974229637179
2024-09-03_041WF,2024-09-26_009ML,81996,0.39772819903895296,0.6772587624414813,0.6054470058451322,0.4032637208400994,0.2443006326120214,0.5169137799145666,0.37809089414787117,0.10174159473492357
2024-09-03_041WF,2024-09-27_036RL,64531,0.19252517174287895,0.3541833267058144,0.3637943637157644,0.042514595174419356,0.12703798430151228,0.3597117453907514,0.27509004526861747,-0.004737509593877459
2024-09-03_041WF,2024-10-02_011CN,64838,0.2880333284749815,0.3277724241942481,0.33554944152737975,0.20248714005915167,0.15368197273795192,0.26110939885025275,0.26511060504384204,0.05351378188009801
2024-09-03_041WF,2024-10-10_019LR,73712,0.41071306000571545,0.5134131425986354,0.5644766001989979,0.17692188312184456,0.1612525284952483,0.4223870546284286,0.3866026937485521,0.11372921552208662
2024-09-03_041WF,2024-10-17_048JJ,71366,0.27452584477317604,0.3274949787399263,0.2991819566400945,0.20485141972198892,0.11167537159224084,0.18703652259547116,0.1160168116231177,0.06857506740568838
2024-09-03_041WF,2024-10-22_021CH,58750,0.06232795702314368,-0.04643401870151823,0.026177412943142492,-0.032142749232642445,0.1023145161635067,0.18961267653436256,0.21015130618225272,0.10436554970762596
2024-09-03_041WF,2024-10-29_049WG,61114,0.2854757867482114,0.4997427604372464,0.3965365348242634,0.2510142163583655,0.09028769180952294,0.33953077249477975,0.19139448658019936,0.029803246011598578
2024-09-03_041WF,2024-11-05_023LL,45745,0.2682236934870338,0.28767367957158746,0.3449379681070119,0.07272919803131378,0.14071930232875066,0.2896029962038267,0.22660137476626904,0.04406142539656053
2024-09-03_041WF,2024-11-13_025JC,77342,0.37738230556632724,0.7149044527114993,0.5641983240344978,0.6327500837788521,0.15036442657384225,0.540181857916393,0.35665619145869143,0.2901143220064633
2024-09-03_041WF,2024-11-26_050EH,79825,0.38263955498938973,0.5788286038699637,0.5593991299592513,0.22287005570639853,0.18690228375111148,0.5051899798810706,0.38849668586890856,0.09728299429682019
2024-09-03_041WF,2024-12-05_043AS,62316,0.3012740057255479,0.6025339372777417,0.564481400076821,0.13011998470671465,0.13503440660888547,0.3512168027426781,0.2782134828659508,0.010731130238133959
2024-09-09_043AS,2024-09-10_008TP,48923,0.24624894015173454,0.4563995599657091,0.4855875472403911,-0.013733177300125594,0.15576034336360656,0.4321119638083319,0.3635851792102593,0.03506814717034449
2024-09-09_043AS,2024-09-10_045VS,42190,0.16946048206531786,0.4473258680099647,0.3476191520422701,0.4460020781112064,0.048257535546056544,0.16971556262485707,0.10105564398231733,0.12895574128440065
2024-09-09_043AS,2024-09-24_039CP,57384,0.4310692084076898,0.5800097056679616,0.5782803816833965,0.2461225530785604,0.37090554181245994,0.5783096253831246,0.5095508580495609,0.16092020705481247
2024-09-09_043AS,2024-09-24_046AA,55016,0.3674429382701196,0.6343785984652457,0.5956123842032883,0.13917863167004332,0.2215682417799714,0.44925353691214454,0.32340475613390124,0.015093401420321019
2024-09-09_043AS,2024-09-26_009ML,65238,0.30061889922037843,0.6235878755286983,0.5483282344754675,0.3219021697544985,0.10213317757227335,0.40504257969207913,0.3041017116795642,0.11651161838688003
2024-09-09_043AS,2024-09-27_036RL,53544,0.28430869917393214,0.3583210365788973,0.3705026180565424,0.07619106136032042,0.2012011837747695,0.3375428065013977,0.303553379651807,0.011861368367729724
2024-09-09_043AS,2024-10-10_019LR,46818,0.23422693903740485,0.15714312060194413,0.2625843784504347,-0.02137476673566852,0.23356551122858088,0.31539610180240807,0.3437495882308874,0.10009415266804972
2024-09-09_043AS,2024-10-17_048JJ,45264,0.08537497604855754,0.19359914785976137,0.17153194753507395,0.23672810981192863,-0.0016834120726947105,0.07618966671004827,0.0421501687238167,0.09468340442968483
2024-09-09_043AS,2024-10-29_049WG,54994,0.3543757408673908,0.5945176143895996,0.47641465930256816,0.2777146316597408,0.09353442262013874,0.29730005891141537,0.1860108281804436,0.05969106201945401
2024-09-09_043AS,2024-11-13_025JC,54786,0.2484942129803968,0.5367765299083727,0.42944966575015525,0.34898104667964913,0.08844393505903088,0.3810217681655431,0.2807342859348944,0.15808176415799188
2024-09-09_043AS,2024-11-26_050EH,54347,0.08163769470729375,0.2808588908430287,0.27161326142833847,0.18181281306166894,0.0018538579567390638,0.23491150151993148,0.20442148577079042,0.030966549601248613
2024-09-10_008TP,2024-09-10_045VS,38822,0.17920220310803567,0.3842612072894074,0.3846474323318587,-0.027822770866704663,-0.03293396853348837,0.23592046057116697,0.10179114992881345,-0.09246809985149392
2024-09-10_008TP,2024-09-24_039CP,74310,0.40987056320213644,0.7781593645877758,0.7172990059691745,0.3516528999152958,0.2316257874189006,0.6080899155439969,0.48818765699088834,0.09022471941614561
2024-09-10_008TP,2024-09-26_009ML,56490,0.11319666185711542,0.42383461800294725,0.3635678594035801,0.16071019040126286,-0.06028790652207704,0.2571629880816175,0.12261908308648131,-0.0367349017211363
2024-09-10_008TP,2024-10-02_011CN,46553,0.0913282230462424,0.20888252318344885,0.2211658759437704,0.06857411539759944,0.039775649436898874,0.1474119486253121,0.09153540182036389,0.062137592984736666
2024-09-10_008TP,2024-10-10_019LR,53950,0.24279566892884075,0.4574542250393235,0.3939183411763032,0.07873242028628728,0.028170081765462155,0.1642284784202772,0.09588089697627464,-0.0913053592487817
2024-09-10_008TP,2024-11-13_025JC,56484,0.11332553795783246,0.48112255351581035,0.4104751734530096,0.40167146926080655,-0.034763925692709106,0.21747598147563507,0.126948311477274,0.15973727688858577
2024-09-10_008TP,2024-11-26_050EH,48949,0.1611230286104225,0.27576452799370915,0.21279615050761075,0.12622029598935747,0.030472929476366296,0.20473328613772554,0.1039929005298525,0.07167729427262932
2024-09-10_045VS,2024-09-24_039CP,43251,0.2188797613309859,0.4303244481829606,0.4017918296468931,0.2472036800157548,0.06757027754856051,0.3127550848193483,0.24036257343766765,0.052180096824581405
2024-09-10_045VS,2024-09-24_046AA,42437,0.09629935181664881,0.30661262433741726,0.3052406221992917,0.1559604542682663,0.11931096887811952,0.21191632856465506,0.2067051725816614,0.061807084380830934
2024-09-10_045VS,2024-09-26_009ML,52127,0.31011051129781797,0.6342035556169998,0.5540035578382748,0.490794367529435,0.189337308103773,0.5465936723141069,0.46525649882667,0.22144444464856633
2024-09-10_045VS,2024-09-27_036RL,40324,0.03528119970707208,0.12674527954201106,0.16807944899817026,0.06023604158999688,0.08081126248704815,0.23007299235444295,0.23804226238443538,0.03007339325885011
2024-09-10_045VS,2024-10-02_011CN,36249,0.19968632779353815,0.3650628424070227,0.3645586375982204,0.17011980989911502,0.11738990891475677,0.26526692287353665,0.24384112262668997,0.004231040754812383
2024-09-10_045VS,2024-10-10_019LR,42324,0.10173159262241065,0.15656624879822362,0.23402573808744542,-0.06636249706330516,0.11662002803489634,0.2579585918240731,0.27763255888797156,-0.053542903422052486
2024-09-10_045VS,2024-10-16_020JS,35869,-0.09708305917830821,-0.20430957865545651,-0.1986348279074271,-0.01947964714866913,-0.1027916214745463,-0.17872846816475862,-0.1980374735376774,-0.022657698877896957
2024-09-10_045VS,2024-10-17_048JJ,42426,0.1077847254503765,0.35776404001208456,0.2624670489113439,0.3575339730495232,0.01147816728849699,0.18435602195415218,0.1208321543201838,0.09448439776106288
2024-09-10_045VS,2024-10-22_021CH,34846,0.034638094471566475,-0.01737530253500147,0.045731618893795005,-0.13513110354749927,0.06289285177266322,-0.014075586421888994,0.0561336803139934,-0.11011645606891832
2024-09-10_045VS,2024-10-29_049WG,41857,0.24281913399483318,0.5217578637753331,0.42214100530529675,0.2618905169209493,0.10674664704699498,0.18032100151881741,0.15529628156702682,-0.003950790214846061
2024-09-10_045VS,2024-11-05_023LL,31043,0.12103954345540997,0.2780474086303115,0.282722501706506,0.15943709456244026,0.06684058863761043,0.168362927720637,0.16441734203402986,0.0791271005913939
2024-09-10_045VS,2024-11-13_025JC,48158,0.14664920578651514,0.4127648784650087,0.3317025110680891,0.2638133516858544,0.07104496003647952,0.3477089301830361,0.2804332304625689,-0.016341924132926938
2024-09-10_045VS,2024-11-26_050EH,46616,0.18641648981630823,0.2847433268409397,0.2963886271575942,0.21721947413918885,0.13100273338584192,0.3485864133002612,0.342068071093275,0.08023383932561844
2024-09-10_045VS,2024-12-05_043AS,38459,0.16044304017959568,0.3939636116109714,0.32739796737325044,0.34252531509717743,0.10822817183016467,0.23061021900473588,0.25871246886175514,0.10461603937077851
2024-09-24_039CP,2024-09-26_009ML,67563,0.20285116526529684,0.531756836127158,0.45201078294951624,0.482895727766493,0.0972923721896113,0.42522090860117034,0.33609913031558203,0.18280657947556073
2024-09-24_039CP,2024-10-02_011CN,51780,0.15296883755942886,0.28125047796290475,0.3013408347471336,0.09364107777669284,0.15681063064348155,0.26950068047808634,0.28303967665933416,0.029339420857931536
2024-09-24_039CP,2024-10-10_019LR,59748,0.3399631608832493,0.6245152019320759,0.5987258198094129,0.24575934353589962,0.14886839550697564,0.46019268966791016,0.37226748309948093,0.1635634270970425
2024-09-24_039CP,2024-10-17_048JJ,49506,0.08853883380948734,0.21437962166347194,0.1327762697497295,0.17131133815033173,-0.037071394546469794,0.06876916038529592,-0.05200004763747771,0.05579779849091442
2024-09-24_039CP,2024-11-05_023LL,32019,0.12166034800395532,0.34183309224106173,0.3502042810430648,0.1628540547654941,0.0017344196981020036,0.24923018772922395,0.18759104356737893,0.11492354352071626
2024-09-24_039CP,2024-11-13_025JC,69363,0.36610054704056233,0.688625936885417,0.6086462577292038,0.5583329618174814,0.19861361496985705,0.5110460830391756,0.36940284134019874,0.255331168077001
2024-09-24_039CP,2024-11-26_050EH,52592,0.232870331996023,0.3878684663086188,0.3185675787598318,0.20694005756929698,0.08640804294217437,0.3276770035282118,0.19628648309066946,0.07684841731484375
2024-09-24_046AA,2024-09-26_009ML,59713,0.33970962380093367,0.6275186997467055,0.5246544792376988,0.3785298729439231,0.1825195089999159,0.40376574370362883,0.3085179920162963,0.10578012134594461
2024-09-24_046AA,2024-09-27_036RL,72652,0.32977614427075097,0.5582420361306714,0.47811398927878623,0.36788591279409677,0.30493945419308954,0.4939300638926625,0.3941928312303089,0.13216135877241086
2024-09-24_046AA,2024-10-02_011CN,51315,-0.00615142326708811,-0.031314140664567176,0.043825156949299,-0.07422396741920317,0.056019715142073226,0.03437409324526586,0.09001723692799596,-0.006447342595113056
2024-09-24_046AA,2024-10-10_019LR,62811,0.4553914905478902,0.4740322311678219,0.4567284970508178,0.2275082811049682,0.2912548656935177,0.3913497304012366,0.3402988818560705,0.08994261089588423
2024-09-24_046AA,2024-10-17_048JJ,67327,0.29233598659284205,0.410815798348391,0.36795479762440747,0.1804858058300292,0.18585604735570907,0.3230323497535062,0.23444485268302404,0.07416217715778176
2024-09-24_046AA,2024-10-22_021CH,47110,0.055422065871459925,-0.0884617357211911,-0.03219083318616161,-0.026058760567116635,0.08373777315902635,0.10694028148894977,0.11443555222531031,0.0454313554706464
2024-09-24_046AA,2024-10-29_049WG,74887,0.4249730201479608,0.630069992121157,0.5421825206048108,0.34853747810929886,0.33414278391028723,0.5714007630937793,0.40208949216914863,0.13484132894205733
2024-09-24_046AA,2024-11-05_023LL,35967,0.28134234748117365,0.19815500592490246,0.2659044273801897,-0.005518336490499712,0.17076122913656974,0.2697393804661274,0.21120761307023553,0.0571565141364291
2024-09-24_046AA,2024-11-13_025JC,56192,0.3540814674684498,0.6350170925404205,0.4923123265705376,0.28179140598749663,0.18480498554755329,0.4677916756920048,0.2966564418059206,0.08280911751192807
2024-09-24_046AA,2024-11-26_050EH,71714,0.3042240124078233,0.616736900375363,0.4404166762759159,0.4032413143729491,0.170580205533716,0.3546068121317805,0.2106983515430902,0.11577529282591917
2024-09-24_046AA,2024-12-05_043AS,58862,0.3744148689429488,0.7218827036849261,0.6295092733292309,0.19211239636160674,0.17292139910721482,0.4717204369037998,0.34443171828984415,0.07761175203901431
2024-09-26_009ML,2024-09-27_036RL,59212,0.25655797976322603,0.42427422005103566,0.41139753731571155,0.22884760096225668,0.16525282426433224,0.42646703310465034,0.37856680377751917,0.07277444757052515
2024-09-26_009ML,2024-10-02_011CN,54591,0.011152640328698768,0.04676562154067402,0.09493871665343813,0.04983741291705324,0.028954392381874316,0.09186127723945679,0.17985749738273918,-0.00042594110592102124
2024-09-26_009ML,2024-10-10_019LR,61808,0.2940874312263062,0.33928356373944235,0.37281384170876936,0.1094274288811071,0.19874448095953018,0.39774636308594036,0.3582027822648939,0.06482744606969663
2024-09-26_009ML,2024-10-16_020JS,51792,-0.11166452754587351,-0.31647766094765073,-0.28610585587596776,-0.06517411224189508,0.018693364006487072,-0.10466605053040394,-0.03240388799980114,-0.06706305501726735
2024-09-26_009ML,2024-10-17_048JJ,59389,0.1165547739816007,0.22591715220060887,0.18530571128405238,0.12529643603336363,0.05622738918927672,0.19107852908766768,0.15410328850025348,-0.0074831891589957735
2024-09-26_009ML,2024-10-22_021CH,50805,-0.10289617603934895,-0.229853576321384,-0.1846163465666501,-0.10851261876289847,-0.015142122936741957,-0.06311327646305265,0.004280509129804046,-0.06450943379295984
2024-09-26_009ML,2024-10-29_049WG,56418,0.30397011743051355,0.5032491563613081,0.40647552215257726,0.23033570915000773,0.09263310240420299,0.30206350727801773,0.19731912972629284,0.03821344303251819
2024-09-26_009ML,2024-11-05_023LL,41666,0.2309191446601845,0.25744767138807284,0.25638563120850194,0.2099813806401338,0.17673360911078909,0.28576372920342547,0.24311340624102354,0.14712957702035684
2024-09-26_009ML,2024-11-13_025JC,76966,0.3992680491206805,0.7061243097478236,0.5445040555089602,0.45436022517877445,0.29125340303834724,0.633933778762732,0.4118472657761574,0.11531856817885286
2024-09-26_009ML,2024-11-26_050EH,67216,0.2199940518283096,0.46835542144947395,0.34778390292189293,0.26234687966624803,0.05442315538938222,0.3961169280714329,0.2645110667787149,0.039403580587242304
2024-09-26_009ML,2024-12-05_043AS,56308,0.307153749893018,0.524531059819159,0.44029607732707526,0.06611106876674408,0.18895159400071557,0.35424093676698143,0.3217691416415566,-0.011140674206919709
2024-09-27_036RL,2024-10-10_019LR,53311,0.16688713547596162,0.2645575861961954,0.24154804520709247,0.15126734498517258,0.20903513825486472,0.27378274701887384,0.23922527791593512,0.06489573864489957
2024-09-27_036RL,2024-10-16_020JS,55643,0.2337675017284029,0.09662427472007355,0.11496815400490776,0.009951792490698132,0.18758992325580914,0.14018865833390054,0.11096074399910565,-0.012862339726770772
2024-09-27_036RL,2024-10-17_048JJ,63872,0.2565458375964026,0.46365012005111966,0.40876993126594574,0.16744975722230745,0.16755510131922344,0.3451204618070227,0.2467208646329373,0.05354016529565929
2024-09-27_036RL,2024-10-22_021CH,47311,0.17906245297481335,0.29186569970443044,0.27255371640215253,-0.015051769390617548,0.07943298280818122,0.2799223034638778,0.2018311189264848,-0.0014422548795331276
2024-09-27_036RL,2024-10-29_049WG,64008,0.21097816965294777,0.46340950271215964,0.39089791948381464,0.18660449171439042,0.1707555269523481,0.4201348218631958,0.27750473542306736,0.02196035607550929
2024-09-27_036RL,2024-11-05_023LL,38886,0.29398971462408413,0.32367035483710915,0.35754369077032816,0.0972608314002816,0.19484057741457378,0.43087941887324177,0.364847462460615,0.11834546924374048
2024-09-27_036RL,2024-11-13_025JC,53468,0.28660603598086315,0.4225235093085779,0.3357047684289915,0.1045579403228993,0.2086851451367769,0.47456314625203017,0.3136760709174179,0.027359743601424985
2024-09-27_036RL,2024-11-26_050EH,73316,0.247355973560505,0.5995105017199259,0.5163405041838596,0.26408560912751794,0.12081709137412387,0.40035081806178446,0.3176870051068091,0.06637057000662953
2024-09-27_036RL,2024-12-05_043AS,56156,0.2683412200730771,0.3834080983460021,0.31497048522987636,0.04073328752412184,0.19634643466016952,0.3099204162600958,0.25048010421595224,-0.03626931530437388
2024-10-02_011CN,2024-10-10_019LR,51252,0.12592528106559492,0.31974085616519343,0.2854354275585665,0.23253128123157157,0.10246946788433638,0.38450242893519226,0.31527564344886133,0.10665991144927649
2024-10-02_011CN,2024-10-16_020JS,52929,0.01730875612929538,0.1610400307102593,0.13258239619272616,0.12115053455793702,0.019073906168415394,0.10526172890843141,0.06110805344645376,0.0448501529554306
2024-10-02_011CN,2024-10-17_048JJ,52560,0.10638965858562764,0.1632422161172567,0.11153565631666043,0.20384075179889805,0.02636589740508817,0.04023152828777187,0.03130748283684519,0.052665943164326885
2024-10-02_011CN,2024-10-22_021CH,50038,0.22875703802983202,0.3780380179044276,0.3786829040516179,0.1777632889877011,0.22157250174089013,0.31484955244654894,0.3039447440862291,0.07113315148927452
2024-10-02_011CN,2024-10-29_049WG,45943,0.10152501259414796,0.29644163107788857,0.2402041748499968,0.15151835647590275,0.033511483231493125,0.1795094271002868,0.12167372792031297,0.00265456343419376
2024-10-02_011CN,2024-11-05_023LL,40820,0.16343159049744285,0.4346767112714032,0.4134662346978178,0.24785177666917882,0.08492204876304918,0.25910665040090397,0.2777727070754271,0.03160399912696806
2024-10-02_011CN,2024-11-13_025JC,56457,0.11474849437866647,0.2213797330116065,0.23650695743029826,0.21205616253255763,0.07029553803927219,0.22679370407674346,0.23272324254412063,0.11474728394825716
2024-10-02_011CN,2024-11-26_050EH,53087,0.13815689953221802,0.1491856699613887,0.18912095790943972,-0.08070555724974922,0.11011028033908016,0.1748868611890271,0.1063558856990806,-0.05812828851228842
2024-10-02_011CN,2024-12-05_043AS,44875,0.07058295487849763,0.11389544337958891,0.08456612026521336,-0.01490966069615874,0.027673045689080772,0.026773423892999217,0.020382970934579466,-0.06111494663557464
2024-10-10_019LR,2024-10-16_020JS,60178,-0.03595692168682205,0.15223219185795486,0.0539470122281694,0.15361665068690764,-0.014835345349108566,0.09054807441573409,0.004232920207060423,0.01999199996448491
2024-10-10_019LR,2024-10-17_048JJ,68770,0.19309516398821547,0.07122000174368827,0.08418064601275713,0.07287695871929153,0.13083338113271517,0.0624120198153314,0.0566102736078394,0.03609982100215505
2024-10-10_019LR,2024-10-22_021CH,46326,0.0028946112047172367,0.0101091603403866,0.046022736634146466,-0.019464520161891593,0.023932800434439395,0.11223926687999411,0.12145499423839332,0.03453295536857292
2024-10-10_019LR,2024-10-29_049WG,51912,0.24116674627906037,0.1466072912340017,0.15022155544583615,0.08134632433675404,0.23224283787105773,0.246344959117192,0.20231207181747363,0.03287451910676704
2024-10-10_019LR,2024-11-05_023LL,38049,0.29091548433360187,0.16877616997466585,0.2632660816989006,-0.0646831434783542,0.2251612700986573,0.3109513059443016,0.3069129418667324,0.017118615355268017
2024-10-10_019LR,2024-11-13_025JC,59717,0.3251638860081551,0.5148472695857043,0.5477231357434579,0.242229042764649,0.21284638161970024,0.4251770219449296,0.33921125616477243,0.16745287451228738
2024-10-10_019LR,2024-11-26_050EH,64871,0.39420726823749747,0.5874080853095577,0.5657436580154449,0.11601368796039854,0.23265966354741952,0.49473276468884764,0.38988930731105503,0.05069782975453764
2024-10-10_019LR,2024-12-05_043AS,47643,0.16483118179201608,0.2321289717601138,0.31832075398623816,-0.2690772808187737,0.04962162147888141,0.1781748820221367,0.16801043445294495,-0.14808615290837554
2024-10-16_020JS,2024-10-17_048JJ,73254,0.1514150273631187,0.08557486324445401,0.15290696345403984,0.003220073933321284,0.11892226602524036,0.11622843478383198,0.14749075588593955,0.013653835884589634
2024-10-16_020JS,2024-10-22_021CH,59819,0.15872107030522792,0.35794941502984307,0.35756314066382106,-0.014174159992512982,0.09887059015563184,0.288203812207641,0.22798952622136973,-0.029891244659163426
2024-10-16_020JS,2024-11-05_023LL,47233,-0.010165532827296228,-0.06138628628850233,-0.032613864382022344,-0.0745625777452984,0.016157112667621244,0.023900331464449556,0.007507396289511221,-0.07287592621142804
2024-10-16_020JS,2024-11-13_025JC,57351,0.042337313514865665,-0.0759350461081528,-0.011569448581445221,0.018698029219299046,0.07679747505275983,0.059480709626042495,0.075452791641524,0.03331131314450037
2024-10-16_020JS,2024-11-26_050EH,65583,0.043185272355019406,0.1295105383213809,0.16169562194580295,0.03568425503147517,-0.015089057453677331,0.07783762844681964,0.04201292517201054,0.022294277338740596
2024-10-16_020JS,2024-12-05_043AS,53702,0.061905343169274034,-0.13196977952153868,-0.07486426975349555,-0.06147146238367312,0.114649291078323,0.0024522589702648547,0.014645362736285595,-0.038856013260819305
2024-10-17_048JJ,2024-10-22_021CH,52402,0.054163898873894036,0.2411470965753861,0.13115720820664048,0.22706884371901342,0.015559344683114852,0.19776461566984915,0.0794198640790854,0.09843617774192406
2024-10-17_048JJ,2024-10-29_049WG,57096,0.23350450286705032,0.3636195595465234,0.24022683049637047,0.20007131617074314,0.12215478376130758,0.21744786184060738,0.10040140545332439,0.017005576280200742
2024-10-17_048JJ,2024-11-05_023LL,44503,0.15510867251154295,0.39283636146716594,0.30785652705533484,0.32246789287455485,0.08327190213691477,0.19224974087284105,0.15423997431214526,0.02982543732629709
2024-10-17_048JJ,2024-11-13_025JC,58156,0.18750952954976352,0.18910488781115384,0.07768454122897926,0.10906823279740495,0.14733340785612897,0.18556722663351743,0.05657628663387967,0.05151075312570926
2024-10-17_048JJ,2024-11-26_050EH,71092,0.21977963033676554,0.3892579743676432,0.34831729513140425,0.0956907981850144,0.09528210688881375,0.24471524056927402,0.14385996738771864,0.031703477059959975
2024-10-17_048JJ,2024-12-05_043AS,58536,0.20359668567482953,0.3633069841008448,0.3170741412722631,0.18875479687136842,0.13365524329769624,0.24843209006109154,0.1794826008490466,0.04152389976175357
2024-10-22_021CH,2024-11-05_023LL,41390,0.13989418887701358,0.24814352255563182,0.19802287136986688,0.27096433167991624,0.1361689847849049,0.2207210446953669,0.21197194031799876,0.07418494981288339
2024-10-22_021CH,2024-11-13_025JC,49395,-0.04067015426802942,-0.1044502942965944,-0.023363358329831992,-0.03529642086610804,-0.013975638199063467,0.007461508110353793,0.0651932305874628,0.09067762843240887
2024-10-22_021CH,2024-11-26_050EH,59785,0.15479479723682757,0.12582203343604847,0.14255744084345917,0.002063143578582086,0.14060388911719687,0.1647089874515228,0.11224992182097106,0.033554861977009985
2024-10-22_021CH,2024-12-05_043AS,45353,0.0869308681541656,-0.10545899440950035,-0.06632517146241576,-0.05508019202949558,0.11154651535796617,-0.014987927517528445,0.01544872044992036,-0.07729865886637781
2024-10-29_049WG,2024-11-05_023LL,33859,0.09002366775692014,0.1408079186980256,0.15533119677797258,0.02310387465776365,0.09890321846860907,0.20782150619534115,0.12074909597985745,0.07839536054965365
2024-10-29_049WG,2024-11-13_025JC,51990,0.3012082723363123,0.4516193276098464,0.26301003979266485,0.30546879611057903,0.14820192848880914,0.3535813730324246,0.13920792159882128,0.15300426831142386
2024-10-29_049WG,2024-11-26_050EH,58877,0.12189298209310118,0.269768829784834,0.1291164032683082,0.14626764675499132,0.04364068368527899,0.15573025623256886,0.023002409426850876,-0.03198475256173007
2024-10-29_049WG,2024-12-05_043AS,51569,0.2609975984802603,0.44916128785424353,0.29128350990479884,0.23141526520581213,0.12440149590246287,0.27657995241459765,0.13165321181645173,0.021446844142062514
2024-11-05_023LL,2024-11-13_025JC,41569,0.20719842596246082,0.27630098194796254,0.32177152135258985,0.06628850519761703,0.16330138117378998,0.3259487393150985,0.2341831801640546,0.11177101219368392
2024-11-05_023LL,2024-11-26_050EH,46842,0.17404059486166024,0.22577180212385176,0.27528156840481316,-0.006312888696791074,0.07691895532229875,0.23616013492284238,0.20388670777701026,-0.013339083411099842
2024-11-05_023LL,2024-12-05_043AS,41677,0.2689768199463545,0.3670729117604389,0.4000302260805508,0.10228384318108824,0.15573571174715373,0.35156236817476183,0.34249895925244733,0.05296557922753052
2024-11-13_025JC,2024-11-26_050EH,64876,0.2803667707533557,0.48131030372651284,0.35850470119556316,0.13523097940706474,0.1377065300244482,0.41560167235577666,0.2348012668794958,-0.010397597159977606
2024-11-13_025JC,2024-12-05_043AS,62308,0.3150670018507197,0.6006843268461838,0.46119611428051277,-0.07139047261204726,0.15739011933341343,0.49253217987370645,0.3174964662628368,-0.13260954310814774
2024-11-26_050EH,2024-12-05_043AS,66008,0.3463602705379874,0.5347120814197349,0.4892037093729417,0.13774501970263903,0.2469015606646151,0.3380337618573884,0.28950671616049356,0.02973282957480612
