cohort,seq,bin,n_subjects,bic,rss,gas_shift_ppm,gas_a,gas_a_te,gas_phi_deg,gas_ppm_from_gas,gas_fwhm_hz,gas_fwhm_ppm,gas_wL_hz,gas_wG_hz,gas_T2s_ms,rbc_a,rbc_a_te,rbc_phi_deg,rbc_ppm_from_gas,rbc_fwhm_hz,rbc_fwhm_ppm,rbc_wL_hz,rbc_wG_hz,rbc_T2s_ms,mem_a,mem_a_te,mem_phi_deg,mem_ppm_from_gas,mem_fwhm_hz,mem_fwhm_ppm,mem_wL_hz,mem_wG_hz,mem_T2s_ms,ratio_rbc_gas,ratio_mem_gas,ratio_rbc_mem,ratio_rbc_gas_te,ratio_mem_gas_te,ratio_rbc_mem_te,model,mem1_a,mem1_a_te,mem1_phi_deg,mem1_ppm_from_gas,mem1_fwhm_hz,mem1_fwhm_ppm,mem1_wL_hz,mem1_wG_hz,mem1_T2s_ms,mem2_a,mem2_a_te,mem2_phi_deg,mem2_ppm_from_gas,mem2_fwhm_hz,mem2_fwhm_ppm,mem2_wL_hz,mem2_wG_hz,mem2_T2s_ms
ALL,v2,0,4,-9098.062702719946,0.12734672909632028,-0.2830534093369049,0.032833801270314426,0.03559537637913342,8.396518161189075,0.0,37.80268858039622,2.146412373108776,37.80268858039622,0.0,8.420297553885105,0.09189037056357074,0.1364091558136094,-56.18379895044937,217.40521457061197,184.92991091408186,10.50020154253612,184.92991091408186,0.0,1.7212460905346834,0.33273255640150096,0.4680136906524011,-100.00300421673508,197.6479331654621,159.69724748319328,9.067507122419272,106.5188291481787,90.00239559326312,1.9932083439151949,2.7986516031773125,10.133842063006268,0.27616885933064117,3.832215576559394,13.148159628022876,0.2914640288053496,M2,,,,,,,,,,,,,,,,,,
ALL,v2,0,4,-9091.93489901871,0.12553296124523783,-0.29226551230663766,0.032778790508289586,0.03553177801080368,8.87195543038144,0.0,37.75051140028728,2.143449786340865,37.75051140028728,0.0,8.431935737468402,0.1046784046124431,0.15917777943451578,-49.99391767421888,216.90067686503147,196.1953774148394,11.139847493501838,196.1953774148394,0.0,1.6224127722986557,0.5109359836004705,0.7757429627322583,nan,197.98678097972467,182.8499999999999,10.382105536971462,182.8499999999999,0.0,1.7408251910516317,3.1934797772959462,15.587395864141403,0.20487577303675875,4.4798709309203915,21.83237108191964,0.20519397156227218,M3,0.4210091437011734,0.6029367736414988,-109.37824166965557,198.06814632860676,168.12275575484134,9.545902069528246,168.12275575484134,0.0,1.8933182766047094,0.08992683989929713,0.17280618909075945,54.32468410618188,189.79226551348998,305.75266531631377,17.360439920832842,305.75266531631377,0.0,1.0410698655872255
ALL,v2,1,4,-9069.371929313093,0.13097240871683877,-0.12167156226747787,0.03827055186430911,0.041418887519426774,2.6734150275112314,0.0,37.006462761443544,2.10120318260493,37.006462761443544,0.0,8.60146748517215,0.11426324041192974,0.17200258229718274,-55.32201804558217,218.05358742646973,191.45617707327978,10.870758742575267,191.45617707327978,0.0,1.6625730809508312,0.42404606401367617,0.5970395693940321,-99.79784438558445,197.66804440521267,160.15729189640018,9.093628148668154,109.45390454384929,87.95706379441158,1.987482945139292,2.9856700477447506,11.080218166624846,0.26945950006092867,4.1527571742845115,14.414669373097034,0.2880924332565721,M2,,,,,,,,,,,,,,,,,,
ALL,v2,1,4,-9076.264286598129,0.12747262603047388,-0.13497891517151622,0.03835382011547746,0.041519940588966665,3.3735969774089636,0.0,37.1297590539044,2.108203866885192,37.1297590539044,0.0,8.572904707560138,0.20130715190886833,0.3527456847648937,-55.87985171028428,217.2880953456602,262.56609997049793,14.908334483591526,262.56609997049793,0.0,1.212303820712408,0.8260829743121797,1.5048576154701787,nan,197.1606413266597,199.05000000000018,11.301931130074776,199.05000000000018,0.0,1.59914537143326,5.248685823283402,21.53847965665404,0.2436887796610049,8.495813812860582,36.24421408420977,0.23440469127352065,M3,0.28196708153562666,0.7222689502148849,-227.70289080432042,203.97499574626926,440.3008603333205,24.999999999999275,440.3008603333205,0.0,0.7229372341966829,0.544115892776553,0.7825886652552939,-85.03152560636131,197.0407671125327,170.1295957096126,9.659849152964103,170.1295957096126,0.0,1.8709847916590663
ALL,v2,2,4,-9064.384873284193,0.1316130769805712,0.018845448902219952,0.045725691838487445,0.04941577784288468,0.8261615715208404,0.0,36.32919327048435,2.0627482559868864,36.32919327048435,0.0,8.761820935957902,0.16244636407733545,0.24364733308987127,-57.59868808149512,218.03054627622996,189.75666737851776,10.774261673873461,189.75666737851776,0.0,1.6774635146223396,0.5249620841618944,0.7449018541034854,-100.12426221104626,197.6428338040678,163.8015329315998,9.30054581358259,97.42269692286371,102.10497155421851,1.9432656122742786,3.552627801699085,11.48068105817116,0.30944399410613094,4.930557480336288,15.074170368659754,0.32708649031771986,M2,,,,,,,,,,,,,,,,,,
ALL,v2,2,4,-9070.838358934483,0.12815119408288603,0.015592600972312708,0.04584299431645552,0.04955386696794459,0.9985521428283303,0.0,36.43614071301556,2.068820663070661,36.43614071301556,0.0,8.736103219353453,0.1911341087979302,0.3050965759733874,-65.61106387663882,218.24693254834168,218.90968850358226,12.429551485423794,218.90968850358226,0.0,1.4540694309132043,0.8230139660944429,1.2250618088729612,nan,196.83416002046562,211.80000000000018,12.025867939461628,211.80000000000018,0.0,1.5028795381670934,4.169319906952977,17.952884150916358,0.23223677443159826,6.156867155710539,24.721820593041294,0.24904586345245042,M3,0.23457130879351065,0.3872502188494562,-206.46103199816218,203.38830766019677,234.6652634784899,13.32414291110144,234.6652634784899,0.0,1.3564422849186109,0.5884426573009323,0.8378115900235051,-78.10777702783167,196.5962089834548,165.3871506488057,9.390576168963083,165.3871506488057,0.0,1.9246349243884824
ALL,v2,3,4,-9085.400525323432,0.1289343194043208,0.12650772750406486,0.04443069382145946,0.047350291177951635,-5.198930165427406,0.0,29.79120092164072,1.691525250432571,29.79120092164072,0.0,10.684694686227509,0.19482499578060072,0.28612040859845356,-53.29919286156768,217.96853504098874,179.89706065849848,10.21443953813229,179.89706065849848,0.0,1.7694001503895804,0.6232827970644005,0.8747413393247653,-99.69587909087512,197.48612984004998,158.6530839243976,9.0082201863226,106.91070401967202,88.46611856265798,2.0063264974759254,4.384919050858997,14.028203105920502,0.3125788112526239,6.042632505112951,18.473832315778516,0.3270914449056644,M2,,,,,,,,,,,,,,,,,,
ALL,v2,3,4,-9094.609815755282,0.12520482899048777,0.12044340781265243,0.04436101869679669,0.04727170272020978,-4.808302419721255,0.0,29.74827710335377,1.6890880636045433,29.74827710335377,0.0,10.700111642697617,0.24649322533223927,0.38536277475589525,-53.27454475422643,217.6459374899258,209.17203016946942,11.876653500694621,209.17203016946942,0.0,1.5217612312979834,1.2456236259452016,2.042230198104089,nan,196.90229524958437,203.9000000000001,11.57731101442977,203.9000000000001,0.0,1.5611078282677318,5.556527613060395,28.07923854181347,0.19788740370526914,8.152081532513604,43.20195974728423,0.18869703088008785,M3,0.4115316688422486,0.8357858885273391,-217.22601141980627,200.85698657996082,331.64449088998407,18.830561143970396,331.64449088998407,0.0,0.9597924733487677,0.834091957102953,1.2064443095767499,-78.08709096230884,196.70212544393232,172.7716168581927,9.80986141654337,172.7716168581927,0.0,1.842373718392951
ALL,v2,4,4,-8927.08926515568,0.15053663981484486,-0.023409869370202303,0.05309763515435921,0.0566331085348261,-1.2367151163230528,0.0,30.174550349270067,1.7132915846692978,30.174550349270067,0.0,10.548952097027378,0.21332963382147171,0.32707889956230113,-58.60475853629361,218.38565967260632,200.04974897824522,11.358696234819753,200.04974897824522,0.0,1.5911536395799522,0.6574387145323639,0.9201160216439019,-101.15989181261698,197.64811044932617,157.35191545531023,8.934340676519785,100.88885965376632,92.14306126073679,2.0229171361704483,4.017686158739553,12.381694827295703,0.324485962122284,5.7754007862938765,16.246963047738824,0.35547571378871756,M2,,,,,,,,,,,,,,,,,,
ALL,v2,4,4,-8934.877327815611,0.14638571880813045,-0.02648401716064842,0.053131988756711115,0.05667286030687433,-1.056498625340849,0.0,30.200245074557298,1.7147505146647888,30.200245074557298,0.0,10.539976923960666,0.24387707604371583,0.39291903097485326,-63.831234833850985,218.48704090564524,223.25658630120725,12.676365549921313,223.25658630120725,0.0,1.4257580994915957,0.9823635157266104,1.4357210829639515,nan,196.8909393780646,198.80000000000018,11.287736290675033,198.80000000000018,0.0,1.6011563691337547,4.590023482095081,18.48911623136877,0.24825542901329234,6.933107467088489,25.333485467113448,0.2736736512663712,M3,0.2763756546155925,0.4464853750800695,-199.54162462871673,202.69761549828323,224.52345333030448,12.748297445996768,224.52345333030448,0.0,1.417713301048838,0.705987861111018,0.9892357078838819,-79.49400748303354,196.65371979453457,157.90725694220424,8.965872609393683,157.90725694220424,0.0,2.0158027714983078
ALL,v2,5,4,-9031.484229880281,0.13591895561099882,-0.0633336391123927,0.06600534604423541,0.0708945116609715,3.000922551562892,0.0,33.44935170092283,1.899232701680377,33.44935170092283,0.0,9.516175052654573,0.20007051919146332,0.2992788031048657,-64.36308037447596,218.23202412661064,188.5076507129761,10.703343309973599,188.5076507129761,0.0,1.6885780761675977,0.6957573518073111,0.9785530301445383,-104.34548538380255,197.66179449278368,159.65769184877468,9.065261178907564,109.34590424762787,87.47533298768954,1.9937021667912433,3.031125979665044,10.540924235758554,0.2875578945328522,4.221466459012556,13.802944786814106,0.3058381036954741,M2,,,,,,,,,,,,,,,,,,
ALL,v2,5,4,-9050.770689289622,0.13069239799987056,-0.06562789854884682,0.06600967058704241,0.0709000906553024,3.133107445404416,0.0,33.45551908895229,1.8995828820107532,33.45551908895229,0.0,9.514420784727958,0.2253371362289731,0.35168633409304656,-68.2170299753852,218.28698730428545,208.3722133703922,11.831240416646152,208.3722133703922,0.0,1.527602366146482,0.9224576090854644,1.3186798096914305,nan,196.8852614423047,196.05000000000018,11.131593057277868,196.05000000000018,0.0,1.623615843834687,3.413698844805422,13.974582828270337,0.2442791235169875,4.960308665934619,18.59912727195943,0.2666957752051582,M3,0.24382757828839968,0.37353512323176047,-188.1118809568984,202.46284160110807,199.66957010219915,11.33710992246516,199.66957010219915,0.0,1.5941832599773043,0.6786300307970647,0.9451446864596701,-84.59239529718624,196.6403388030922,155.0646225387749,8.804469654078236,155.0646225387749,0.0,2.052756334567514
ALL,v2,6,4,-8999.031007121492,0.14030426903893856,0.04475757371614784,0.07810464083097547,0.08339001046763175,-0.7930916599062353,0.0,30.65092347658457,1.740339744815627,30.65092347658457,0.0,10.385001496837768,0.18907490293445062,0.2805086567767612,-72.14262338107604,218.42213585238446,184.6484465046949,10.484220174184156,184.6484465046949,0.0,1.7238698305306202,0.7265918615944468,1.0323605773187463,-110.66657391855809,197.58226377427448,164.415651791974,9.335415087964048,109.65355571669235,92.67240883861506,1.9360072031738833,2.4207896089506824,9.302800113591818,0.26022160848256837,3.3638160638634527,12.379907035980793,0.2717157773549433,M2,,,,,,,,,,,,,,,,,,
ALL,v2,6,4,-9014.94244995821,0.13535533625061535,0.044651650409444486,0.07823152520189869,0.08353463857598636,-0.7924882140973,0.0,30.702241724611547,1.7432535619717033,30.702241724611547,0.0,10.367643152539802,0.19432621603353778,0.29504375341001726,-79.89617247208513,218.86747245670486,195.47287896337198,11.098824495561267,195.47287896337198,0.0,1.6284094646369642,0.916982978409898,1.2971909318458428,nan,196.8426769241055,197.4000000000001,11.208245190036472,197.4000000000001,0.0,1.612512088063782,2.4839885906867307,11.721399730394655,0.21191910930616267,3.5319929365784466,15.528778886926856,0.22744820840690247,M3,0.183358054027069,0.26551231125144964,-202.5512673746428,203.19097552702402,173.30119103288803,9.839930297983576,173.30119103288803,0.0,1.836743788583564,0.733624924382829,1.031678620594393,-94.62579952534568,196.66708455698137,159.5971071601408,9.061821219206598,159.5971071601408,0.0,1.9944589964553456
ALL,v2,7,4,-9016.842769735633,0.13788018390124226,0.10129124837334805,0.09146507203732013,0.0978960651035435,-4.717731280918595,0.0,31.807200886853938,1.8059924333769213,31.807200886853938,0.0,10.00747872521375,0.22519648035503512,0.3464802766508998,-75.58518994744709,218.18037715518324,201.6833103584286,11.451448800585052,201.6833103584286,0.0,1.5782658744449158,0.7461099171364511,1.0606924272642448,-115.38008636789827,197.66102231443392,164.68055731519163,9.350456253396764,101.24612802905929,100.00975814115839,1.9328929375345687,2.4621035695806275,8.157320609030066,0.30182748571327517,3.5392666322638378,10.834883160445347,0.3266548037347145,M2,,,,,,,,,,,,,,,,,,
ALL,v2,7,4,-9024.573525150687,0.13408577246706332,0.09861916570989768,0.09167498832835881,0.0981374109800068,-4.566662978837046,0.0,31.886722239432892,1.8105076046917554,31.886722239432892,0.0,9.982521370294718,0.2830169641126705,0.46953040660368,-81.54224532640457,218.17094527457172,236.96589805295287,13.454771464309426,236.96589805295287,0.0,1.3432729721837888,1.4122250237039957,2.2430265135285428,nan,197.01869293266228,220.94999999999982,12.545399061492173,220.94999999999982,0.0,1.4406421642172027,3.0871775308982703,15.404692702503862,0.20040500583283197,4.784418112470236,22.85597807329059,0.20932895967647472,M3,0.45844591409677793,0.8489949204413876,-231.53305766639426,202.54987907782208,288.4500227710615,16.37800699234883,288.4500227710615,0.0,1.1035183257254533,0.9537791096072178,1.394031593087155,-91.58924265832232,196.72379423969704,177.65583986253796,10.0871844611002,177.65583986253796,0.0,1.791722053325601
ALL,v2,8,4,-8871.130523880342,0.15900897679455506,0.0201827546589041,0.08775316909121644,0.09432488234094678,-0.9339869482072705,0.0,33.80499757134071,1.91942604573543,33.80499757134071,0.0,9.416060022250921,0.24205623594002473,0.3766127086260833,-78.58533773375943,218.21284139270256,206.92355897816898,11.748986750872794,206.92355897816898,0.0,1.5382969815311038,0.7540182791724628,1.0605000540113882,-115.33867078191216,197.65874946109943,159.660126292907,9.065399405081507,104.40782542772766,91.77341288481634,1.993671767488335,2.7583760044997976,8.592490584456117,0.3210217081284583,3.9927185624762167,11.243057268580564,0.3551274770817117,M2,,,,,,,,,,,,,,,,,,
ALL,v2,8,4,-8880.1415696816,0.15443951653096513,0.017841943603099254,0.08771060934736043,0.09427698095425784,-0.803074705519768,0.0,33.79430068338319,1.918818683308894,33.79430068338319,0.0,9.419040481589402,0.27978828417608564,0.4559738854739602,-79.4849224104733,218.00785445332107,228.62249474620458,12.981038384363144,228.62249474620458,0.0,1.3922946932109577,1.1309916076175406,1.6620143785359285,nan,196.81712621318593,207.69999999999982,11.793072573305835,207.69999999999982,0.0,1.532546394722152,3.1899024104146827,12.894581579503948,0.24738316561469983,4.836534654150559,17.629058140314438,0.27435014483787346,M3,0.37789164317622614,0.6014257399491842,-197.2100692916095,201.62064966746897,217.52528689303583,12.350946051317989,217.52528689303583,0.0,1.463323601270844,0.7530999644413146,1.0605886385867442,-88.19914660515903,196.43681370162594,160.2696729750442,9.10000907411984,160.2696729750442,0.0,1.9860893222971456
ALL,v2,9,4,-8986.356769337446,0.14205507313808624,0.04726052197031628,0.0703499869110253,0.07532398368217526,-0.8048380734316478,0.0,31.978906746397904,1.8157417817778063,31.978906746397904,0.0,9.953745095418093,0.22378227825421548,0.34969353387412916,-82.93084684204652,218.20138508202638,208.95337620136846,11.864238468849383,208.95337620136846,0.0,1.5233536397949146,0.7201136302646928,1.0115884063677894,-115.02696092857639,197.6902521508447,159.09316975579944,9.033207977118003,105.02874604278918,90.59972164588676,2.000776568047399,3.1809853573568208,10.236158695742928,0.31075967576389246,4.642525750491885,13.429831468236227,0.3456875658843691,M2,,,,,,,,,,,,,,,,,,
ALL,v2,9,4,-8978.384432226489,0.14028477943660028,0.04299801856089064,0.07043793490494617,0.07542635808831695,-0.5633962504797395,0.0,32.02985018040606,1.8186343172346748,32.02985018040606,0.0,9.937913677114656,0.26160474394606464,0.42621063938310333,-81.07953404400827,217.84740731297182,228.48046252628737,12.97297388615789,228.48046252628737,0.0,1.3931601970000747,41.218309644601305,68.00658160594517,nan,197.50415644013344,234.4000000000001,13.309081421198321,234.4000000000001,0.0,1.3579773301356253,3.7139752080905297,585.1720340782867,0.006346809129285318,5.650685651348193,901.6288646246987,0.006267196928860835,M3,20.60880468406749,34.04902912364367,-207.7621928766158,197.58873323687848,235.02650236907058,13.344653823248375,235.02650236907058,0.0,1.354357414909478,20.609504960533812,33.957552482301494,-29.68170623680775,197.4220143114621,233.75129230185385,13.272248214828071,233.75129230185385,0.0,1.361745995280926
ALL,v2,10,4,-9103.147903199178,0.12671465941475946,-0.04485134820766519,0.07157707306142143,0.077053248237591,2.2900532094630957,0.0,34.50942791920446,1.9594231483603521,34.50942791920446,0.0,9.223852882436558,0.18919738676309145,0.283367252303533,-80.25911376339333,218.26511237208484,189.09148382298332,10.736492978904817,189.09148382298332,0.0,1.6833644738954732,0.6837181810789644,0.9589828148701787,-114.33591829714825,197.78537463083345,158.3719654286962,8.992258458727486,108.1760220668218,87.0278182396151,2.009887831613123,2.643268000086259,9.55219530270894,0.2767183790030597,3.677551028475529,12.445715616208531,0.2954873100013722,M2,,,,,,,,,,,,,,,,,,
ALL,v2,10,4,-9103.097536432628,0.1241693075378147,-0.05128968817099866,0.0717019369529485,0.07719978429120512,2.646771300640396,0.0,34.5829184577647,1.9635958939294047,34.5829184577647,0.0,9.204251705145563,0.22988036948453447,0.36060126027596295,-75.34045827667852,217.7236916437984,210.74631209324758,11.966040217006414,210.74631209324758,0.0,1.51039362455344,1.492584511142002,2.527598588962254,nan,197.7710194208486,201.10000000000036,11.418328813152671,201.10000000000036,0.0,1.5828437900735461,3.2060552232415165,20.81651590697543,0.15401497722138968,4.671013832315124,32.74100584825348,0.14266555688496946,M3,0.4164496717740385,0.9467183058420772,-293.71579014538565,195.56020927469336,384.422836060589,21.82728167789399,384.422836060589,0.0,0.8280202327356582,1.0761348393679635,1.5808802831201767,-117.4636153191215,197.85234917710517,180.0351652955513,10.222281030705588,180.0351652955513,0.0,1.7680428468585194
ALL,v2,11,4,-8999.737687632945,0.14020728663104648,-0.03510197086139011,0.06129728532931531,0.06563690689685572,1.6493338716469041,0.0,32.01944020589089,1.8180432455690818,32.01944020589089,0.0,9.941144633916133,0.178044297259488,0.26907321504212606,-78.85536106012208,218.7262588370364,193.30357272356486,10.975652680829585,193.30357272356486,0.0,1.6466839267321356,0.6193335925416146,0.8714190670236277,-112.2226573666555,197.70697590468868,159.84724140436097,9.076023680906923,98.73779847978751,96.69854397505621,1.991338001126784,2.9046033001781018,10.103768694066774,0.2874772164849507,4.099419484604259,13.27635789408858,0.30877590957604145,M2,,,,,,,,,,,,,,,,,,
ALL,v2,11,4,-8986.72675772866,0.1391443314647025,-0.0396545586646236,0.061277660286058785,0.06561580892474192,1.9187675215986653,0.0,32.01884417374368,1.8180094032466552,32.01884417374368,0.0,9.941329688746649,0.20813699649081796,0.32608813238053214,-73.60764758106576,218.1650532614032,210.16465924790762,11.933014342102398,210.16465924790762,0.0,1.5145737981014034,1.8990452832244369,3.0796470899307393,nan,197.72843490264938,227.0,12.888914174965945,227.0,0.0,1.4022461946422498,3.3966211425042117,30.99082560200959,0.10960086014242741,4.969658040100352,46.93452904715298,0.10588490267171029,M3,1.2203008878525574,1.8650563445363413,-136.63792884245174,198.15611088220217,198.5662974337815,11.274466809095905,198.5662974337815,0.0,1.603040849819651,0.6787443953718796,1.214590745394398,25.619717501800096,195.37894802845358,272.3973597233367,15.466547096746309,272.3973597233367,0.0,1.1685498218745054
ALL,v2,12,4,-8921.307266749653,0.1513907194889214,-0.1273191079725093,0.05839883516021589,0.06298815870446127,4.546400407913409,0.0,35.41235302042445,2.010690655567607,35.41235302042445,0.0,8.988668050389142,0.18580948223994467,0.278166464079483,-79.2864827531506,218.61916813932592,188.87847048462348,10.724398218392734,188.87847048462348,0.0,1.6852629384761149,0.5880623179739939,0.8199665242732239,-111.9616418598886,197.89110114446947,155.61168133859113,8.835531301300664,97.09337345389257,93.34307206986936,2.0455397913938675,3.181732678916977,10.06976108959465,0.31596903348628064,4.416170750198184,13.0177884405303,0.3392412444227957,M2,,,,,,,,,,,,,,,,,,
ALL,v2,12,4,-8909.54020384443,0.15006023108602606,-0.1309360416889435,0.05862752571771691,0.06325401600491093,4.724012848187444,0.0,35.554423800338,2.018757343184683,35.554423800338,0.0,8.952750520478542,0.20948658012779464,0.3259262761089256,-82.39065340698892,218.6782026418429,206.90682242304987,11.74803646002471,206.90682242304987,0.0,1.53842141334983,1.6754377376593113,2.641892109845556,nan,197.63474896261107,229.30000000000018,13.019506697443585,229.30000000000018,0.0,1.3881809253545156,3.5731779153778778,28.57766411167175,0.12503393914265068,5.152657438914571,41.766393293359336,0.12336850354119083,M3,0.7265761912644096,1.1998020244278402,-208.18751120950145,199.9518368825378,234.78560169708678,13.330975637847976,234.78560169708678,0.0,1.3557470470206447,0.9488615463949016,1.4420900854177157,-63.50235944586738,196.77246356065157,195.94121837662516,11.125416506584061,195.94121837662516,0.0,1.6245172344083145
ALL,v2,13,4,-9054.595993664654,0.13287974459160562,-0.11191155745682545,0.054273004459912545,0.05861030246913979,3.752267925205559,0.0,35.989399878751605,2.0434550054879264,35.989399878751605,0.0,8.84454553996948,0.17986100167911803,0.2745011201825062,-79.79546611197618,218.70332986828708,197.90027874888145,11.236650696018371,197.90027874888145,0.0,1.6084357646999516,0.5685314050272863,0.7881845089292748,-110.92012652553699,197.86393683266812,152.91778129599226,8.682573387446066,101.10630390218843,86.95036067736967,2.0815753634801992,3.314004880860577,10.475399522928907,0.3163607147972516,4.683496051347626,13.44788331956279,0.3482701284695481,M2,,,,,,,,,,,,,,,,,,
ALL,v2,13,4,-9055.912690797395,0.1300364950970918,-0.12393050859325058,0.054287404613541354,0.05863106345632415,4.355783048258246,0.0,36.0309978997838,2.0458169143995226,36.0309978997838,0.0,8.834334454714082,0.22584942735392097,0.3624561194633433,-70.65413482761363,217.7629998172443,221.42894440746676,12.572593217273765,221.42894440746676,0.0,1.437526096850494,1.1963581628547622,2.0786358600136556,nan,197.72559593476942,190.5,10.81646762260358,190.5,0.0,1.6709180377101873,4.160254647679095,22.03749048920907,0.18878078017622812,6.181980985784891,35.452808417198284,0.1743721093414419,M3,0.3293313847791266,0.8279374689275448,-273.01005783063425,195.50667080304697,431.53137323022594,24.502074155813123,431.53137323022594,0.0,0.7376286080918836,0.8670267780756356,1.250698391086111,-109.57282341765017,197.77570087612648,171.50701670971026,9.738058232492977,171.50701670971026,0.0,1.8559583875367405
ALL,v2,14,4,-9086.763022411567,0.12876254290113642,-0.11711024546164912,0.05321004607449823,0.057950809712166006,2.734144925817175,0.0,39.95132087064915,2.2684103342657385,39.95132087064915,0.0,7.967443359742379,0.1734170912885657,0.2633412879919651,-74.6172159311461,218.51622512644067,195.5505136096313,11.103232540903296,195.5505136096313,0.0,1.6277629769831155,0.5406982980535648,0.7549494107289463,-110.63172255470924,197.85966763430415,156.24769374771586,8.87164367731574,99.69340459768368,91.90371713222157,2.0372133408749526,3.259104324881963,10.161582970564334,0.3207280139642421,4.54422102641786,13.027417813119092,0.3488197808349757,M2,,,,,,,,,,,,,,,,,,
ALL,v2,14,4,-9086.246331536482,0.12623364011215116,-0.12836095625003677,0.05330297851328218,0.058062827895958555,3.267414931525758,0.0,40.03844622302908,2.273357255804455,40.03844622302908,0.0,7.950105866014028,0.2111799300185208,0.3354844257326245,-68.53765381250665,217.83356443256065,216.6683975445078,12.30229242457517,216.6683975445078,0.0,1.4691108153804655,1.168829697876864,1.9890003673470256,nan,197.89593400756632,197.94999999999982,11.239473836715888,197.94999999999982,0.0,1.6080317564222835,3.9618786024480492,21.928037240650855,0.18067638972736694,5.777955326836152,34.2560023240871,0.16866986614995017,M3,0.3221017241985117,0.7538782248780614,-291.68003385250586,194.62836095694067,398.0574850877976,22.6014482907463,398.0574850877976,0.0,0.7996580848456665,0.8467279736783522,1.235122142468964,-115.25354125619496,197.98880759986534,176.7301736671159,10.034625729173055,176.7301736671159,0.0,1.8011066224794778
ALL,v2,15,4,-8900.979156854324,0.15443210650421982,-0.1320173996042848,0.0550212558072923,0.05972786533049332,5.855391739398471,0.0,38.42144860486074,2.1815451698057937,38.42144860486074,0.0,8.284692476262359,0.16641326408339852,0.2554567716434965,-69.11322355368578,217.8432445543783,200.6190031794619,11.391018122675352,200.6190031794619,0.0,1.5866387587373738,0.5194039864959213,0.7312867036680716,-110.04324426145745,197.88764024038872,160.14901360543647,9.093158112625217,102.71889013027145,93.75033807543302,1.9875856804714358,3.0245268240741017,9.440060552508902,0.32039273553920883,4.277011579603134,12.243643726786972,0.34932506001018093,M2,,,,,,,,,,,,,,,,,,
ALL,v2,15,4,-8891.922802580068,0.152669417795879,-0.13727710944757113,0.055248276328029144,0.059997489651432555,6.106379903405831,0.0,38.60236672955753,2.1918175847040877,38.60236672955753,0.0,8.24586451949495,0.21329306592035882,0.3519087466398786,-72.23483773884675,217.62818034852447,234.38129783207506,13.30801952411783,234.38129783207506,0.0,1.3580856882695782,1.1194511976604447,1.8482392601483246,nan,197.4303432752548,213.80000000000018,12.139426654659566,213.80000000000018,0.0,1.488820795995278,3.860628423119668,20.26219227209651,0.19053359929054767,5.865391180270425,30.805276535502422,0.19040215962712384,M3,0.3752709080874159,0.7573106155834073,-237.67085171345053,201.71771546909991,328.66680375139015,18.66148998111032,328.66680375139015,0.0,0.9684880935665361,0.7441802895730288,1.0909286445649173,-89.30469608385457,197.19182943109175,179.0498960242301,10.166338074417965,179.0498960242301,0.0,1.7777719688857854
ALL,v3,0,43,-11232.148701976019,0.01578036974559403,-0.05549241532485358,0.03374690760725088,0.0356747687170238,1.0939737723059966,0.0,26.00539980093752,1.4765698948015868,26.00539980093752,0.0,12.24014583972346,0.14584844173917572,0.22137239664402023,189.00093798136677,218.18838517845293,195.32914083438834,11.090663136935099,195.32914083438834,0.0,1.6296077729317036,0.45338648665805803,0.6241808786121966,148.20350681894652,197.70903908994123,149.65023927158825,8.497044450372773,95.36218812866086,88.12459204988645,2.127025574654214,4.321831304858245,13.434904671402933,0.3216867860668594,6.205293113459838,17.49642397301208,0.35466065082964326,M2,,,,,,,,,,,,,,,,,,
ALL,v3,0,43,-11678.314601268326,0.009992793206749782,-0.06112591970499991,0.03401049028834343,0.03597111720922083,1.462750600786982,0.0,26.235897425788238,1.4896574018686985,26.235897425788238,0.0,12.132609036308857,0.18905620847231985,0.30627454266892623,195.03398807269957,217.32296943769157,225.83034495076708,12.82250191265811,225.83034495076708,0.0,1.4095089225196238,0.7548260112684808,1.1195115867342085,nan,196.55594116823067,203.0999999999999,11.531887528350584,203.0999999999999,0.0,1.5672569482215204,5.558761631175777,22.193917372816756,0.2504632930635392,8.514457332184719,31.122513660688664,0.27357871619924656,M3,0.3429066915010615,0.5573633187124692,80.35948225866149,200.5987074724548,227.3851031533666,12.910780084623438,227.3851031533666,0.0,1.3998713274066032,0.41191931976741925,0.5621482680217392,187.17947565335948,196.08834388658784,145.551002460434,8.264292417589388,145.551002460434,0.0,2.186930222416838
ALL,v3,1,43,-11164.286677538832,0.0168637769269022,-0.04467026900434252,0.03954843554192002,0.04184374097743692,0.30355229847620363,0.0,26.408528355066853,1.4994592751348514,26.408528355066853,0.0,12.053298915564842,0.14842779823608604,0.22246248239360839,191.7789624983668,218.007177957812,189.42239171980282,10.755281716710654,189.42239171980282,0.0,1.6804237518795597,0.490887020252834,0.6763649816811619,149.2734312460457,197.64324889214006,150.03575996537268,8.51893406770696,99.32932462070816,85.20102893832721,2.1215601284470758,3.753063710415486,12.412299336910815,0.30236651635163936,5.316505579975871,16.164065780970038,0.3289089299695251,M2,,,,,,,,,,,,,,,,,,
ALL,v3,1,43,-11600.29505423671,0.010785517041005034,-0.05011577207310951,0.03980731319731654,0.04213500854661521,0.6567936559110497,0.0,26.601488593995676,1.5104154335433735,26.601488593995676,0.0,11.965867438547694,0.19111391630008476,0.3051335133024275,197.8283108636916,217.1746982429732,219.01581284193645,12.43557715718116,219.01581284193645,0.0,1.453364860068413,0.7936636360739864,1.17313384392089,nan,196.52471252155124,201.3499999999999,11.432523652552387,201.3499999999999,0.0,1.5808785010369546,4.800975020664493,19.93763387496065,0.2407996380500276,7.241804946232518,27.842259545836264,0.26010119380973556,M3,0.362517350221983,0.5851136353420467,84.29176207360328,200.38776799602184,224.09659206673743,12.724060537667548,224.09659206673743,0.0,1.42041377447184,0.4311462858520033,0.5880202085788432,187.96898803430372,196.04029295202864,145.25878460285762,8.247700475357254,145.25878460285762,0.0,2.191329681396279
ALL,v3,2,43,-10978.68776778869,0.020222009175242847,-0.0344751709449989,0.04889722125431259,0.05181284409463874,1.6254925231056918,0.0,27.1113443785625,1.539364717459196,27.1113443785625,0.0,11.740837405152247,0.16875890454557213,0.2573396240035417,191.29541216420816,218.11288275782226,197.50454867282437,11.214181396517258,197.50454867282437,0.0,1.6116585077292882,0.5557960953014609,0.7690363738292586,150.51007272647658,197.57766985279667,152.01018589883014,8.63104070383542,97.21282127318557,89.22500714903217,2.094003663646861,3.4512984627053442,11.366619227926808,0.3036345630568674,4.966714885087144,14.842581743333282,0.33462607590610044,M2,,,,,,,,,,,,,,,,,,
ALL,v3,2,43,-11553.868727330766,0.011286768989306336,-0.03958306618269916,0.04917540841899504,0.052126756451343625,1.95328362596234,0.0,27.283232922973884,1.5491244385894964,27.283232922973884,0.0,11.666868332006116,0.21667964814441784,0.351580783906739,197.52117754045813,217.22108795823289,226.57088180346764,12.86454911943281,226.57088180346764,0.0,1.4049020052801815,0.8375358143706653,1.2191045129590483,nan,196.39128103119367,202.5999999999999,11.503497849551099,202.5999999999999,0.0,1.571124808409629,4.406260265257314,17.031598542802328,0.25871090456858087,6.744727810465496,23.38730809190075,0.28839265228653055,M3,0.3807864662998427,0.6016781602107908,89.45859690546278,200.64419915003154,214.14949316271537,12.159270651923768,214.14949316271537,0.0,1.4863910321839147,0.45674934807082257,0.6174263527482575,186.49424738151905,195.9225568442676,141.09789106724097,8.011447613367238,141.09789106724097,0.0,2.255950700440295
ALL,v3,3,43,-10624.010404044882,0.02861165077626086,-0.01602003372052382,0.06295721161282214,0.06664483585140218,-0.2439325063199196,0.0,26.64546177178535,1.5129122023298565,26.64546177178535,0.0,11.946120090170337,0.1948636907476913,0.29694859398801554,192.53253275706354,218.02580927182643,197.19238808872282,11.196457119084254,197.19238808872282,0.0,1.614209804288051,0.6639489068050187,0.9246122821805226,150.71606005304903,197.54221944031104,155.02126620010446,8.802007909020686,96.85775200029342,92.88008795256852,2.0533304493391897,3.09517664070123,10.546034199993,0.293491997276406,4.4556879793375295,13.873727354391391,0.3211601226924205,M2,,,,,,,,,,,,,,,,,,
ALL,v3,3,43,-11378.094766138915,0.01340491366399836,-0.02110529077391884,0.06331135780304732,0.06704374080975044,0.08559714114778955,0.0,26.81316704907269,1.5224344002401886,26.81316704907269,0.0,11.871402046659728,0.2620211921516163,0.4298428780109967,199.1184824469856,217.0225200486695,231.70823076551574,13.156244493259631,231.70823076551574,0.0,1.3737530390360375,1.0081903628085116,1.482461104044224,nan,196.30043405903533,206.90000000000055,11.747649087226701,206.90000000000055,0.0,1.538472142019284,4.138612742546561,15.924320655779477,0.2598925776494282,6.41137968763943,22.111849460354453,0.2899522131395994,M3,0.4501293301675295,0.7258005760434225,86.81832353980613,201.0002877883864,223.63158139970113,12.697657530716558,223.63158139970113,0.0,1.4233673267053868,0.5580610326409821,0.7566605280008014,185.18920458767425,195.8815928464265,142.51219266100273,8.09175074931223,142.51219266100273,0.0,2.2335624779906538
ALL,v3,4,43,-10263.153020785883,0.04072749514606005,0.010730275882508153,0.08009699215616857,0.08474077743974255,-0.37996478630301556,0.0,26.381625089813458,1.497931725016449,26.381625089813458,0.0,12.065590542665143,0.2317619086676801,0.3516269384963277,194.06838264279963,217.99207925488986,195.13341159887884,11.079549756679532,195.13341159887884,0.0,1.6312423565786698,0.802658726464276,1.1199821958752096,150.98628832335208,197.47761715865886,155.94302884837728,8.85434500004834,97.6086589734025,93.28874875841056,2.041193431565844,2.8935157541971597,10.021084498395366,0.2887427757604964,4.149441970205696,13.216567391910067,0.3139576144972099,M2,,,,,,,,,,,,,,,,,,
ALL,v3,4,43,-11105.906887405326,0.017495609776682533,0.00642660477075697,0.08052188550282614,0.08521883745721714,-0.10003780813599128,0.0,26.538379568524054,1.5068321436183978,26.538379568524054,0.0,11.99432261347725,0.3143140265659383,0.5170277794337946,198.6655215049193,217.1062042572397,232.9766389793876,13.22826389681653,232.9766389793876,0.0,1.3662738357726625,1.1693235571159482,1.703603262247019,nan,196.27204438023583,204.75000000000045,11.625573468388913,204.75000000000045,0.0,1.554627038748669,3.9034608368045056,14.521810434691167,0.26879987549482975,6.067059758863301,19.9909235220709,0.30349071928392835,M3,0.4890377561114115,0.7831332533540861,84.95836237790705,201.3878329552826,220.41235466439397,12.514871904720392,220.41235466439397,0.0,1.4441562800254923,0.6802858010045366,0.9204700088929328,181.48507690870574,195.91785776557543,141.54089730900432,8.036601223186894,141.54089730900432,0.0,2.2488898419859105
ALL,v3,5,43,-10121.851925264851,0.046766297739956234,0.033443026410629934,0.09337040024129725,0.09880137558029833,-0.32564156247061166,0.0,26.465195067623025,1.5026767746710363,26.465195067623025,0.0,12.027490648395199,0.2612656652090534,0.3926978137488872,195.71915560137998,217.8045435274289,190.75311159034794,10.83083913610439,190.75311159034794,0.0,1.6687008852960543,0.9303291283750471,1.2978919304953145,151.0058368164337,197.42260609821645,155.85866180183174,8.849554693342963,101.65151658435504,89.81823457532582,2.0422983394308196,2.798163706419424,9.963854990133878,0.2808314361449601,3.974618890095633,13.136375104823166,0.3025658797331623,M2,,,,,,,,,,,,,,,,,,
ALL,v3,5,43,-11079.32397099044,0.017956652533908848,0.028921250346664658,0.09387024627754013,0.09936404843848246,-0.03126757157918128,0.0,26.62423117302362,1.511706742570724,26.62423117302362,0.0,11.955646122330501,0.3534141998952501,0.5741392830245873,201.06706021973935,216.90852700533,227.13810826952215,12.89675587378852,227.13810826952215,0.0,1.4013935777174127,1.3585498631349187,1.9921021664138525,nan,196.23797676567645,203.94999999999982,11.580149982309702,203.94999999999982,0.0,1.5607251099965236,3.764922474479645,14.472635547564042,0.26014076441753115,5.778138995413862,20.048520543596695,0.28820774993590953,M3,0.5853326447285796,0.9444165368424299,87.44504281402527,201.03517504079798,223.93428463877905,12.714844826174529,223.93428463877905,0.0,1.4214432894777402,0.7732172184063392,1.0476856295714225,182.59550877948166,195.85399876670346,142.19971387668184,8.074008404675181,142.19971387668184,0.0,2.238470651634607
ALL,v3,6,43,-10038.686234562985,0.05073105465609072,0.046704093500463756,0.09629670470190205,0.10191874191265611,-0.8596007027178157,0.0,26.560969977857457,1.5081148125482462,26.560969977857457,0.0,11.984121304649252,0.28625477601610366,0.43509403257711105,194.96665271431445,217.84687149336318,195.98523894066236,11.127915965931237,195.98523894066236,0.0,1.62415234894381,0.9788980969092127,1.3670489824247323,150.3622397553368,197.42890966285063,156.33795676546336,8.876768753478387,98.74527976721065,92.79198784690885,2.036037138833252,2.9726331435975872,10.165437124141565,0.2924255108064146,4.269028683163933,13.413126543460347,0.3182724526851888,M2,,,,,,,,,,,,,,,,,,
ALL,v3,6,43,-10943.114666618836,0.020516672880278926,0.042460861808942686,0.09680583850135363,0.10249204228219656,-0.5824955051015205,0.0,26.7183007187828,1.517047950948557,26.7183007187828,0.0,11.913552794172304,0.38488958609670515,0.6316992522116441,199.86035831980556,216.96258062968758,231.9247540264925,13.168538544923127,231.9247540264925,0.0,1.372470513205462,1.472980905231834,2.169650316864273,nan,196.23229882991657,207.04999999999973,11.756165990866501,207.04999999999973,0.0,1.537357576352529,3.97589228144874,15.215827144674103,0.26129977973891455,6.16339803701398,21.168963643933097,0.2911525637571953,M3,0.6286050980535964,1.0191037136188519,83.75851264319667,201.11144990097975,226.17582611475444,12.842118111211857,226.17582611475444,0.0,1.4073559126619055,0.8443758071782375,1.150546603245421,182.7851788020992,195.8434345779768,144.82854111546857,8.223271526532164,144.82854111546857,0.0,2.197839484760185
ALL,v3,7,43,-10091.22882058951,0.04818880384210758,0.05659158881648178,0.09122854423326324,0.09646714693314874,-1.2930994627456656,0.0,26.136364353746178,1.4840059779782986,26.136364353746178,0.0,12.178812702317058,0.28690477540655784,0.43615084741162,194.26211185574388,217.879312379552,196.0591341349382,11.132111687591872,196.0591341349382,0.0,1.623540201726654,0.9709703729631531,1.3531072021376782,150.28108498386638,197.4133808853963,155.34594494990955,8.820442959860655,98.46261102555398,91.91836988017232,2.049038913030063,3.1449013882427845,10.643273781509311,0.29548252284052484,4.521237139042481,14.026611599443019,0.3223328105286678,M2,,,,,,,,,,,,,,,,,,
ALL,v3,7,43,-10979.16278259303,0.019805620037155806,0.052270983013286046,0.09171182578414784,0.0970106265329518,-1.0086280281756652,0.0,26.29295447540189,1.4928970644922541,26.29295447540189,0.0,12.10628065710844,0.3784181593459179,0.6184972802213565,198.93507760446838,217.0532257574983,229.97560135147336,13.057866908173226,229.97560135147336,0.0,1.3841028540123934,1.4475474009488132,2.118915939755418,nan,196.22094295839676,206.0,11.696547665387598,206.0,0.0,1.545193622251411,4.1261653675564105,15.783650456984121,0.26142021953676886,6.37556216597849,21.842101380879974,0.29189325948095346,M3,0.6241474443521127,0.9994781782296556,85.48368441099228,200.94269267119628,220.40464234055418,12.514434003927173,220.40464234055418,0.0,1.4442068134479673,0.8233999565967005,1.1194377615257622,183.29714040426617,195.80973927879137,143.77298435923987,8.163337692004246,143.77298435923987,0.0,2.213975647806283
ALL,v3,8,43,-10255.64916196721,0.04102763025500559,0.04137441632718095,0.08323478415669391,0.08811183226406277,-0.9671493082856505,0.0,26.654469220419923,1.5134236394769331,26.654469220419923,0.0,11.942083091263894,0.2810633553873068,0.4289100362665959,193.06909851321825,217.95428545409803,197.85163410158822,11.233888684194433,197.85163410158822,0.0,1.6088312215826954,0.9232176063509104,1.2849168947394196,149.81732913508537,197.4719758511807,154.74745369416112,8.78646101083066,97.6023377119744,91.96233657734918,2.0569636435691545,3.3767535800680406,11.091728244442901,0.30443890308616584,4.86779159218019,14.582796222970895,0.333803717596521,M2,,,,,,,,,,,,,,,,,,
ALL,v3,8,43,-11161.204886946021,0.016574118429627333,0.036898130959855224,0.0836800555377319,0.08861369459466796,-0.6757016577295462,0.0,26.815617626875085,1.522573542473555,26.815617626875085,0.0,11.870317164157909,0.36492394520546795,0.5967915532838869,197.62096299954334,217.15329400660386,230.24989285204234,13.073441003370391,230.24989285204234,0.0,1.3824540035218835,1.3663432037946386,1.9897077606877602,nan,196.28907818751554,205.1500000000001,11.64828521142848,205.1500000000001,0.0,1.551595838088182,4.360942913582571,16.328182325100695,0.26708073359020856,6.7347553446868345,22.453727607103794,0.2999393001701921,M3,0.5887379346773145,0.9340870858951997,85.78358856696335,200.95156388275328,216.07086731282413,12.268365041874207,216.07086731282413,0.0,1.473173547838573,0.7776052691173241,1.0556206747925605,182.83554403876397,195.86893513525678,143.0827097211982,8.12414434148938,143.0827097211982,0.0,2.2246565416885726
ALL,v3,9,43,-10453.408677002086,0.03380954934185665,0.01847078584267779,0.0744382359090191,0.07880159934115048,-0.4081397767034236,0.0,26.664800222176787,1.5140102271200417,26.664800222176787,0.0,11.937456254371494,0.26842710736815,0.4058004356598969,194.44870474111983,217.8504508750488,193.45849962830732,10.984449330955659,193.45849962830732,0.0,1.6453652168054693,0.8702609474561289,1.2093834740998863,149.94343228139113,197.51636319023834,154.03992646885763,8.746288069494145,98.36255750109234,90.54022205898265,2.0664115692637886,3.6060380003662442,11.691047441261114,0.3084443903323397,5.14964720326414,15.347194526651464,0.3355432287198433,M2,,,,,,,,,,,,,,,,,,
ALL,v3,9,43,-11249.95908237242,0.015195490595097477,0.014116983290206546,0.07483548798232745,0.07924915626777038,-0.1271050247464581,0.0,26.824421381216926,1.5230734139895437,26.824421381216926,0.0,11.866421335249324,0.33855094432683197,0.543600234934038,198.52534766885887,217.1667458693437,221.6651689963379,12.58600589767895,221.6651689963379,0.0,1.4359941511110816,1.2958614000487896,1.885933047651593,nan,196.36856928815408,204.5,11.611378628989145,204.5,0.0,1.5565275608009324,4.52393581514136,17.31613483104179,0.2612555203157417,6.85938198631792,23.79751579031735,0.28823941317054785,M3,0.5634820162123682,0.8891510144938763,86.87304990932672,200.76114892852846,213.516501176063,12.12332977355635,213.516501176063,0.0,1.4907975937715296,0.7323793838364215,0.9967820331577166,184.15690376668846,195.90877230654118,144.2849374736845,8.192406060963204,144.2849374736845,0.0,2.2061199994756615
ALL,v3,10,43,-10503.954555545444,0.032178080170640624,0.0061690890643772995,0.0665506655138844,0.07039308891926811,-0.7954895384505432,0.0,26.275331717891426,1.4918964556416878,26.275331717891426,0.0,12.114400290027424,0.2596305561817867,0.3964461910455105,193.1662507240796,217.88630317848506,198.13884133066097,11.250196126158963,198.13884133066097,0.0,1.6064991803024835,0.8149137495401813,1.1301818964168469,149.57290650879364,197.56529791529732,153.09375653741088,8.69256514860714,97.37756461171324,90.3013239216262,2.0791826746115976,3.9012465792339857,12.245012777072327,0.3185988165352277,5.6318908167275294,16.055296248087952,0.35078087191310714,M2,,,,,,,,,,,,,,,,,,
ALL,v3,10,43,-11317.74457416402,0.014220326710793917,0.0014023867997097104,0.06691274328290081,0.07080065502802434,-0.48180920531664073,0.0,26.437892731656707,1.5011265655739174,26.437892731656707,0.0,12.039911403477584,0.32865576980760886,0.5336722046619474,197.68595531178875,217.13197194413866,226.92259868240313,12.884519377875481,226.92259868240313,0.0,1.4027244885789958,1.1908644937195603,1.7210837932184142,nan,196.40263690271348,202.5999999999999,11.503497849551099,202.5999999999999,0.0,1.571124808409629,4.9117067046269955,17.797275007612477,0.2759808286676526,7.537673266592083,24.30886822356621,0.310079152894691,M3,0.5205358939427449,0.814764899115051,88.00328009435648,200.85811500052577,209.7291216421652,11.908284796638151,209.7291216421652,0.0,1.5177190639594789,0.6703285997768155,0.9063188941033632,183.03088157012445,195.9580375559258,141.19064943591354,8.016714373952395,141.19064943591354,0.0,2.2544686029528576
ALL,v3,11,43,-10602.420606746791,0.029222502643255075,-0.009978266226763755,0.060892786915267005,0.06451609450273108,0.49699245511053425,0.0,27.056337332125693,1.5362414526990975,27.056337332125693,0.0,11.76470718399276,0.24601770418106927,0.3743635814569311,193.8578577942385,217.8442249567341,196.52076325623509,11.158322692548085,196.52076325623509,0.0,1.6197264905223268,0.7674587033274112,1.063081056615602,149.34886348813245,197.61627092940213,152.52752382481884,8.660414818934642,96.97879957004062,89.99943827321202,2.0869012896936323,4.04017810062472,12.603441921542178,0.320561488343841,5.802638618199117,16.47776519656812,0.35214961185438254,M2,,,,,,,,,,,,,,,,,,
ALL,v3,11,43,-11325.391675359011,0.01411432039825324,-0.015429730735920225,0.06124956218985259,0.06491879731598549,0.8495009655227879,0.0,27.23446062321935,1.5463551787408094,27.23446062321935,0.0,11.68776171437772,0.30942725193279946,0.4984256226236626,199.38503748898714,217.05051300703576,223.1592727748138,12.670840150407003,223.1592727748138,0.0,1.4263798327797552,1.1628404702688093,1.6919380314335795,nan,196.42534864575305,205.04999999999973,11.642607275668562,205.04999999999973,0.0,1.5523525295478717,5.0519096115933255,18.985286240322885,0.2660960465722958,7.677678010540271,26.062374864990907,0.2945885802929475,M3,0.5432782313619685,0.8521537649622151,90.29595075263418,200.512925349694,210.71431060347183,11.964223192974737,210.71431060347183,0.0,1.5106230102368094,0.6195622389068408,0.8397842664713644,187.21149753167523,195.8936963678102,142.36497234344472,8.083391674255768,142.36497234344472,0.0,2.2358722159260647
ALL,v3,12,43,-10738.387189892335,0.02558226508818591,-0.015047633161185315,0.054913194571136865,0.058184189799591564,-0.12074527475625696,0.0,27.08442976602118,1.537836523049075,27.08442976602118,0.0,11.752504628438842,0.22965244015459918,0.34677957511633545,192.78476482674893,217.90606927944526,192.91559722244457,10.953623681111837,192.91559722244457,0.0,1.6499955979026317,0.7184606282660331,0.9922938430505457,149.45836243181174,197.63467653864697,151.15430334402072,8.582444242193176,95.53711564591576,89.66078710817328,2.105860561967138,4.182099437997506,13.083570057744662,0.31964512893191277,5.9600310034525865,17.054355254724392,0.349472666332639,M2,,,,,,,,,,,,,,,,,,
ALL,v3,12,43,-11387.688071948503,0.0132796731931244,-0.020283504476925153,0.05524511042805183,0.058558772447959304,0.21413738687917566,0.0,27.267487301385344,1.5482304123107027,27.267487301385344,0.0,11.673605369850808,0.2866238643824259,0.458026057229813,197.42611507096245,217.20487098350193,219.42565469954806,12.458847714573515,219.42565469954806,0.0,1.4506502743247656,1.0995038161879214,1.5961458429279183,nan,196.48780593911192,203.05000000000018,11.52904856047065,203.05000000000018,0.0,1.5676428770440305,5.1882214038780665,19.902282892887946,0.2606847381177599,7.821647177403812,27.25716022046739,0.2869575228724869,M3,0.4965462600237501,0.7777589641602981,87.40334715356035,200.60163080946958,210.05644343039083,11.926869917501747,210.05644343039083,0.0,1.5153540685804918,0.6029575561641712,0.8183868787676202,186.49714336295034,195.9809146334112,142.99995582281286,8.11944562830025,142.99995582281286,0.0,2.2259439476904403
ALL,v3,13,43,-10869.656088994994,0.022498669893305075,-0.051219022241134726,0.05089093293140003,0.053916366505291614,1.2657100697549069,0.0,27.032609769665818,1.5348942169452364,27.032609769665818,0.0,11.775033520477061,0.22048339964073269,0.33297878164619044,193.03384912536055,217.9549311161678,192.97834665926004,10.957186553823917,192.97834665926004,0.0,1.6494590802243079,0.6816873034889673,0.9394164727117681,149.44488389601497,197.6771042172515,150.11487462533333,8.523426147276187,96.49780529417602,87.69639258417348,2.120442008017191,4.332469203068844,13.39506399711454,0.3234377382595641,6.175838678103619,17.423586446975598,0.354452781400561,M2,,,,,,,,,,,,,,,,,,
ALL,v3,13,43,-11459.13613186525,0.012382999151808623,-0.056371411309944136,0.051206797658404794,0.054272828097122014,1.5947479952937091,0.0,27.22083553961691,1.5455815552466308,27.22083553961691,0.0,11.693611892277367,0.27220593329304626,0.43387993457106383,197.56441819107016,217.28292839705972,218.23370727269514,12.391169705385062,218.23370727269514,0.0,1.4585734264507764,1.052144595157123,1.5269829626949707,nan,196.55594116823067,202.35000000000036,11.489303010151383,202.35000000000036,0.0,1.5730659065173715,5.315816370883094,20.546971169255105,0.25871532729053853,7.994422803886862,28.135312203786626,0.2841419617448184,M3,0.48354484044412244,0.7545143104518772,88.35051205284958,200.4549977672408,208.27305743609335,11.825610406394539,208.27305743609335,0.0,1.5283296365947914,0.5685997547130007,0.7724686522430934,187.94853487461245,196.0114445357124,143.43355251235366,8.144064969789415,143.43355251235366,0.0,2.219214964757812
ALL,v3,14,43,-10897.386000110842,0.021896421161244125,-0.060717479461478645,0.047700689939557596,0.05060099887641819,1.6011073618441924,0.0,27.6299791203627,1.5688124649271187,27.6299791203627,0.0,11.520453374110701,0.20953333807485688,0.31700364729607067,193.0013889017219,217.90166197974446,193.8087885789875,11.004338512549296,193.8087885789875,0.0,1.6423913926589675,0.6507961010171884,0.8936727672068533,149.1567999490841,197.70616960809022,148.45565453430987,8.429216696392572,97.32102867574238,85.12828804058195,2.1441412062228014,4.392668918213979,13.643326791327839,0.32196464875459174,6.264770544753126,17.661168495694174,0.354720048465677,M2,,,,,,,,,,,,,,,,,,
ALL,v3,14,43,-11513.336905877146,0.011743389309233927,-0.06645067829742052,0.04805924694552406,0.05100648980727328,1.9615043597435093,0.0,27.860688162994084,1.5819119761600018,27.860688162994084,0.0,11.425054697916087,0.26760830171297406,0.4309678138555092,197.95374691828556,217.14380588233936,223.05521219735334,12.66493165766742,223.05521219735334,0.0,1.427045272997963,1.0692893952247693,1.5779593643429937,nan,196.62975433310933,199.5,11.3274818409943,199.5,0.0,1.5955382766104798,5.568299936457857,22.24939971358324,0.2502674233075337,8.449274111665204,30.936442995886853,0.27311718133815754,M3,0.4760028218889013,0.7685823310049288,81.03476814292415,200.51502984154425,224.2792297529827,12.734430588165916,224.2792297529827,0.0,1.4192570865094005,0.593286573335868,0.8093770333380649,187.08233139201778,196.16662118901027,145.38678346618678,8.254968168590482,145.38678346618678,0.0,2.1894004296327343
ALL,v3,15,43,-10956.258148175146,0.020670723275171478,-0.055573535129822625,0.04497310353423684,0.04768029952568725,1.125927292239463,0.0,27.362335784433927,1.5536158482474378,27.362335784433927,0.0,11.633140119743468,0.20010988496512863,0.30145033357072437,194.20608164312642,217.80332415180771,191.79978970106296,10.890268846843691,191.79978970106296,0.0,1.659594552631705,0.6293728999390837,0.8643009026471767,149.21272962958486,197.69374685435523,148.48081819663412,8.43064547297418,100.08226758502178,82.77097588187495,2.143777829687407,4.449545822711351,13.99442890259861,0.3179512257113343,6.32232466174675,18.127002372993562,0.3487793807080887,M2,,,,,,,,,,,,,,,,,,
ALL,v3,15,43,-11492.516998181098,0.011985075889764895,-0.06048612827931699,0.04526568993495394,0.04801045520850232,1.4357256117546398,0.0,27.556955221174263,1.5646662148418273,27.556955221174263,0.0,11.550981725992978,0.24955679865907554,0.39883236853881066,197.45192727589446,217.20060217219478,219.47216704969566,12.461488655935314,219.47216704969566,0.0,1.450342840564904,0.9359886233567166,1.3522843282359147,nan,196.67801678706846,194.0,11.01519537419997,194.0,0.0,1.6407726091947974,5.513155748154609,20.67766170584646,0.266623752075207,8.307198230192581,28.16645504324305,0.2949323305839804,M3,0.39129296683738746,0.6155476424077743,83.63171053261208,200.79785042239033,212.07667283270376,12.041577245167625,212.07667283270376,0.0,1.5009188984914374,0.5446956565193292,0.7367366858281404,181.85694477500087,196.26350513071662,141.36860100248035,8.026818349585788,141.36860100248035,0.0,2.251630729359809
EBV,v3,0,9,-9519.366145190597,0.08432507147834818,-0.01338812593484286,0.05512302658010635,0.057981250705030275,-1.1086021578654102,0.0,23.66360652970891,1.3436043772316384,23.66360652970891,0.0,13.451452794575616,0.12382163533375726,0.18660572095515623,185.3006066062622,218.24327434441645,191.99508710362153,10.901357707901713,191.99508710362153,0.0,1.6579064130531418,0.4267613380724509,0.5921074671620478,150.27034909224597,197.34745754778493,153.2864420850563,8.703505710221052,92.7526211743765,94.28920615775385,2.076569081087846,2.246277880874631,7.741979433082638,0.2901425792060296,3.2183804020454994,10.212050619161245,0.3151551556165159,M2,,,,,,,,,,,,,,,,,,
EBV,v3,0,9,-9673.727997081702,0.07104398464742674,-0.018044399349611006,0.055492035109147374,0.058392427143071746,-0.787245382533899,0.0,23.84829641283441,1.354090950150533,23.84829641283441,0.0,13.347279850668334,0.1936637262944233,0.323315701552179,196.5731322849593,216.67862790684973,239.90546363544047,13.62167810970311,239.90546363544047,0.0,1.3268138264141132,0.7010363388709075,1.0679461321841528,nan,195.99382552800088,204.9000000000001,11.634090372028737,204.9000000000001,0.0,1.5534889516046388,3.489937356117969,12.633098380552056,0.27625347725388816,5.536945754284172,18.289120429392263,0.3027453275109831,M3,0.3186927589173253,0.554198883165273,77.68216729956535,201.66349748136693,258.99944697305784,14.70582221761844,258.99944697305784,0.0,1.2289983237566624,0.3823435799535823,0.5137472490188798,183.49384700559327,195.7092226602752,138.28307492253467,7.851624160911608,138.28307492253467,0.0,2.3018716235671355
EBV,v3,1,9,-9556.161891177926,0.08134306354754421,-0.03186045733786484,0.06059138808652858,0.06379447060267927,-0.6227590993049709,0.0,24.113727734093462,1.3691619700582673,24.113727734093462,0.0,13.200359964823885,0.11923665005897353,0.17509786372327443,188.97938789818883,217.75000482699758,179.86140590173252,10.212415083947771,179.86140590173252,0.0,1.7697509067492758,0.4408595316311824,0.6127289186204647,150.15456372432638,197.37588207818573,154.0977081530408,8.749568876403053,95.06848896808336,93.31615010453552,2.0656367313890485,1.967881143252496,7.2759437529571915,0.2704640401394915,2.744718500978055,9.60473396568528,0.2857672592269685,M2,,,,,,,,,,,,,,,,,,
EBV,v3,1,9,-9643.207427727197,0.0731976091173476,-0.03538944540036368,0.06082147078827586,0.06405146153466604,-0.37145552260211695,0.0,24.221501565227243,1.3752812989560232,24.221501565227243,0.0,13.141624821508227,0.15814346484502487,0.24767606835408257,198.51753338895446,216.6570848077939,209.99984040579216,11.923656034126877,209.99984040579216,0.0,1.5157625147176597,0.6453835494137888,0.9354423443188333,nan,195.97963068860113,207.45000000000027,11.77887773390612,207.45000000000027,0.0,1.5343932811944578,2.600125626615217,10.611113822952717,0.24503795454450125,3.8668293028728926,14.604543314168588,0.26476892975636496,M3,0.3241124487926542,0.5069583111943148,97.28623856066501,200.33366403768002,209.40027753106796,11.889613239259845,209.40027753106796,0.0,1.520102503859214,0.3212711006211346,0.42848403312451855,188.64702321180494,195.466022703731,134.79869360567642,7.653783228110547,134.79869360567642,0.0,2.3613721889244372
EBV,v3,2,9,-9446.833447771154,0.09052721799357782,-0.06579587948713118,0.07708642018887282,0.08131067898958584,3.103045849695401,0.0,24.97338980189129,1.4179730300200293,24.97338980189129,0.0,12.745962350681138,0.12607428123716424,0.19071233629697712,188.55100677651637,217.89256591997855,193.7453662878404,11.000737435600508,193.7453662878404,0.0,1.642929027323881,0.4836611799563674,0.6685200319209357,151.7821185308166,197.25532975196455,151.51632098169014,8.602999371099543,96.73628291010617,89.06928438548059,2.1008290336079143,1.635492748635416,6.274272158070486,0.26066652950840047,2.345477109118758,8.221798664435687,0.285275425104288,M2,,,,,,,,,,,,,,,,,,
EBV,v3,2,9,-9602.54885838663,0.07616835548212658,-0.06972275133090396,0.0774613029673905,0.0817304777506555,3.372425408119712,0.0,25.113003176426272,1.4259001877383497,25.113003176426272,0.0,12.6751023741593,0.1983009943239586,0.3308495697130889,202.75159736554448,216.0556992149062,239.61139469314014,13.60498106406949,239.61139469314014,0.0,1.3284421911213207,0.7841986218495296,1.1908913447513587,nan,195.9597579134415,200.5,11.38426119859327,200.5,0.0,1.5875804797196544,2.560000758151963,10.123746849180423,0.2528708783704139,4.048056230901396,14.570957830254544,0.2778167556353897,M3,0.3644791868243747,0.6283947485585646,84.00576667473757,201.00836034545506,254.97515973759894,14.477325773595354,254.97515973759894,0.0,1.2483956731760497,0.41971943502515485,0.5624965961927941,185.90000170906308,195.6462740614947,137.05983993017182,7.782169663852666,137.05983993017182,0.0,2.322415423408934
EBV,v3,3,9,-9355.96867512962,0.09894452467840055,-0.05504244773091133,0.10799340361035098,0.11403481921908147,1.1000794084028658,0.0,25.480559371542263,1.446769792378557,25.480559371542263,0.0,12.492264457086145,0.15125273769369907,0.2262161144357003,188.39883096393672,218.1957891229727,188.4294369590563,10.698902383270628,188.4294369590563,0.0,1.6892789753065813,0.6066858446604771,0.846604701158862,151.56766833307984,197.20250887583256,155.9825067114087,8.856586527750645,98.93913490707801,92.23441793645743,2.0406768226434027,1.4005738557831855,5.61780464711946,0.2493098182937587,1.9837459820153556,7.424089475096037,0.2672039431461316,M2,,,,,,,,,,,,,,,,,,
EBV,v3,3,9,-9647.734453774374,0.07287409184055986,-0.05809659474092577,0.10840913780097587,0.1145009090654689,1.303823542163302,0.0,25.59135647094161,1.453060780506281,25.59135647094161,0.0,12.438179529296313,0.22564771345099566,0.3722068346287726,196.79216956825246,216.85197288790388,234.27360173226904,13.30190460875493,234.27360173226904,0.0,1.3587100033044244,0.811970740811681,1.1600286150838044,nan,195.9427241061618,197.5,11.213923125796363,197.5,0.0,1.6116956262470414,2.081445513064162,7.489873614734826,0.277901286474225,3.2506889042772014,10.131173844397406,0.32086004585488875,M3,0.3443719372988542,0.54377652762365,91.51691424698599,201.6965711231743,213.83687476609103,12.141520380189817,213.83687476609103,0.0,1.4885640586170144,0.46759880351282684,0.6162520874601544,177.14743374877463,195.68063285153195,129.21763704783262,7.336894422032664,129.21763704783262,0.0,2.4633625366942873
EBV,v3,4,9,-8952.545989152093,0.14683327751835484,-0.01570645940846052,0.14750032234128602,0.155660559947486,0.33185726112837716,0.0,25.20610683032545,1.4311865533968617,25.20610683032545,0.0,12.62828442037833,0.19777998174831168,0.29386452603205787,192.6224647978674,217.83813302761618,185.3516855904028,10.524149637709137,185.3516855904028,0.0,1.7173293308333,0.8016170956202138,1.1222784324132276,150.8795411076082,197.1740912876546,157.50963465680815,8.943295871461858,94.02919752473541,97.90658579994482,2.0208915275395323,1.3408783018839014,5.434680296938154,0.2467262522579919,1.8878547406690342,7.209780260278145,0.2618463632061101,M2,,,,,,,,,,,,,,,,,,
EBV,v3,4,9,-9304.213698808126,0.10198840864045566,-0.01824105187495227,0.14801385747368961,0.1562353880004094,0.49856646958074585,0.0,25.304637247895997,1.4367810472104756,25.304637247895997,0.0,12.579112795235078,0.29391504119090883,0.4889821958049542,194.9346007607293,216.96149981584233,238.28084964441265,13.529433570946253,238.28084964441265,0.0,1.3358601274873982,1.048082906808835,1.4687559228249123,nan,195.92852926676207,198.79999999999973,11.287736290675007,198.79999999999973,0.0,1.601156369133758,1.9857265137701994,7.080978259046714,0.2804310988009629,3.1297787400359827,9.400917049734364,0.3329227056762956,M3,0.40179037250344274,0.6140745341971597,86.12043642667402,202.15654117990064,198.56255932481017,11.274254561669878,198.56255932481017,0.0,1.6030710284263456,0.6462925343053925,0.8546813886277527,174.21874605302318,195.7023543362586,130.8237313421524,7.42808742430751,130.8237313421524,0.0,2.433120374401283
EBV,v3,5,9,-8848.011983811113,0.16264689117478276,0.021202308570803744,0.17839366770083848,0.18848883844458608,-0.49507643956486025,0.0,25.767217152150184,1.463046037012221,25.767217152150184,0.0,12.353289231981686,0.23536426769291147,0.34050570067830327,197.93666310592764,217.47546480783356,172.86917391347927,9.81540064347179,172.86917391347927,0.0,1.841333992508718,1.023204197259706,1.4289514603536333,151.67689861977294,197.12090803406298,156.34719592348569,8.87729334693565,103.78234383138556,88.54845924038301,2.0359168215563486,1.319353263634958,5.7356531229325505,0.23002668316182853,1.8065032576367046,7.581093247458955,0.2382905998738654,M2,,,,,,,,,,,,,,,,,,
EBV,v3,5,9,-9381.620722336595,0.09454902079037403,0.01805491526183973,0.17914186958378278,0.18932860965142254,-0.2867750586612384,0.0,25.88894878183671,1.4699578807452975,25.88894878183671,0.0,12.295203210688571,0.3642295676496573,0.590543751524637,202.65489364372556,216.45283387055304,226.2150543850242,12.844345467197492,226.2150543850242,0.0,1.4071118610966473,1.3545910556809158,1.9410325415840948,nan,195.90297855584254,197.3499999999999,11.205406222156512,197.3499999999999,0.0,1.6129206292566043,2.033190613092887,7.5615547544980135,0.26888525959339743,3.1191469298374996,10.25218822003593,0.3042420664635992,M3,0.5676650239103911,0.9007678872865021,91.4815784081967,201.65584378940824,216.13059157887037,12.271756147333383,216.13059157887037,0.0,1.4727664596597982,0.7869260317705247,1.0402646542975926,176.4737144265511,195.64166274403087,130.64569537501575,7.41797865646398,130.64569537501575,0.0,2.4364360821080924
EBV,v3,6,9,-8685.46082235833,0.19068704115839297,0.03182046464075704,0.18128861303864297,0.1915262391648622,-0.726891757880171,0.0,25.71499644840406,1.46008097900015,25.71499644840406,0.0,12.3783756619397,0.2783265291559072,0.41425030925016987,195.08979919564493,217.66431080608922,186.15296394366655,10.569645707865412,186.15296394366655,0.0,1.7099372442982823,1.0834483558594172,1.5193690265604178,150.80957969248195,197.1569937025803,158.28720126951902,8.987445604221989,94.64648704974223,98.26834634648698,2.010964143852652,1.5352675741227053,5.976372910020953,0.2568895209916415,2.162890636063662,7.932954947507602,0.27264627750636666,M2,,,,,,,,,,,,,,,,,,
EBV,v3,6,9,-9152.018977123455,0.11836554563718968,0.02867174094879789,0.18216325977345146,0.1925078483920989,-0.5206850110729001,0.0,25.855004670921193,1.4680305559332463,25.855004670921193,0.0,12.311345143239905,0.45702700205976005,0.7712438623869589,201.02148548368075,216.36235633867793,244.94046035768258,13.90756198910493,244.94046035768258,0.0,1.2995398380445922,1.696568499931606,2.5578197701369607,nan,195.86323300552326,209.4000000000001,11.889597481224097,209.4000000000001,0.0,1.5201045185472326,2.5088868228870336,9.313450484151165,0.26938317084054325,4.006298282530766,13.286833713538826,0.30152392728814587,M3,0.7192245930143923,1.2336118443472341,75.36192858221392,202.10273333103902,252.554519021379,14.339883348750478,252.554519021379,0.0,1.260361079331332,0.9773439069172135,1.3242079257897263,180.2922740985057,195.59520266088578,142.1774053780079,8.072741742451479,142.1774053780079,0.0,2.2388218812792253
EBV,v3,7,9,-8798.45991930938,0.17072719388331684,0.03693318946845803,0.16979910856763034,0.1792651126375116,-0.7656503182852926,0.0,25.394464233584642,1.4418813657529288,25.394464233584642,0.0,12.534617121900924,0.2788506584899421,0.4198620099632687,195.32621288062697,217.65768580513162,191.570940954516,10.877274962027425,191.570940954516,0.0,1.6615770878286067,1.086989686007481,1.514778591349366,150.67712381133904,197.1514536836945,155.34325914075623,8.820290461342296,96.65014937755296,93.40771778073693,2.049074339913074,1.6422386480249216,6.401621864666841,0.25653477864556573,2.342128949609193,8.44993523314472,0.27717714810667826,M2,,,,,,,,,,,,,,,,,,
EBV,v3,7,9,-9265.704655841022,0.10590465913280703,0.03406825300646202,0.17053643794659515,0.18009171304329435,-0.5741951203253205,0.0,25.519676811220542,1.4489908554744062,25.519676811220542,0.0,12.473115883812273,0.4299400360987809,0.7304419307004734,198.39441878773584,216.60598862463206,248.09633665585534,14.086750617976993,248.09633665585534,0.0,1.2830092151877739,1.5654172309963363,2.2750980300040746,nan,195.931368234642,202.25,11.483625074391465,202.25,0.0,1.5738436894130565,2.5211036496107657,9.179370988659674,0.27464884606204204,4.05594415399266,12.632996774577501,0.3210595416405706,M3,0.6319837994272384,1.0233532278799857,79.38616500476944,201.89465850590386,225.61441140832767,12.810241344834331,225.61441140832767,0.0,1.4108579509475498,0.9334334315690979,1.2517448021240887,177.9104824794049,195.66774309573594,137.3526111708648,7.798793026822667,137.3526111708648,0.0,2.3174651247643006
EBV,v3,8,9,-8959.763559451168,0.14579996430095996,0.02797253649301663,0.14953083348115734,0.1579705381763353,-0.7258110176539923,0.0,25.701619448723413,1.4593214415516813,25.701619448723413,0.0,12.384818272593362,0.2861772765725598,0.4323934466647424,192.27362686826348,217.70600968360196,193.19746593433763,10.969628005500374,193.19746593433763,0.0,1.6475883089065735,1.0182541003477135,1.4194706353856383,150.45380099144094,197.23934494765925,155.50117425481045,8.829256780073463,94.51473114811641,95.3129646561416,2.0469934565394046,1.9138345577978841,6.809659764760327,0.28104701613755934,2.7371777779352837,8.985666895691322,0.3046159856257053,M2,,,,,,,,,,,,,,,,,,
EBV,v3,8,9,-9379.453113910047,0.09474976711815666,0.024626279572107623,0.15014478623895333,0.1586600798370606,-0.5013454527618998,0.0,25.822412485509638,1.4661799925828316,25.822412485509638,0.0,12.326884111328162,0.4071571146395349,0.6740227521676201,198.31921750824617,216.63062984555987,235.95409606909558,13.397321997648646,235.95409606909558,0.0,1.3490331021444886,1.4759041406199493,2.142553016880071,nan,195.9540799776816,204.75,11.625573468388888,204.75,0.0,1.5546270387486725,2.7117632575769233,9.82987273544796,0.27586962014247735,4.248218914674834,13.504046002500518,0.3145885991419312,M3,0.637343413412532,1.0193215787427008,85.86759079771097,201.31620549526167,219.813547311243,12.480872007882942,219.813547311243,0.0,1.4480903933235865,0.8385607272074173,1.1232314381373703,180.9053988020239,195.6239903418465,136.81615207519653,7.768333223992498,136.81615207519653,0.0,2.3265519557138403
EBV,v3,9,9,-9018.808982001909,0.13761517304847418,0.033763789814669945,0.13359238546075758,0.1409484047817307,-0.549621611906317,0.0,25.090606133412848,1.424628498023931,25.090606133412848,0.0,12.686416760570058,0.2689351962915869,0.4079855817573019,192.38767857419222,217.73656655026116,195.08716283521082,11.076923781588714,195.08716283521082,0.0,1.631629070605048,0.940527801410637,1.30924377193337,150.49635140748762,197.23330914481218,154.83143709820087,8.79122953456101,93.14665586607985,95.67190858954544,2.0558479088578414,2.0131027330939153,7.040280014214692,0.2859407195494151,2.894573956967434,9.288815818531846,0.3116192648790122,M2,,,,,,,,,,,,,,,,,,
EBV,v3,9,9,-9357.05642216166,0.09684908646019623,0.031103924628025345,0.13412232864022555,0.14154178301545473,-0.3722547023162786,0.0,25.203905990070467,1.431061591101006,25.203905990070467,0.0,12.62938713980264,0.37656966285829957,0.6273920333149856,195.3341207011186,216.8803792799932,238.95173955990725,13.567526269367663,238.95173955990725,0.0,1.3321095162146233,1.352918475894652,1.9482950760252375,nan,196.01937623892042,202.30000000000018,11.486464042271423,202.30000000000018,0.0,1.5734547018477034,2.8076582525525877,10.08719793050841,0.27833876879335484,4.432557086316213,13.764805236433302,0.3220210537076051,M3,0.5370208248076033,0.8516179854606956,80.13253931038345,201.68670289592905,215.84274077419977,12.25541216355984,215.84274077419977,0.0,1.474730560972561,0.8158976510870488,1.096677090564542,178.57969234436158,195.73138033443558,138.44192927498287,7.860643808995417,138.44192927498287,0.0,2.299230354927673
EBV,v3,10,9,-9155.752207239142,0.12035742539294146,0.024249661751488596,0.11925653237195544,0.12579228327356798,-1.1360991810418457,0.0,24.97566753925405,1.418102358484266,24.97566753925405,0.0,12.74479994112292,0.2434590555326846,0.3674711230995088,191.62884879005372,217.73004327482275,192.71602099954146,10.942291871383368,192.71602099954146,0.0,1.6517043291618607,0.8767553756071444,1.2221578526427996,149.9803436539758,197.2670957681051,155.47813003119572,8.827948343860252,95.92487233342551,94.14822578051745,2.0472968521034036,2.0414735418714627,7.351843611154031,0.2776818509542546,2.9212533037527226,9.715682240896289,0.3006740269310446,M2,,,,,,,,,,,,,,,,,,
EBV,v3,10,9,-9535.059891204311,0.0813680154713271,0.021985878863113064,0.1197003549821495,0.12628895177004745,-0.9824172622288868,0.0,25.081401280819804,1.4241058524069048,25.081401280819804,0.0,12.691072664556742,0.3378387156459937,0.5615699077080077,192.41371760580373,216.99375780554806,237.8746908174676,13.506372133669164,237.8746908174676,0.0,1.3381410400993217,1.1579119800739464,1.6248529434901653,nan,196.152807729278,194.8499999999999,11.06345782815909,194.8499999999999,0.0,1.6336150176227395,2.822370206808279,9.673421438446208,0.29176545493934586,4.4467065395438485,12.866152745085492,0.3456127583470798,M3,0.40550311462053873,0.6200513299535485,79.30183853808819,202.32857647296262,198.79094179592198,11.287221971666472,198.79094179592198,0.0,1.6012293281982959,0.7524088654534077,1.0048016135366167,172.33866256859346,195.93227700513734,135.4059928779167,7.688265290658672,135.4059928779167,0.0,2.350781375465278
EBV,v3,11,9,-9110.884337048074,0.1257590640464119,-0.0006734883355256166,0.10801676784267122,0.11400933531067797,0.35758842853876266,0.0,25.27467603506893,1.4350798687932687,25.27467603506893,0.0,12.59402438006057,0.2372368854470092,0.363398284816057,194.23401872297737,217.57060584403425,199.61787676805014,11.33417480816003,199.61787676805014,0.0,1.5945960919805646,0.8167812346015918,1.1360554615753442,150.17893017646625,197.33659941052792,154.448697534052,8.769497827980928,96.20662421710193,92.77736561025738,2.0609425088457702,2.196296835992629,7.561615209513133,0.2904533985317723,3.187443237220782,9.964582799115247,0.3198772393665889,M2,,,,,,,,,,,,,,,,,,
EBV,v3,11,9,-9466.89255960059,0.08698034717005751,-0.005290461467586864,0.10843195404583539,0.11447479487112261,0.6737135642490276,0.0,25.386075689231113,1.441405069593345,25.386075689231113,0.0,12.538759045724392,0.32787322808846636,0.5417832240123504,203.53362907856317,216.2858676094991,235.0994370837507,13.348795009494577,235.0994370837507,0.0,1.3539372536668282,1.1097030693939167,1.5829481066235245,nan,195.94556307404176,201.8499999999999,11.460913331351872,201.8499999999999,0.0,1.5769625275392165,3.023769431932129,10.234096389380136,0.29546032369500425,4.73277304949354,13.827918262754963,0.34226215107454794,M3,0.5531737599781115,0.8549017412833504,100.82763889277557,200.6901376847437,203.77186610690404,11.57003565429312,203.77186610690404,0.0,1.5620894692930622,0.5565293094158053,0.7280463653401741,182.34314436796717,195.53878889497864,125.75342195846274,7.140198514673587,125.75342195846274,0.0,2.5312224608005556
EBV,v3,12,9,-9255.380580552257,0.10917827857984144,0.011916444075866707,0.09884243120408305,0.10423838359098433,-0.7679289755882357,0.0,24.88127639818294,1.4127428901312147,24.88127639818294,0.0,12.7931493983579,0.204350626227681,0.30299343278155544,191.37670796132136,217.71699346474446,184.37344489282398,10.468605759323443,184.37344489282398,0.0,1.7264410629677378,0.7540760285157074,1.047062985058079,151.173974830348,197.27812161837474,153.65528327826385,8.724448276227413,94.77139127512055,93.06784847279623,2.071584389372044,2.067438282712329,7.629072042539536,0.27099472533282415,2.906735718106066,10.044888926583857,0.2893746002918333,M2,,,,,,,,,,,,,,,,,,
EBV,v3,12,9,-9524.014483916368,0.08225218089119835,0.008491152647844186,0.09925183012637982,0.10469629811476494,-0.5329856841384578,0.0,24.998280243087265,1.4193862932814916,24.998280243087265,0.0,12.733271372610218,0.28434330858476664,0.4594527437928139,197.1292427087947,216.74304361506216,224.6208726479799,12.753828852272107,224.6208726479799,0.0,1.4170984309309396,1.057178376387006,1.5141827851656449,nan,196.04776591771991,199.25,11.313287001594558,199.25,0.0,1.597540206694056,2.864867158849416,10.65147489009396,0.26896436300232823,4.388433517383543,14.462620096709085,0.3034328142507259,M3,0.44440340204870965,0.6978683913711781,88.19296253116379,201.31063813312244,211.25376173977637,11.994852881950141,211.25376173977637,0.0,1.5067655295808966,0.6127749743382964,0.8163143937944668,179.98871974663493,195.7303616581293,134.25271244738522,7.622782768681632,134.25271244738522,0.0,2.370975456518534
EBV,v3,13,9,-9279.30924635042,0.10665171891176124,0.003381837855793972,0.08988946747367121,0.09472062128922969,0.09407277987227568,0.0,24.505626762256757,1.3914137451210393,24.505626762256757,0.0,12.989257090704056,0.2008056003643899,0.30023959938224243,194.0639589417815,217.50281136389466,188.2913181329642,10.691060085052795,188.2913181329642,0.0,1.6905181255304205,0.7223949413702181,1.0051455756457963,150.5031513796608,197.33832942509744,154.62167753994092,8.779319521592766,99.16486185317686,90.52205099429601,2.058636869345612,2.2339168982529154,8.03648037609978,0.2779720466805977,3.1697384930094574,10.611686895259918,0.2987026025452496,M2,,,,,,,,,,,,,,,,,,
EBV,v3,13,9,-9551.628515106962,0.0800595157291916,-0.0009106168680176547,0.09029278589517827,0.09517150985465755,0.3920086933994754,0.0,24.63300220690533,1.3986460410420685,24.63300220690533,0.0,12.922090596596439,0.2816897260468977,0.4582449660013625,201.8498934146052,216.36667004197452,227.7777323606518,12.933073318787685,227.7777323606518,0.0,1.3974583155468192,0.9983508114812336,1.436143839930951,nan,196.0136983031605,202.5,11.497819913791208,202.5,0.0,1.5719006725125466,3.1197367902006468,11.056817015705201,0.2821550529206864,4.814938490533327,15.090060482639997,0.31908013198970003,M3,0.4710316198087024,0.7388786127226701,96.06735893225358,200.8906983003976,210.7438118324114,11.965898253802306,210.7438118324114,0.0,1.5104115438365442,0.5273191916725313,0.6972652272082808,181.98380805391096,195.6306904010638,130.7691081414637,7.424985954062406,130.7691081414637,0.0,2.4341367063500097
EBV,v3,14,9,-9283.338503120554,0.10623207001902582,0.0035180986186398606,0.08529565512774503,0.09008323682262469,-0.34812528562705347,0.0,25.563363822261763,1.4514713758967457,25.563363822261763,0.0,12.451799708244643,0.19641972311487044,0.3039909329059444,193.59819556689789,217.42706419768567,204.44110635908086,11.608034685891091,204.44110635908086,0.0,1.556975951914046,0.6649961665330621,0.9214572506207049,149.87149387267027,197.38683243670332,152.6834732333702,8.669269526170126,91.76023800771836,94.41978800637649,2.0847697490956834,2.302810416552846,7.796366245585605,0.2953697073757566,3.37455606201748,10.228953611370212,0.3299023722491438,M2,,,,,,,,,,,,,,,,,,
EBV,v3,14,9,-9575.251506484223,0.0782302054345026,-0.002275006786451471,0.08592075849708643,0.09078425732304762,0.034597082566699563,0.0,25.77394207345107,1.4634278737235888,25.77394207345107,0.0,12.350066019263375,0.3752339577386308,0.6660480740641931,209.532550899517,215.03577529968848,268.60305085297097,15.251108676554873,268.60305085297097,0.0,1.1850568531257244,1.3056975467744905,2.1616128324819597,nan,196.16984153655767,206.35000000000036,11.716420440547259,206.35000000000036,0.0,1.5425727462262666,4.367209557994707,15.19653189303219,0.28738198878108034,7.336603214080618,23.810436921789805,0.3081255181574019,M3,0.6036618775688984,1.1994423619558472,65.65751108246472,202.0335688594717,321.39833165225497,18.248790804595398,321.39833165225497,0.0,0.9903905989412356,0.7020356692055921,0.9621704705261127,181.83348747463248,195.92392715006122,147.54947028625992,8.377764136921991,147.54947028625992,0.0,2.1573095827876534
EBV,v3,15,9,-9270.996863184282,0.1075227022968856,-0.030344346859317892,0.08076320582636325,0.08515912065604898,1.063702844160188,0.0,24.80945909255789,1.4086651496533356,24.80945909255789,0.0,12.830182431477287,0.16514992577515397,0.24002264510118948,198.43586100206235,217.27882825437408,175.0140642902611,9.937186141185673,175.0140642902611,0.0,1.818767465772769,0.6606986378863156,0.9136810083771608,151.0165772414331,197.35769329114513,151.75128309302596,8.616340368841287,106.39060564437825,80.92930941676768,2.0975762424931963,2.0448659025524303,8.180688608458457,0.24996256432962533,2.8185195343975207,10.729103369531572,0.26269851611286843,M2,,,,,,,,,,,,,,,,,,
EBV,v3,15,9,-9468.967021232906,0.08680397301118484,-0.033547793344563114,0.08116242950938336,0.08560487792085411,1.2805645247195339,0.0,24.945111274090074,1.4163673933776317,24.945111274090074,0.0,12.760411556648856,0.23439533354640288,0.3746037406531984,200.52280419313698,216.58619853682063,219.47449157525764,12.461620641003446,219.47449157525764,0.0,1.4503274795132284,0.8463157488271689,1.1935447550222964,nan,196.317467866315,186.80000000000018,10.606383999487406,186.80000000000018,0.0,1.7040143799988778,2.8879782796460516,10.427432420924813,0.2769596735866369,4.3759625590440985,13.942485335073858,0.3138581432132392,M3,0.324631245941871,0.5038690207828994,90.18927626170021,201.68735614796086,205.790358160822,11.684644336433205,205.790358160822,0.0,1.5467677350317668,0.5216845028852979,0.6896757342393971,173.47112802324597,196.06357806492483,130.67488325091267,7.419635925307086,130.67488325091267,0.0,2.43589187351784
HC,v2,0,1,-8471.453125694397,0.23510551975221977,-0.030085056363276186,0.007930984159630509,0.008337139267036709,17.777734176297113,0.0,23.37846158628986,1.3274140305217101,23.37846158628986,0.0,13.615518925781728,0.20385061346827146,0.3061600378122424,-45.73224199586951,217.67445943204052,190.38700635909012,10.81005191625995,190.38700635909012,0.0,1.6719097183734504,0.26082039748190966,0.35435646562838446,-86.17295196338173,197.99377639423685,143.4600812259298,8.145571253104196,114.42534703364635,62.73264159218713,2.2188045863608328,25.703066525575878,32.88625878355818,0.7815746599435744,36.72243296003638,42.503364077104386,0.863988857291838,M2,,,,,,,,,,,,,,,,,,
HC,v2,0,1,-8451.480292907503,0.23491794325722468,-0.03409802033630669,0.00784955330483199,0.008246296162633941,18.044773628797554,0.0,23.080988389614372,1.3105236935115643,23.080988389614372,0.0,13.790998929968652,0.2124006872300973,0.3216142854858546,-43.46949330466819,217.45441555893177,194.20574455244198,11.026877417717115,194.20574455244198,0.0,1.6390343494594029,7.837781940890717,11.872857149973825,nan,197.45589398617432,194.35000000000036,11.035068149359631,194.35000000000036,0.0,1.6378177832970933,27.05895214436581,998.5003778579315,0.02709959129150756,39.00105928079208,1439.7805894690941,0.02708819633078493,M3,3.888821290088565,5.919062596501343,-190.68190106567206,197.52429478714262,196.63686358299466,11.164914794518523,196.63686358299466,0.0,1.6187701552178255,3.948960650802152,5.953794553472481,-14.458197750087411,197.39162173031795,192.19192288831366,10.912533917309021,192.19192288831366,0.0,1.6562084472653231
HC,v2,1,1,-8480.152106074705,0.2331128593300873,-0.3188802570264957,0.01545911907019678,0.016372380169104223,15.983655362035925,0.0,26.86756325012176,1.5255229815915792,26.86756325012176,0.0,11.847367147534237,0.25437204849414374,0.3790987450958433,-42.270090791306195,218.09434269470393,186.77242589575937,10.604818359562245,186.77242589575937,0.0,1.7042659517708703,0.43795967618769466,0.5948521320555474,-82.75043407613033,198.12336932937947,143.32652267039236,8.137987884118935,115.59550407667794,61.25949971971691,2.2208721753182217,16.45449830220538,28.33018325294003,0.5808115731301448,23.154772927349196,36.332660609608446,0.6372991280805277,M2,,,,,,,,,,,,,,,,,,
HC,v2,1,1,-8469.653224461077,0.23077761521343598,-0.315916192685512,0.01528332173132906,0.01617470780023842,15.817355815637988,0.0,26.53516612709513,1.5066496864783818,26.53516612709513,0.0,11.995775140776813,0.2623096167870928,0.39256496041276784,-39.11772957452919,217.81745516946683,188.7280277998034,10.715856179393187,188.7280277998034,0.0,1.686606329195807,0.46128192980526994,0.6153119936702934,nan,198.06059414460336,156.45000000000027,8.883130496358703,156.45000000000027,0.0,2.03457901044289,17.16312863121818,30.182046672464846,0.5686535713589014,24.270296889504323,38.04161418367159,0.6379933504483555,M3,0.3710571732303693,0.5064415658990351,-90.12985215115069,198.99238958493294,145.60467480080356,8.267339898596404,145.60467480080356,0.0,2.1861240830300184,0.09022475657490067,0.10887042777125833,-63.22415380860727,196.17406006261515,87.93525302647716,4.992907177146161,87.93525302647716,0.0,3.619821120978046
HC,v2,2,1,-8409.231817672666,0.2498638925170747,0.18964919972789174,0.020182869415698555,0.02135111552397982,-13.76396113121677,0.0,26.340045619812695,1.4955708694205,26.340045619812695,0.0,12.084636859716047,0.36965910254013107,0.5446826374765794,-49.23197574519191,218.00414110138934,181.4469671083529,10.302442230693522,181.4469671083529,0.0,1.7542860663728188,0.6176652351804163,0.8496135066618241,-83.13454938449182,197.51246933005686,149.24751417597594,8.474177978154922,101.49717498915884,82.40880214091247,2.132765077805419,18.315487997588903,30.603440098561332,0.598478077582197,25.51073440939592,39.79246450648482,0.6410946073782019,M2,,,,,,,,,,,,,,,,,,
HC,v2,2,1,-8417.232520479693,0.2429235576004466,0.19115706172511335,0.02010473232206802,0.021263310471010516,-13.876381230837744,0.0,26.2267911165445,1.4891403514797417,26.2267911165445,0.0,12.136821648112072,0.37674540632972564,0.5586511339564384,-49.23257769083129,217.96577482624448,184.41168302271143,10.47077689577424,184.41168302271143,0.0,1.7260830819736561,0.659330228289033,0.8639170791448417,nan,196.77170272710677,166.55000000000018,9.456602008108284,166.55000000000018,0.0,1.91119715511132,18.739140630894642,32.79477775316198,0.5714062394915259,26.273008368949856,40.62947208162478,0.6466490215813602,M3,0.15406477870025037,0.19986202729441438,-122.15587705134367,201.2131280580268,121.82567081888295,6.917183328159629,121.82567081888295,0.0,2.612830974327397,0.5052654495887826,0.6640550518504273,-72.76144136041387,196.54623013818144,127.92365101494009,7.263422726342988,127.92365101494009,0.0,2.4882801863325144
HC,v2,3,1,-8259.369388419505,0.2893256202501838,0.3186003087539519,0.016311780849846934,0.0169870268772253,-8.96332716217879,0.0,18.98733898871151,1.0780889102928959,18.98733898871151,0.0,16.76432312990433,0.4812040729816205,0.6908383922137787,-45.56506152222866,217.695829896324,169.2727378100151,9.611197311871354,169.2727378100151,0.0,1.8804557089461675,0.7733359298465585,1.0504392893826615,-80.64829066337242,197.38160858576634,143.35656479785288,8.13969365681705,111.57949016647797,65.65102094646178,2.2204067642987924,29.500400809157266,47.409656674845245,0.6222445568733611,40.66858769382378,61.837736348730765,0.6576661775663222,M2,,,,,,,,,,,,,,,,,,
HC,v2,3,1,-8249.693744542052,0.2861966271632028,0.3142323735596541,0.016184428186915328,0.016847784442269614,-8.63130045589623,0.0,18.803503106426255,1.0676508269930993,18.803503106426255,0.0,16.928222596724844,0.5055830336289194,0.7354721893055539,-45.3881015932294,217.62745988132465,175.44512652376403,9.961661577889146,175.44512652376403,0.0,1.8142988208947235,1.1515687966759525,1.6553520125968992,nan,196.83699898834556,176.44999999999982,10.018717648338056,176.44999999999982,0.0,1.80396648446467,31.238856744884544,71.1528874160018,0.4390384969515536,43.65394107609299,98.25339457951314,0.44429957115390384,M3,0.35985889842777213,0.5694565554595923,-164.7378095705424,200.13986315898745,214.84535888168742,12.198781460422143,214.84535888168742,0.0,1.4815767389188976,0.7917098982481804,1.085895457137307,-56.02295811705466,196.54257937953693,147.90418518242654,8.397904620857117,147.90418518242654,0.0,2.1521357613456575
HC,v2,4,1,-8382.474431713514,0.25649206666163865,0.09058919665295377,0.016420403937846998,0.017275143216484178,-8.22826882056401,0.0,23.75338652505875,1.3487020276928408,23.75338652505875,0.0,13.40061072335888,0.5322877630741844,0.7851627417914292,-47.13357434037707,217.87395378578213,181.95471233626776,10.331271678558469,181.95471233626776,0.0,1.7493907252895267,0.7664341464705964,1.0529583262278415,-80.82607656509104,197.66176746655532,148.67419458127847,8.441625259869099,102.55285186618147,80.80665966932791,2.140989477563804,32.41624049499336,46.67571817183258,0.6944990192899829,45.45043314270276,60.95221978959307,0.7456731403646586,M2,,,,,,,,,,,,,,,,,,
HC,v2,4,1,-8378.835717327229,0.25222387186767714,0.09027718976252799,0.016390983891812375,0.017242567810456313,-8.205475510305503,0.0,23.709301623545635,1.3461989153051122,23.709301623545635,0.0,13.425527720634255,0.5416276505004333,0.8039319233296416,-47.69343551166736,217.87715807330457,184.87055256319428,10.496831213504588,184.87055256319428,0.0,1.7217987492896298,0.9024477915201659,1.2209769370550039,nan,196.92784596050393,177.19999999999982,10.061302166537283,177.19999999999982,0.0,1.7963311861387754,33.04424274194956,55.05757296064189,0.600176160427038,46.62483756289001,70.81178108022714,0.6584333404926757,M3,0.23354541082408406,0.32163024777248367,-140.53189200234132,201.38002315666404,149.80508159792086,8.505836298191067,149.80508159792086,0.0,2.124827027150783,0.6689023806960818,0.8993466892825202,-63.54923328125273,196.64393488470992,138.57268305699773,7.868067924741856,138.57268305699773,0.0,2.297060857606859
HC,v2,5,1,-8371.276888777,0.2593177736356419,-0.21883004532320738,0.014471723072500366,0.015199339769103105,8.875618631273102,0.0,22.96295858419032,1.3038220369820555,22.96295858419032,0.0,13.861884783563676,0.5163670043370321,0.7667384416375167,-45.76164566387111,218.11275166371516,185.0541179203374,10.5072539365606,185.0541179203374,0.0,1.7200908024149864,0.751850126691961,1.0275537778262105,-80.8595555191638,197.97445361691567,146.23496905281417,8.30312760132389,109.84129790809716,71.03072691391053,2.176701566291097,35.681100429447085,51.95304822551856,0.6867951284506356,50.44550969221218,67.6051587395263,0.7461784075764399,M2,,,,,,,,,,,,,,,,,,
HC,v2,5,1,-8358.711285386778,0.25723969061413166,-0.21507721504336036,0.014374622246743707,0.015091399404543328,8.655907954511544,0.0,22.77820763493341,1.2933319967674481,22.77820763493341,0.0,13.974316648849058,0.5201960729022187,0.7730433716477075,-44.8345141329031,218.03193174341354,185.4292481956818,10.52855359261058,185.4292481956818,0.0,1.716610994657548,0.7821911773406975,1.0260964117664202,nan,197.61487618745144,160.25000000000045,9.098892055234796,160.25000000000045,0.0,1.9863331431125726,36.18850387668859,54.41472923004205,0.665049783188283,51.2241012861259,67.9921314293431,0.7533827842911145,M3,0.37476587677400386,0.4976587884891944,-95.66711159118056,199.71537823936177,132.76011442928746,7.538034012060547,132.76011442928746,0.0,2.39763190587888,0.40742530056669374,0.5284376232772258,-68.70007415893251,196.58894352988753,121.73816271251665,6.9122146740954475,121.73816271251665,0.0,2.614709135503187
HC,v2,6,1,-8361.240771278903,0.26187683837666087,-0.017304152346135422,0.013135063420754335,0.01366685185902543,2.5263292562776334,0.0,18.578098977394234,1.0548525253465062,18.578098977394234,0.0,17.13360912605262,0.4626840466361287,0.6731111067119365,-45.84995563790728,217.72022758540768,175.47581030579005,9.96340378332129,175.47581030579005,0.0,1.8139815717567747,0.7131844726621175,0.9811722639028304,-81.22714178937737,197.81193987466523,149.32849693063974,8.478776126941327,117.34605277298041,67.20225195205184,2.131608452013279,35.22510945056078,54.29623366227796,0.6487578801443321,49.251364809915735,71.79211965006233,0.6860274505054675,M2,,,,,,,,,,,,,,,,,,
HC,v2,6,1,-8379.397703179196,0.2520852150356242,-0.013272695860656457,0.013010186020148641,0.013530031173328056,2.23606745720756,0.0,18.33987137856839,1.0413261153228297,18.33987137856839,0.0,17.356167860357044,0.46807550810281456,0.6825017079698291,-44.7512477390672,217.62413927889273,176.53812897842755,10.023721555119037,176.53812897842755,0.0,1.8030659327010723,0.8008997193894699,1.004466221804798,nan,197.90728987908614,126.65000000000055,7.191105639909445,126.65000000000055,0.0,2.5133034834882695,35.97761841205917,61.559436440734274,0.5844370983918323,50.44346899327582,74.23975665221796,0.6794670573825055,M3,0.23900443740982424,0.29294080196622274,-42.350573719940854,199.61937116247952,95.25349814730798,5.4084324338587235,95.25349814730798,0.0,3.3417133478030343,0.5618952819796457,0.7115254198385752,-98.02149890647154,197.28171886987798,110.51702512063585,6.275085690098814,110.51702512063585,0.0,2.880188693428335
HC,v2,7,1,-8413.401698279387,0.24884649531079148,-0.22504057827012955,0.012958168691608946,0.01367833164975129,-2.021094015090951,0.0,25.318074869939565,1.4375440267577673,25.318074869939565,0.0,12.57243640438569,0.470327729347263,0.6847565551959283,-47.402257638283636,218.1329827569864,175.8351455542172,9.98380660788965,175.8351455542172,0.0,1.8102745340273436,0.6839427584363935,0.9303548402774182,-81.4317907005156,198.06971678864863,144.03140117564774,8.178010432832657,109.9833455623142,68.15291809097747,2.2100033991588304,36.29584862958478,52.780819166158885,0.6876711881890674,50.06140900293049,68.01668976160076,0.7360165450332304,M2,,,,,,,,,,,,,,,,,,
HC,v2,7,1,-8421.450933658709,0.24192293141880733,-0.23046619844767396,0.012922996650393814,0.01363906725200092,-1.6107529908800404,0.0,25.24471539342312,1.433378722807367,25.24471539342312,0.0,12.608971074663744,0.4856571514475514,0.7164828621369795,-49.52227474831275,218.2207481626892,182.02242027702152,10.335116091938817,182.02242027702152,0.0,1.748739994223525,0.774317598457902,1.0376796345902612,nan,197.54106302257279,156.60000000000036,8.891647399998554,156.60000000000036,0.0,2.0326301799731157,37.58084634594032,59.917805398046404,0.6272066557892595,52.531661359164275,76.08142224227456,0.6904663426490878,M3,0.1199060439937105,0.16357820267793585,-164.31345630759247,203.52088504089335,145.38462825242559,8.254845796937634,145.38462825242559,0.0,2.1894328857870846,0.6544115544641915,0.8741014319123254,-71.00051248603368,197.448568483886,135.49702049286927,7.693433780159444,135.49702049286927,0.0,2.349202108104969
HC,v2,8,1,-8230.368519595373,0.2976532896140316,0.0532001246323731,0.012411763163962452,0.013286230780183175,-2.810050624978919,0.0,31.87010051533095,1.80956383387506,31.87010051533095,0.0,9.98772771459159,0.4844357833902827,0.705905755886722,-47.03615045613943,217.69374197926064,176.23922346911462,10.006749892317456,176.23922346911462,0.0,1.806123971259857,0.6552195561004308,0.8892241475674681,-81.60471700424341,197.73125379208588,142.94873758464064,8.11653748963948,110.99429091089229,65.74478650514608,2.2267414988209873,39.030376022388324,52.790207760558985,0.7393487860365836,53.130625800930865,66.92824791917461,0.7938445641830287,M2,,,,,,,,,,,,,,,,,,
HC,v2,8,1,-8222.72220971763,0.293850171423398,0.050279532840192265,0.01200853459830922,0.01282743717455574,-2.7409490916463373,0.0,30.880174794398254,1.753356487369805,30.880174794398254,0.0,10.307904288208011,0.5087628304810079,0.7476742856700396,-43.56028068721,217.40840345621046,180.21277111548818,10.232365375067442,180.21277111548818,0.0,1.7663003804530804,20.67485765650639,31.482908617457085,nan,196.94487976778362,196.85000000000036,11.177016543357054,196.85000000000036,0.0,1.6170174558485655,42.36677059269503,1721.6803172151724,0.02460780330068681,58.28711343471726,2454.341283378568,0.02374857719643663,M3,10.417604165938574,15.91779932463683,-160.64886668902298,197.0355990877205,198.44788972625233,11.267743695527633,198.44788972625233,0.0,1.6039973346296663,10.257253490567814,15.565109292820257,15.710520302616636,196.85873402385246,195.22072299249177,11.084507241519946,195.22072299249177,0.0,1.630512792415142
HC,v2,9,1,-8441.647500175744,0.24206310357234645,0.15862086823962895,0.008068031736673562,0.008315370284973396,-8.414866814117104,0.0,14.134873528344189,0.8025690386820543,14.134873528344189,0.0,22.519471825870568,0.43826649229402037,0.6430387028604281,-48.37432650375165,217.75815567761526,179.46019204849358,10.189634419101056,179.46019204849358,0.0,1.773707486603922,0.6088858870245609,0.8169340687122841,-80.53880827746968,197.60862649456598,137.58828732780162,7.812174567614933,106.3248399584886,63.80772418407741,2.313495518883981,54.32136444157283,75.46895040792238,0.7197842841056715,77.33133712908196,98.24385934906059,0.7871365970500366,M2,,,,,,,,,,,,,,,,,,
HC,v2,9,1,-8422.78615032559,0.24160707171856582,0.1555991939749491,0.007994911212988438,0.008236848925857588,-8.115482732824471,0.0,13.95536916403445,0.792376896190336,13.95536916403445,0.0,22.809134064624654,0.45379604481512503,0.671343447569215,-47.50850714880236,217.65943207224348,183.32449070092412,10.409046814156623,183.32449070092412,0.0,1.7363194899206456,22.213622113020442,33.294792722727955,nan,197.35653011037613,189.35000000000036,10.751171361364786,189.35000000000036,0.0,1.6810662064102988,56.76061093435201,2778.470144475458,0.020428728034818506,81.50488780505555,4042.175961028863,0.020163616970377992,M3,10.948592403428876,16.481362792426097,-203.0708972798124,197.4123321223647,191.46307561300492,10.871150437229232,191.46307561300492,0.0,1.6625131773563229,11.265029709591566,16.813429930301858,-25.716421618845242,197.30647828179943,187.46334433337196,10.644048264603171,187.46334433337196,0.0,1.6979846770349418
HC,v2,10,1,-8466.10125365294,0.23633991793772935,-0.13810574099705797,0.013252577213924957,0.014242373840038826,-1.9005427734947342,0.0,33.71723407486746,1.91444289078504,33.71723407486746,0.0,9.440569338427915,0.407549144352035,0.5916802696497967,-47.3027127902964,218.0619330219316,174.5109978936527,9.90862235435662,174.5109978936527,0.0,1.8240104636715748,0.5912068857490548,0.8001448832832262,-81.9582345941537,197.99451999131134,141.66044391457228,8.04338900265418,107.9246560230621,67.28329448187779,2.246992014056839,30.752444432001386,44.61071052110925,0.6893511462331383,41.54365531302356,56.18058423897156,0.7394664166593945,M2,,,,,,,,,,,,,,,,,,
HC,v2,10,1,-8449.02021028248,0.2354841014461563,-0.1331479205067762,0.012969440599710072,0.013916565222513742,-2.299664661396892,0.0,32.993758776474756,1.8733644281035795,32.993758776474756,0.0,9.64757875391731,0.41434272129962946,0.6018061375002798,-44.30614755007503,217.840380232997,174.71556968322582,9.920237809151454,174.71556968322582,0.0,1.8218747577042709,0.7557454723210002,1.0367023768578603,nan,198.19970357072083,168.60000000000036,9.572999691186181,168.60000000000036,0.0,1.8879589927864178,31.947617024352766,58.271246667176584,0.5482569680862591,43.24387001231442,74.49412698333916,0.5805003932992737,M3,0.6572599644537742,0.9036119220808476,-92.39227239970153,198.35308283347604,149.00664074152252,8.460501339283999,149.00664074152252,0.0,2.136212752664853,0.09848550786722604,0.13309045477701273,26.704707305541284,193.6377829687162,140.95491956274813,8.003329783187176,140.95491956274813,0.0,2.2582389261134685
HC,v2,11,1,-8466.821063837211,0.23617351873525272,0.0669328237232053,0.01296505989208323,0.013907789626604054,-0.15311686678150183,0.0,32.8566249480095,1.865578057418235,32.8566249480095,0.0,9.68784489239131,0.38884441383357926,0.5651369583911757,-48.41459746418181,217.95855348421824,175.01838756988076,9.937431614225197,175.01838756988076,0.0,1.8187225388343666,0.5580263646338656,0.7557108941690583,-81.43897298600919,197.71431192194393,141.9534198308844,8.060023986974352,105.92350654223203,69.64511212010136,2.2423544748904805,29.99171751385559,43.040785717820675,0.6968208645279859,40.63456333205757,54.3372393786765,0.7478216375490682,M2,,,,,,,,,,,,,,,,,,
HC,v2,11,1,-8449.058568342527,0.23547526334068136,0.04102186969432038,0.01279799661739117,0.013709773917036155,0.9477553627698774,0.0,32.215000782298866,1.829147049469211,32.215000782298866,0.0,9.88079709619911,0.4046330045323779,0.5940193681577702,-47.94824598783192,217.9095473161246,179.71936757148245,10.20435023880174,179.71936757148245,0.0,1.7711496010978593,11.62114537086537,17.784758366234577,nan,197.529707151053,199.05000000000018,11.301931130074776,199.05000000000018,0.0,1.59914537143326,31.616901975307837,908.0441039555692,0.034818685389377144,43.32816658775276,1297.2320677100831,0.03340047449199824,M3,5.632002260987587,8.702888097402424,-212.35764311896955,197.6342033807612,203.71360656655443,11.566727715018057,203.71360656655443,0.0,1.5625362073190578,5.989143109877784,9.081870268832153,-36.43896383460677,197.44551242497846,194.88607025828006,11.065505874252665,194.88607025828006,0.0,1.633312661915439
HC,v2,12,1,-8183.157268156828,0.3117259117589446,0.10571923028654692,0.0066779521460574405,0.0069196547509919985,-10.03651727926048,0.0,16.643160690530998,0.9449879724247621,16.643160690530998,0.0,19.12556707842704,0.39494793134446565,0.5678823388655055,-48.38805390516042,217.75789393486988,169.99634870095824,9.652283473410725,169.99634870095824,0.0,1.8724513121380733,0.5627226268817351,0.7570051310256565,-80.74089170355516,197.77889942359565,138.8314160634031,7.882758618635203,113.69049267704953,57.380484800248134,2.292779942822317,59.1420727052734,84.26574712937376,0.7018518759997722,82.06801629576883,109.39926315212945,0.7501697354363888,M2,,,,,,,,,,,,,,,,,,
HC,v2,12,1,-8163.72652537374,0.3113120343177871,0.09721945118122585,0.006744365623902121,0.006992401807656377,-9.35243428275146,0.0,16.90631319550307,0.9599296026076358,16.90631319550307,0.0,18.82787113327927,0.3985386195102683,0.5750492097354947,-49.44413698397605,217.82481587194496,171.63045008122944,9.745066700034112,171.63045008122944,0.0,1.8546236173892259,17.54045784389202,26.17730790053858,nan,197.93284059000567,187.39999999999964,10.640451614046755,187.39999999999964,0.0,1.698558624246485,59.09208393119171,2600.75725754375,0.02272110700058199,82.23915409235217,3743.6790133935897,0.021967469379219985,M3,8.66456042712223,12.95206778136414,-191.40798347889702,198.01119067692497,188.18398902309383,10.684966007142688,188.18398902309383,0.0,1.6914822979160455,8.875897416769789,13.22524011917444,-14.715404342316429,197.85686678317626,186.67362216422157,10.599208347157148,186.67362216422157,0.0,1.7051679958498118
HC,v2,13,1,-8478.149809998798,0.23357002028882304,0.16969338390877112,0.008153681593871812,0.008475189500031495,-10.204480028374089,0.0,18.10315312092664,1.0278854047219839,18.10315312092664,0.0,17.583118479831843,0.3694651765220947,0.5275770322669874,-47.69022330325448,217.71786874027424,166.75618146115474,9.468308859021457,166.75618146115474,0.0,1.9088341037476912,0.5587162566002878,0.749376698001012,-79.84457999109038,197.59448559100406,137.4349923798659,7.803470578947975,120.23639022826193,47.122713927169315,2.3160759910692352,45.312681427219246,68.52318798175915,0.6612751502350046,62.24958536502657,88.42005220039354,0.7040211333956836,M2,,,,,,,,,,,,,,,,,,
HC,v2,13,1,-8463.330650610194,0.2322097396788066,0.16990010582650406,0.00802025067983245,0.00833021422298922,-10.245552014751404,0.0,17.75022063456308,1.0078461248704542,17.75022063456308,0.0,17.932728428399383,0.381623684720324,0.548521834126251,-45.90445147112642,217.5662288216386,169.82397960356056,9.64249646679057,169.82397960356056,0.0,1.8743518255010727,17.775183020839314,26.0616572340977,nan,197.03288777206203,179.04999999999973,10.166343978095371,179.04999999999973,0.0,1.7777709365193588,47.58251330970822,2216.2877109984115,0.02146946584307543,65.84726628187708,3128.569870649223,0.021047081895029834,M3,8.741454300382234,12.874855438744257,-202.0162935717158,197.06125371914914,181.24922862430176,10.291214766596504,181.24922862430176,0.0,1.7561999496482927,9.033728720457079,13.186801795353444,-25.13087105132116,197.00874532987294,177.0604627608777,10.053379331738796,177.0604627608777,0.0,1.797746833033369
HC,v2,14,1,-8492.536706785211,0.23030504354821033,0.23244420725281195,0.009045875632149588,0.009372849357250836,4.724365633507078,0.0,16.62149677368485,0.9437579091431604,16.62149677368485,0.0,19.15049471884739,0.36683500699934984,0.5337988353563589,-48.042619381520744,217.69980767520795,175.58857119242168,9.969806274026524,175.58857119242168,0.0,1.812816654422032,0.5219253879628927,0.7019186710468153,-82.09265522383053,197.66302606185684,138.6955289908733,7.875043037950957,110.00458383265529,61.3259070357381,2.2950262960872854,40.55273606632354,57.697608190404296,0.7028495173057776,56.95160724453681,74.8885044763694,0.7604853060259407,M2,,,,,,,,,,,,,,,,,,
HC,v2,14,1,-8472.86093232644,0.2300544188695866,0.2288792238669873,0.00899433027780899,0.00931659412062769,5.069636704747434,0.0,16.47848831116608,0.9356379805101283,16.47848831116608,0.0,19.316692173037435,0.3784868940437507,0.555078121071049,-47.57661918763298,217.63613770057162,179.24938572916517,10.177664971711787,179.24938572916517,0.0,1.7757934560776538,16.534971597339954,24.789781659504687,nan,197.46157192193422,189.55000000000018,10.76252723288457,189.55000000000018,0.0,1.6792924620616745,42.08060882282274,1838.3771872526631,0.022890084317087025,59.57951091183219,2660.820181553054,0.022391408230020685,M3,8.184820944527216,12.312190679894842,-190.88703100020456,197.53716711569862,191.13036444859642,10.852259311048114,191.13036444859642,0.0,1.6654072057158589,8.350150652812738,12.477590979609845,-14.267714719028449,197.39182149641175,188.01569456879275,10.675410356140004,188.01569456879275,0.0,1.6929963581701144
HC,v2,15,1,-8241.08245655188,0.294549198607608,-0.4802440545901001,0.014649341800159268,0.016040683374939396,17.9914541109336,0.0,42.472275268709076,2.411548505523877,42.472275268709076,0.0,7.494533414325969,0.3595251139195915,0.5262195118152827,-53.50764150299059,218.67454292957322,178.31645671467516,10.124693861583603,178.31645671467516,0.0,1.7850841815072602,0.47415804368463504,0.6450471489014709,-81.5359066468491,198.2430001968223,144.0739456992415,8.180426083551664,85.7576425151879,89.75391389324618,2.209350793017578,24.542066041198023,32.367190973691386,0.7582389853091125,32.80530508054311,40.213196272500326,0.8157845712696287,M2,,,,,,,,,,,,,,,,,,
HC,v2,15,1,-8221.615816541442,0.29416845896576416,-0.49551155244619105,0.014572714480617196,0.01594657960407998,18.880880806644676,0.0,42.1729949433761,2.39455556090946,42.1729949433761,0.0,7.547718311473299,0.3814901812771785,0.5658471749089469,-52.089412450733825,218.52846998323787,184.54433176071376,10.478308605904324,184.54433176071376,0.0,1.7248423896135794,15.348889638172224,24.21001035274638,nan,197.9924589154846,213.44999999999982,12.119553879499907,213.44999999999982,0.0,1.4912620575487983,26.178388507137026,1053.2622222570408,0.024854578426860528,35.48392125193877,1518.1945566905256,0.023372446631141453,M3,7.735500838164767,12.200985395633428,-158.37197469517992,198.13783835761853,213.31278961356432,12.111763161902193,213.31278961356432,0.0,1.4922212904366317,7.613388800007456,12.009024957112953,18.321584008604308,197.8428017633798,213.33786973517294,12.113187195095634,213.33786973517294,0.0,1.4920458640508822
HC,v3,0,4,-12091.551830174554,0.006806400979065473,-0.09536436707174978,0.024082501607813202,0.025319390310986848,1.4484665497739442,0.0,23.444934554397793,1.3311883229485755,23.444934554397793,0.0,13.576915109113932,0.23939859934784075,0.3551012912471145,200.34746533238282,217.49748850020043,184.56034756860151,10.47921797318762,184.56034756860151,0.0,1.7246927109598886,0.39075016974743404,0.5332010676439579,157.01355551702488,197.7158129057714,145.50047267776165,8.261423368989636,107.6622902937539,72.27404321885547,2.1876897052337982,9.940769578114406,16.22548089525139,0.6126640955846003,14.024875278810537,21.059001069728993,0.6659800829285499,M2,,,,,,,,,,,,,,,,,,
HC,v3,0,4,-12384.202603623398,0.005008674915827799,-0.0997876125195539,0.024200865723732524,0.025451034374452716,1.764156458281309,0.0,23.5773908382614,1.3387091056562979,23.5773908382614,0.0,13.50064086256895,0.2600024712654793,0.3934377999110938,202.48985098869827,217.23802047823781,193.9030783017097,11.009692222433648,193.9030783017097,0.0,1.6415927429914559,0.6210249721184496,0.9028599974918246,nan,196.87958350654478,190.45000000000027,10.813628654723647,190.45000000000027,0.0,1.6713567140130754,10.743519435774088,25.66127093170237,0.41866669286833186,15.45861728535558,35.47439307213772,0.4357683372882587,M3,0.2810026957556908,0.43743726086329726,94.72432692186507,199.73981769201635,207.1677900956657,11.762854036829935,207.1677900956657,0.0,1.53648347572179,0.34002227636275884,0.4654227366285273,-162.96646704288992,196.30641098748936,146.95382999102776,8.343944063598649,146.95382999102776,0.0,2.1660536932125214
HC,v3,1,4,-12006.854276668191,0.007394509818004297,-0.08311461200112671,0.027727066335328947,0.029166483546443727,1.5776167419486358,0.0,23.691227250991034,1.3451726640424575,23.691227250991034,0.0,13.43577024573412,0.23787954186174243,0.35387395629278784,200.575921106931,217.4483275605448,185.91936289354487,10.556381990305058,185.91936289354487,0.0,1.7120857194742591,0.3930458469915869,0.5386626101566396,157.06334884195903,197.70921570928618,147.52874736296147,8.376587502649533,106.88544901320762,75.46790964953884,2.1576126136329243,8.579326026953089,14.175529507453891,0.6052208506526574,12.132897533886485,18.468548301302466,0.6569491730452269,M2,,,,,,,,,,,,,,,,,,
HC,v3,1,4,-12272.307925270197,0.005588200822398864,-0.08679018558755795,0.027841043302380897,0.02929339761891617,1.8366013887830694,0.0,23.80342097971553,1.3515429518860673,23.80342097971553,0.0,13.372442828912854,0.25857794437041026,0.39263932519714706,202.52945930880733,217.19469168550435,195.52384581685558,11.101718360760907,195.52384581685558,0.0,1.6279849900351646,0.5953175000506787,0.8612103852727776,nan,196.84835485986537,192.30000000000018,10.918670466281734,192.30000000000018,0.0,1.6552776192604806,9.287652821124606,21.382729576077654,0.43435300381459946,13.403679911257571,29.39947070928543,0.4559156878638702,M3,0.26205246047647074,0.4057478242520034,95.80259958925001,200.02847514159635,204.64850801160165,11.619810818486187,204.64850801160165,0.0,1.5553980299027907,0.33326503957420794,0.4554625610207742,-165.92095136659827,196.2894172696771,146.22380624584048,8.302493784314922,146.22380624584048,0.0,2.1768677369034455
HC,v3,2,4,-11809.394082020855,0.008970553610508506,-0.06364437308976122,0.03451051480724169,0.03614363482807943,1.157311774327115,0.0,21.643575173937105,1.228908294521141,21.643575173937105,0.0,14.706899559140075,0.2649183822603908,0.3936698829655977,201.56622342398276,217.2462983259823,185.41125389423163,10.527531887733797,185.41125389423163,0.0,1.7167775930439015,0.461293369280226,0.6341380950449489,156.79887233616972,197.6697041943296,148.96552989993145,8.458167092108106,112.75441216453596,71.49567242336272,2.136802295118994,7.676454081896231,13.366748420206939,0.5742947978501257,10.891817738811417,17.544945273525638,0.6207951959386601,M2,,,,,,,,,,,,,,,,,,
HC,v3,2,4,-12122.547173542716,0.006470117816260201,-0.06678790990372853,0.03461318244816741,0.036257182926731475,1.3946672851600932,0.0,21.72132913244214,1.2333231143358336,21.72132913244214,0.0,14.654254545978741,0.2854417153249971,0.431826828467667,203.6705072027087,216.995297375132,193.7883642799052,11.003178833967993,193.7883642799052,0.0,1.6425644922830782,0.6039329784786867,0.8538177649043897,nan,196.8455158919854,186.4000000000001,10.583672256447812,186.4000000000001,0.0,1.7076710632177605,8.24661863301477,17.44806272532336,0.4726380666345258,11.910104249971731,23.54892730165454,0.5057599481032383,M3,0.27790303948129536,0.41563565151126775,109.50066236252376,199.91645826685115,188.4285761447838,10.698853506789224,188.4285761447838,0.0,1.6892866925832384,0.32602993899739124,0.4381821133931219,-170.89471423482703,196.22837970647996,138.39242871144006,7.857833198796669,138.39242871144006,0.0,2.3000527496160488
HC,v3,3,4,-11429.059174511594,0.013014902553625474,-0.04286390855232863,0.04734859700712191,0.04964270092374419,1.5868103049698437,0.0,22.147898969709182,1.257543475666953,22.147898969709182,0.0,14.372012741214448,0.3374247021645242,0.506423075401587,199.1576356856562,217.24534575288428,190.0637957438546,10.791700225157708,190.0637957438546,0.0,1.6747528635741387,0.5818054720263652,0.799114301012208,156.4061940351436,197.64879985100458,148.56076587377063,8.435184850723521,108.82850087605541,74.85586874625311,2.1426241599632894,7.126392828783726,12.28770246220502,0.5799613760752552,10.201360239836669,16.09731715121065,0.6337304622882108,M2,,,,,,,,,,,,,,,,,,
HC,v3,3,4,-11948.917643293113,0.007668233118827408,-0.04573500477726454,0.04750755634626823,0.049818725364040174,1.800247550057893,0.0,22.23588598551513,1.2625393219014651,22.23588598551513,0.0,14.315142935664614,0.37036148387556056,0.5692784182553372,200.93840349897596,216.97468507048907,201.23275471067498,11.425866540343014,201.23275471067498,0.0,1.5817995765224449,0.7687302089298949,1.0864801743753776,nan,196.77738066286665,185.5,10.532570834608736,185.5,0.0,1.715956259750893,7.795843700654851,16.18121974800919,0.481783439200496,11.426996859021408,21.80867066421602,0.5239657673299174,M3,0.3068136529888058,0.46593805896493856,99.58284270390648,200.5956506010712,195.57901924791392,11.10485107273293,195.57901924791392,0.0,1.62752573056062,0.461916555941089,0.6205421154104391,-176.045888898679,196.35633466744596,138.18825275006532,7.846240218872659,138.18825275006532,0.0,2.3034511244563096
HC,v3,4,4,-11139.627889478938,0.01727561409414984,0.0055824218924880415,0.059045175860649064,0.06194032333569395,0.41778380393221914,0.0,22.407401598667693,1.2722778682344609,22.407401598667693,0.0,14.205568851085209,0.4140833274625181,0.6193504772069095,199.31026375950324,217.13070117159987,188.46008839785318,10.700642752275,188.46008839785318,0.0,1.6890042283744182,0.7122723673908,0.9834092537466879,156.60066903816687,197.58491046063196,150.99356568482227,8.573317661161926,109.13549507437095,77.48642449527101,2.1081023203877285,7.012991686904025,12.063176322343674,0.5813553163369096,9.999148274545743,15.8767213470451,0.6297993178803718,M2,,,,,,,,,,,,,,,,,,
HC,v3,4,4,-11631.119130358973,0.010465076597744857,0.002359379320400197,0.05921614407314128,0.06213011851293024,0.6578428721488734,0.0,22.486095157806115,1.276746037969517,22.486095157806115,0.0,14.155854271268991,0.4486710189793106,0.6834985958651482,201.97277174518976,216.828814779002,197.04069119991888,11.187843867188203,197.04069119991888,0.0,1.6154525455903481,0.9655505869977178,1.375250740900446,nan,196.66098297978877,193.45000000000027,10.983966727520555,193.45000000000027,0.0,1.6454375093501692,7.576836114575969,16.305529549595636,0.4646789355433027,11.001083085378335,22.135009135935174,0.4969992565992927,M3,0.4580234125679282,0.6902669328645076,107.99456336444848,199.91272763088165,191.99613496911817,10.901417205031462,191.99613496911817,0.0,1.6578973646265824,0.5075271744297896,0.6849838080359384,-168.29227394627628,196.0030951240478,140.35825042790702,7.969451293011766,140.35825042790702,0.0,2.267838799738288
HC,v3,5,4,-11043.253155967977,0.01898399105222048,0.04550785715547606,0.06630391479242076,0.06957004925117972,-0.5599187992163707,0.0,22.50881820474849,1.2780362379775962,22.50881820474849,0.0,14.141563687987832,0.45863472048924886,0.6902917699917204,199.22564147594034,217.1661288667996,191.38863395926978,10.866923687951546,191.38863395926978,0.0,1.6631598209302836,0.7784003330603044,1.0784145978875699,156.6895856515937,197.5176401499011,152.6044617008688,8.664783302111786,110.59746854665111,78.0315694834771,2.085849146453747,6.917158993177212,11.739884975076674,0.58920159847069,9.922255013784037,15.501133167147827,0.6400986887082983,M2,,,,,,,,,,,,,,,,,,
HC,v3,5,4,-11610.023114602045,0.010683340541177913,0.04249362844459905,0.06650882172467698,0.06979745594455213,-0.335742429147995,0.0,22.592027760579125,1.2827608231037553,22.592027760579125,0.0,14.089478357458919,0.502166523504737,0.7724138813554753,201.65693896063465,216.85798422914112,201.55978229599654,11.444434956554714,201.55978229599654,0.0,1.5792331315199732,1.0939624194604578,1.5809675549722508,nan,196.5985256864299,195.30000000000018,11.089008539078641,195.30000000000018,0.0,1.6298509277203808,7.550374679370038,16.448380697361856,0.4590345285831715,11.066504801680587,22.65079054211072,0.48857035612538724,M3,0.4728083935808892,0.7338005143513684,99.47146098798903,200.18191293849404,205.7531671105278,11.682532652489071,205.7531671105278,0.0,1.547047322060413,0.6211540258795687,0.8471670406208824,-170.5286124246925,196.07524745130738,145.26109556653572,8.247831690390331,145.26109556653572,0.0,2.191294819458327
HC,v3,6,4,-11008.095093583845,0.01964842697622063,0.06698814873648531,0.06782860647130083,0.07121775926009605,-0.3484034561320343,0.0,22.823841554791,1.295923061421685,22.823841554791,0.0,13.946376442355454,0.4571897740554724,0.6892700849417949,199.44615000168875,217.1787570449989,192.172396493691,10.911425221166123,192.172396493691,0.0,1.6563767325149674,0.7882772901368076,1.0957781769497985,156.6563856360073,197.50451639129648,154.1790736759453,8.754188758524274,110.26492573238039,80.221746150154,2.0645466248734685,6.740368081259569,11.621605265771427,0.5799859767317741,9.678345571425456,15.386305162282365,0.6290233730155522,M2,,,,,,,,,,,,,,,,,,
HC,v3,6,4,-11513.239198757676,0.01174451207595849,0.06421673665090027,0.0680296032359069,0.07144117283295023,-0.14482895421043857,0.0,22.90492468433624,1.3005269094293779,22.90492468433624,0.0,13.897006454750322,0.4996373061150748,0.7696296486873322,201.65180816291567,216.88584841027907,202.23302581240407,11.482661290924003,202.23302581240407,0.0,1.573975788104274,1.0999875664255248,1.5889942237959034,nan,196.5814918791502,197.6500000000001,11.222440029436212,197.6500000000001,0.0,1.6104724825893777,7.344410114850704,16.169248593308527,0.45422086700368447,10.772914527690427,22.241995207881363,0.48435018652791934,M3,0.4671298071972138,0.7229358631504146,99.01766353327608,200.28510864563418,204.42672117792458,11.607217904546093,204.42672117792458,0.0,1.557085513819629,0.6328577592283109,0.8660583606454888,-171.24995422428933,196.05264487011476,146.84693402132726,8.337874579109137,146.84693402132726,0.0,2.1676304534731456
HC,v3,7,4,-11000.52385285285,0.019794528122207916,0.08014997706894716,0.06661121970467326,0.06996640783458669,-0.9861050670780778,0.0,23.00360546553338,1.3061299407931157,23.00360546553338,0.0,13.837391128130708,0.4512368861270255,0.6818060703451663,199.1898599827813,217.1565761993961,193.21073762511077,10.970381563576725,193.21073762511077,0.0,1.6474751356801474,0.768003160845508,1.0683432795800445,156.693426279245,197.48147743813993,154.50693620321556,8.772804582203454,111.09942757140794,79.83110732514275,2.0601656728545374,6.774187413586242,11.529636662570029,0.5875456106590121,9.744763114851914,15.269374441886487,0.638190068096069,M2,,,,,,,,,,,,,,,,,,
HC,v3,7,4,-11488.998561886936,0.012026407980216397,0.0772704503318874,0.06681722996887118,0.07019556112895056,-0.7752233870636998,0.0,23.08874629415447,1.3109641823476652,23.08874629415447,0.0,13.78636510308831,0.495575842461495,0.7659400065248653,201.51995967415527,216.84549037284498,203.80419671088555,11.571871365217977,203.80419671088555,0.0,1.5618416662702077,1.0902675988736266,1.5858606496657754,nan,196.56161910399058,197.94999999999982,11.239473836715888,197.94999999999982,0.0,1.6080317564222835,7.416886972003687,16.31716249508638,0.45454514375505845,10.911516258383049,22.592036079781735,0.4829806494576237,M3,0.45466797831094846,0.7135864056422526,96.30441703577287,200.3347689491053,210.99081684347635,11.979923039654299,210.99081684347635,0.0,1.508643318917188,0.6355996205626782,0.8722742440235228,-171.53840082462517,196.06870711715985,148.1709287326578,8.413050148282917,148.1709287326578,0.0,2.148261395851217
HC,v3,8,4,-11073.711488280083,0.018426565016501258,0.047464541163727,0.061806802422012135,0.06499169192399544,-0.038079956959791814,0.0,23.520299093436265,1.3354674730609222,23.520299093436265,0.0,13.533411497841898,0.4333714650656457,0.6512260238960481,200.38699127863063,217.17514306762502,190.64025169563766,10.824431023784053,190.64025169563766,0.0,1.6696887637978,0.7425382597529,1.0324143080028072,156.70656040674032,197.53725110679264,154.27774709592603,8.759791371922873,111.95407062047872,78.7507139995556,2.0632261760075714,7.011711463515268,12.013859812434648,0.5836351990937975,10.020142646195835,15.885327454010037,0.6307797352749177,M2,,,,,,,,,,,,,,,,,,
HC,v3,8,4,-11539.155033519119,0.011450439510619597,0.04468057406681682,0.06199715485895292,0.06520385364364191,0.1618813581761083,0.0,23.606459174443597,1.3403595871111937,23.606459174443597,0.0,13.484016549521058,0.472279151709627,0.7251849114747672,202.13398570974482,216.9193329536848,200.74888854890096,11.398392930513605,200.74888854890096,0.0,1.5856121968329242,0.9943880751303732,1.425277214906309,nan,196.649627108269,194.20000000000027,11.02655124571978,194.20000000000027,0.0,1.6390828330782194,7.617755246738162,16.039253372072686,0.47494450458660914,11.121810613190355,21.858788020350225,0.5088027114237123,M3,0.39947527940391725,0.6139414160636382,99.39936916066318,200.51084605223247,201.16605556073364,11.422079405456946,201.16605556073364,0.0,1.5823240421776346,0.594912795726456,0.8113357988426709,-174.70077786119495,196.1776340471669,145.23693259090896,8.246459732156564,145.23693259090896,0.0,2.1916593837765697
HC,v3,9,4,-11218.5747941712,0.015991358084499228,0.04504719729804814,0.0584757877480193,0.06151682935092508,-1.0930016405558993,0.0,23.73187510275685,1.3474806229534986,23.73187510275685,0.0,13.412757517285845,0.4434984840438571,0.667716654931009,199.63935297460472,217.19734934478444,191.53339227854084,10.875142972326865,191.53339227854084,0.0,1.661902827476072,0.7194174329197316,0.9984685642089687,156.76011470113357,197.56216258365137,153.43515120096265,8.711949318291325,108.26476859585586,81.19284582922494,2.0745564734829394,7.584309696774959,12.302825846824096,0.6164689146382418,10.8542111480095,16.230819675591,0.6687407885094548,M2,,,,,,,,,,,,,,,,,,
HC,v3,9,4,-11669.452953035796,0.010079816342996145,0.0422608543131734,0.058641281887608705,0.0617014209229561,-0.8931298133311838,0.0,23.811471819497154,1.3520000733970001,23.811471819497154,0.0,13.367921504253856,0.4777963614951738,0.7325855828341837,201.376668535897,216.96124835477474,200.06504291325805,11.359564614624942,200.06504291325805,0.0,1.5910320041357744,0.9846919630128943,1.4085997226807219,nan,196.6524660761489,196.65000000000055,11.16566067183727,196.65000000000055,0.0,1.6186620197497574,8.147781667033021,16.791787821080465,0.48522419136360634,11.87307475056258,22.82929147514414,0.5200807376562534,M3,0.41766981772245265,0.6346827247352003,101.00826421714596,200.31554547673932,195.87012415726838,11.121379822479984,195.87012415726838,0.0,1.6251068791288088,0.5670221452904417,0.7739169979455216,-171.44975754963292,196.09441522231825,145.6109838825244,8.267698124203553,145.6109838825244,0.0,2.1860293619099216
HC,v3,10,4,-11378.179059641312,0.013679247445567803,0.02265202427624658,0.052483991176265156,0.05514995793634397,-0.6773996848739218,0.0,23.193457871228283,1.3169096384270913,23.193457871228283,0.0,13.72412375727111,0.40801772693548377,0.6123202550486833,199.74505527229744,217.2279306182232,190.02389455433925,10.789434661249592,190.02389455433925,0.0,1.675104527934863,0.6822875152862277,0.9441148178990119,156.74835682192085,197.58520880413658,152.0382091386612,8.632631845390868,109.64894439588218,78.2503446279889,2.0936177029912737,7.774136794688009,12.999916736415782,0.5980143528851111,11.102823609683346,17.119048739597275,0.6485654535232395,M2,,,,,,,,,,,,,,,,,,
HC,v3,10,4,-11886.925486270638,0.008147767098957391,0.019573703735624073,0.05264780166641908,0.055332330712803385,-0.4510899972718398,0.0,23.28010651618316,1.3218294928244503,23.28010651618316,0.0,13.673042516472922,0.44151561096826103,0.6753647241957859,201.778157151729,216.96736838084695,198.96216833330266,11.296944104462842,198.96216833330266,0.0,1.5998513126905411,0.9362103940025455,1.3401563102080103,nan,196.6922116264682,194.04999999999973,11.018034342079904,194.04999999999973,0.0,1.6403498386178361,8.38621171242327,17.782516351479472,0.4715987066546717,12.20560774316909,24.220131213412103,0.5039447406630949,M3,0.405944041173304,0.6186288507962783,102.05806061299307,200.18965759700518,197.20710068075232,11.197292490608303,197.20710068075232,0.0,1.6140893765234396,0.5302663528292414,0.7215274594117319,-170.80914192790652,196.13147222135672,144.1714430228594,8.185961918954307,144.1714430228594,0.0,2.2078566983152164
HC,v3,11,4,-11400.420132979887,0.013384771382677494,-0.016287239581945907,0.04746008418707345,0.04988943056865232,-0.4727617315444178,0.0,23.36775750572354,1.3268062597034669,23.36775750572354,0.0,13.621755793461398,0.39604120805429344,0.5903945092817339,200.29601736660976,217.2094759307111,186.90066149111098,10.61209949428763,186.90066149111098,0.0,1.703096627076034,0.6554099648960358,0.904636102241419,156.5688075091548,197.66018138229688,150.85633539689965,8.56552581357056,110.33730946978112,76.17834716746006,2.1100200090789984,8.344721987706922,13.809709277223485,0.6042648559930202,11.834059891088518,18.132820758428156,0.6526320448840279,M2,,,,,,,,,,,,,,,,,,
HC,v3,11,4,-11862.258269773349,0.008346815874911947,-0.020038717495888803,0.04763945043692596,0.05008914581697888,-0.20227801327561634,0.0,23.472136174401438,1.3327328134580336,23.472136174401438,0.0,13.561180960211768,0.4303691245908603,0.6541665598107725,202.67022168204318,216.92969887004514,196.00339797789027,11.128947024399654,196.00339797789027,0.0,1.6240018768434663,0.9743671473585485,1.417447421816761,nan,196.7745416949867,195.9000000000001,11.123076153638017,195.9000000000001,0.0,1.6248590412648827,9.033880967217783,20.45294684179026,0.4416909229314283,13.060046226402758,28.298494587948916,0.46151028231602315,M3,0.44136757075881067,0.6864746036920631,98.62310796837365,199.94807538070944,206.75687989091256,11.73952281937319,206.75687989091256,0.0,1.5395370947352989,0.5329995765997378,0.7309728181246978,-166.00492284987848,196.17563008481235,147.8529034310069,8.39499287595496,147.8529034310069,0.0,2.152882214669019
HC,v3,12,4,-11482.302421961078,0.012354222904017576,-0.0418158579673123,0.04276847815786597,0.044955193876835116,-0.16096545725233366,0.0,23.341927265569122,1.3253396352608722,23.341927265569122,0.0,13.636829665445777,0.38671105372587583,0.5767507150251371,200.32890221744054,217.29229023458498,187.11582360966528,10.624316261158777,187.11582360966528,0.0,1.701138257808725,0.6263081606156811,0.8621640150689641,156.50434996803165,197.71258415811292,149.60705359361415,8.494592395319927,108.48244968263685,76.44459165275195,2.1276395633619876,9.041964324717316,14.64415353531794,0.6174453376844499,12.829456738753604,19.178296003595417,0.6689570719081833,M2,,,,,,,,,,,,,,,,,,
HC,v3,12,4,-11906.925581427908,0.007989868882101552,-0.04532937295008813,0.042919397718067916,0.0451230828208512,0.09053681897812627,0.0,23.43792684849705,1.3307904299092888,23.43792684849705,0.0,13.580974471050634,0.4165355046127703,0.6326344032754238,202.10232524744683,217.06204707241372,195.62997473349978,11.10774429247064,195.62997473349978,0.0,1.6271018110461533,0.8739162614827067,1.248317853638683,nan,196.8511938277453,191.8499999999999,10.893119755362182,191.8499999999999,0.0,1.6591602094542135,9.705064067975492,20.36180160829264,0.47663091187485906,14.02019462604372,27.66472890593016,0.5067895179351776,M3,0.3823327564626552,0.5802679508116733,101.08882765151829,200.1812992045978,195.29185061405403,11.088545822179793,195.29185061405403,0.0,1.6299189402063239,0.49158350502005155,0.6680499028270096,-169.7337637902526,196.2725664329628,143.5816563030471,8.152474207882962,143.5816563030471,0.0,2.2169258551521214
HC,v3,13,4,-11637.223302895245,0.010616527139665086,-0.06925217817263483,0.03856610493749782,0.040546985150749275,0.0791371263501645,0.0,23.44616723598118,1.3312583138170042,23.44616723598118,0.0,13.576201303183701,0.363698678129425,0.5420534212623401,199.94354326068674,217.33966795227656,186.79118894332558,10.605883713349654,186.79118894332558,0.0,1.7040947594180647,0.5876023548436963,0.8048484368858576,156.50219836173022,197.73979129387013,147.26678535737295,8.36171346825688,108.74407671117592,73.37025983341304,2.1614506313242776,9.430526591131086,15.236238033267668,0.618953745047822,13.368525902654527,19.849772650013776,0.6734850891425826,M2,,,,,,,,,,,,,,,,,,
HC,v3,13,4,-12011.350513195735,0.0072138104904007835,-0.07314848275508258,0.03870783827307387,0.04070468785666388,0.35893103990140274,0.0,23.54610675705158,1.33693281562213,23.54610675705158,0.0,13.518578229008641,0.3903413987000155,0.5914908326824684,202.0579735027695,217.09540761174355,194.5549566830402,11.046705458158248,194.5549566830402,0.0,1.6360924008858138,0.8692839450679012,1.248754945595158,nan,196.92500699262396,191.8499999999999,10.893119755362182,191.8499999999999,0.0,1.6591602094542135,10.084298584339871,22.457568902074197,0.4490378557141364,14.531270569260334,30.67840613328081,0.4736644565604208,M3,0.413188488887845,0.6266564212006673,102.44525781102797,199.73499713706926,194.9622491975946,11.069831265489515,194.9622491975946,0.0,1.6326744664357202,0.4560954561800562,0.6220985243944909,-163.20853912271863,196.21860602214048,145.29739625451177,8.249892820134011,145.29739625451177,0.0,2.1907473525968744
HC,v3,14,4,-11650.550693781848,0.01047898110240962,-0.07645663343100485,0.03503895347776674,0.03683046081397949,-0.2256764436556385,0.0,23.341871406562007,1.325336463622332,23.341871406562007,0.0,13.636862299494354,0.34700430063431636,0.5148119553732685,200.1885132869275,217.32128590316003,184.64993839260816,10.48430488262148,184.64993839260816,0.0,1.723855902442766,0.56530905062516,0.7728345223057137,156.5923885607802,197.75914318956816,146.37217031335518,8.310917800759178,108.10934291062316,72.89944658711634,2.1746612453880356,9.903386551042425,16.133731019788176,0.6138311428953308,13.97788526115494,20.98356917685847,0.6661347811396319,M2,,,,,,,,,,,,,,,,,,
HC,v3,14,4,-11979.493904956653,0.007442212338643301,-0.08031146611360206,0.03516836820003838,0.036974391347923616,0.051509674133042256,0.0,23.441884462880598,1.331015140711611,23.441884462880598,0.0,13.578681640881868,0.3714734027647851,0.5601655809126528,202.03831499097114,217.10074973372141,192.2756263798858,10.91728654778928,192.2756263798858,0.0,1.6554874488090054,0.8131931313708527,1.1596910176589565,nan,196.9619135750633,188.9000000000001,10.725620650445235,188.9000000000001,0.0,1.6850708638633698,10.562713648009966,23.12285650404346,0.45680833793882164,15.150096066263176,31.364708799299322,0.4830300247073113,M3,0.3746173250910679,0.5641055304097238,102.46882108038938,199.8543025025581,191.61146031840642,10.879575625479442,191.61146031840642,0.0,1.6612257202927516,0.4385758062797849,0.5955854872492329,-165.7499647734641,196.3007338907988,143.24518804338223,8.133369756246747,143.24518804338223,0.0,2.22213318668261
HC,v3,15,4,-11718.588745632887,0.009804074012583076,-0.10179365242511614,0.033136930539345015,0.03481194466788643,1.281747549779451,0.0,23.08316767069925,1.3106474316915913,23.08316767069925,0.0,13.789696922222642,0.3307633484233986,0.49050763574672057,200.60051583369253,217.36482555437075,184.45013376549386,10.472960104248628,184.45013376549386,0.0,1.7257232601874033,0.5429042829149121,0.7422478878575548,156.75071065195985,197.76550247005105,146.39925401160502,8.312455595747208,109.7087295796124,71.3644342997861,2.1742589354899198,9.981713545576225,16.38366239957852,0.6092479997532793,14.090210714347352,21.321643905238908,0.6608407295877063,M2,,,,,,,,,,,,,,,,,,
HC,v3,15,4,-12004.950017484012,0.007259130300919792,-0.10562896116924081,0.033255687340769315,0.03494392232679032,1.5616681988057088,0.0,23.179867512152303,1.3161379865692178,23.179867512152303,0.0,13.732170212660327,0.3524328784387734,0.5304215071034715,202.61206323855478,217.14109816926603,191.3659368599155,10.865634961230851,191.3659368599155,0.0,1.663357081238555,0.7775230592523183,1.107483331510454,nan,197.00733706114247,189.20000000000027,10.742654457724935,189.20000000000027,0.0,1.6823989756014284,10.597672356833641,23.380153033226456,0.45327643244134763,15.179220642234982,31.693160291321508,0.47894310642133997,M3,0.3825341783417646,0.5710378666882104,107.15944226029517,199.6138800730199,187.53953415791426,10.64837427389626,187.53953415791426,0.0,1.6972948536587684,0.3949888809105537,0.5364454648222434,-162.39492249719245,196.2170634711691,143.28967250330214,8.135895555304137,143.28967250330214,0.0,2.221443322626445
LTX,v2,0,1,-8800.997769076526,0.17030376682877174,-0.37139247727377106,0.009547207639870355,0.009989772166467516,2.657430590401664,0.0,21.2111729299841,1.2043567728851368,21.2111729299841,0.0,15.0067083623569,0.08327009748954019,0.12619839820183829,-75.39304277002368,220.7402921376678,194.6210991773998,11.05046098649798,194.6210991773998,0.0,1.6355363705640509,0.3803899577845705,0.524372743860066,-111.54263438753173,197.9548580470524,150.26372572587115,8.531877817142625,90.82227866136361,92.51100594774385,2.1183415002266694,8.721932174366215,39.843059052786664,0.2189071919104112,12.632760397223684,52.49096126738689,0.2406654420534023,M2,,,,,,,,,,,,,,,,,,
LTX,v2,0,1,-8787.480504948902,0.16909639632623347,-0.38155857797819753,0.009517381080870952,0.009957638809763273,3.4131904496262617,0.0,21.1677299752206,1.201890109821464,21.1677299752206,0.0,15.037506929482333,0.09928224177439682,0.15767355547465434,-73.44525746987283,220.35237861303187,216.52565187865335,12.294187417367915,216.52565187865335,0.0,1.4700793343514786,0.6885130598992271,1.0139993408415209,nan,197.08115022602112,211.9000000000001,12.03154587522152,211.9000000000001,0.0,1.5021702981773977,10.431676627296648,72.34270163701589,0.14419805165195862,15.834432086455923,101.83130360656524,0.1554967041140289,M3,0.3154162900182453,0.48839314702885456,-179.81051183971448,200.32209227976495,204.66735343754434,11.620880849664891,204.66735343754434,0.0,1.555254811466183,0.3730967698809818,0.5256061938126663,-64.83507607909098,196.26233383497828,160.42557469446032,9.108861073596863,160.42557469446032,0.0,1.9841592388871292
LTX,v2,1,1,-8470.617330329076,0.23529786855352336,0.11705235639101977,0.016617205063925538,0.017422912270390913,-5.591191868991716,0.0,22.163509610124613,1.2584298378014498,22.163509610124613,0.0,14.361889961614297,0.10335969974572512,0.1519701484276217,-62.35542761923384,219.53761115237307,180.43909619688617,10.245215967797753,180.43909619688617,0.0,1.7640849067236892,0.5819155747056806,0.8047205984379302,-109.98509014731627,197.48608949724778,151.74476286416828,8.61597015443535,93.82999379109691,91.71802025847599,2.097666371977004,6.220041177087581,35.01885981830766,0.17761975145278086,8.722430904154002,46.187490698986046,0.18884833906652318,M2,,,,,,,,,,,,,,,,,,
LTX,v2,1,1,-8522.998246582105,0.21904076351901391,0.09691482223711712,0.01655098186476998,0.017353289590690144,-3.853757678423961,0.0,22.158423229264873,1.25814103636373,22.158423229264873,0.0,14.365186678237796,0.22813111554303228,0.4335297138402989,-72.66469257335366,218.9568805436477,300.5406141120543,17.06450300168206,300.5406141120543,0.0,1.0591243620241997,1.0676987053139788,1.7425499349639235,nan,196.6524660761489,187.45000000000027,10.64329058192674,187.45000000000027,0.0,1.698105554461404,13.783539696132872,64.50968975965446,0.21366619104023885,24.982566652543102,100.41611567980651,0.24879041061699872,M3,0.3897973031368732,0.8050744890373198,-224.21051790865263,204.10334095504047,339.51865746605984,19.277651263787252,339.51865746605984,0.0,0.9375328253223042,0.6779014021771057,0.9374754459266036,-88.64210108203817,196.50310566128442,151.75363609050095,8.61647397052635,151.75363609050095,0.0,2.0975437187808863
LTX,v2,2,1,-8530.185485627122,0.221975356960967,0.012465301369221136,0.028961780918837204,0.030618559659457822,-3.636945446659568,0.0,26.040224238458805,1.4785472039927907,26.040224238458805,0.0,12.223776695197532,0.16840118214502098,0.25125707503843464,-68.85844437205064,219.52973797053858,187.30079107254318,10.634818594877695,187.30079107254318,0.0,1.6994583117404272,0.801966476055548,1.114262580865551,-110.3863183728009,197.66563539356733,153.95024694673606,8.7411961238383,85.8618773328262,100.38746768625552,2.067615301025922,5.814600373400731,27.690509720482563,0.20998531381672955,8.206038358202894,36.39173734030838,0.22549180000575805,M2,,,,,,,,,,,,,,,,,,
LTX,v2,2,1,-8604.839493848986,0.2021840354025464,-0.0034363810715659607,0.028302330234592544,0.029878250787618497,-2.3899237050855184,0.0,25.364933152411513,1.4402046099347154,25.364933152411513,0.0,12.549210529006583,0.2879587685742478,0.48591983268808026,-51.299377406907304,217.47410561658333,244.92370658551133,13.906610720683688,244.92370658551133,0.0,1.299628731825752,2.42028885126344,4.229344736217046,nan,196.7745416949867,213.0,12.09400316858038,213.0,0.0,1.4944126111915055,10.174383741105881,85.51553286256409,0.11897702558268096,16.26332934086773,141.55262188138806,0.11489246277963928,M3,0.9651533961918374,2.0909345477625156,-230.7192964297814,197.9038924178173,361.8805874306062,20.54734728184733,361.8805874306062,0.0,0.8795992303533811,1.4551354550716025,2.1384101884545306,-84.15699565720654,196.68357772602454,180.20255602550907,10.231785368820612,180.20255602550907,0.0,1.7664005062099757
LTX,v2,3,1,-8284.594866784131,0.28227176240775254,0.20028259384136377,0.0306157232708971,0.03214848818660536,-10.111372213291585,0.0,22.867623979455658,1.2984089993682697,22.867623979455658,0.0,13.919674666233854,0.16899953727589384,0.23137830226637798,-359.99999999999994,214.05847564399647,147.05826221895325,8.349873658412887,147.05826221895325,0.0,2.164515487813007,1.1740481991852223,1.6308989254552644,-105.56643504117326,197.2065132092433,153.85301200447242,8.735675186280398,146.49063571226566,32.52736225975193,2.0689220317281642,5.520024328040049,38.34788382416746,0.14394599590815593,7.197175211579049,50.73019035883551,0.14187163818370221,M2,,,,,,,,,,,,,,,,,,
LTX,v2,3,1,-8617.141531550662,0.19976489100842665,0.16464207534234676,0.02947967290839577,0.030895606044279586,-7.351461219903004,0.0,21.96010668733961,1.2468807505119646,21.96010668733961,0.0,14.494915289610226,0.2979911955018271,0.5032978854193245,-60.40651693873934,218.10582888155514,245.3412167203322,13.930316677929875,245.3412167203322,0.0,1.297417084821245,1.6326862817367473,2.471247328304189,nan,196.5161956179114,197.0999999999999,11.19121138275677,197.0999999999999,0.0,1.6149664443622063,10.108361664248983,55.38345987793374,0.1825158934910895,16.29027392108761,79.98701578348705,0.20366147882279992,M3,0.5902170330373919,1.029523990880262,-195.73550640840534,201.80107428243522,260.43436501834753,14.787295942437158,260.43436501834753,0.0,1.222226898364069,1.0424692486993554,1.4417233374239269,-83.06539388335054,196.25494436624675,151.78091238829748,8.618022701192915,151.78091238829748,0.0,2.09716677265364
LTX,v2,4,1,-8489.359813996598,0.2310220619310139,0.028879519082601144,0.03188750220704968,0.03332039505931012,-1.687976091867935,0.0,20.57570133607268,1.1682751040104533,20.57570133607268,0.0,15.47018402846564,0.1894063372444279,0.27111374380050834,-58.24746858711943,218.70235600833553,167.88216314308224,9.532241375589507,167.88216314308224,0.0,1.8960315987381118,1.1490690266298298,1.5914068140495747,-109.63646637936725,197.54183143562457,152.4453176909309,8.655747207461788,104.22560069766595,83.68428036669926,2.088026651163765,5.9398298435101005,36.03509046173563,0.1648346033657774,8.136570509381038,47.76074266877326,0.17036105501560503,M2,,,,,,,,,,,,,,,,,,
LTX,v2,4,1,-8609.52319821957,0.20125957000593014,0.014898583317271613,0.03165137987017771,0.033060890445532266,-0.6223278363345992,0.0,20.394901205718625,1.1580093887551404,20.394901205718625,0.0,15.607326702545548,0.2801467262099812,0.4542603800960733,-64.4302550464677,218.6719964690984,226.26078519504944,12.846942033213205,226.26078519504944,0.0,1.4068274619898882,1.7278150155889227,2.551727145104418,nan,196.6751778191885,190.6500000000001,10.82498452624343,190.6500000000001,0.0,1.6696033893720983,8.851011468032036,54.588931751973625,0.1621393052395101,13.740113287162247,77.18265027702088,0.17802074997226427,M3,0.5779595732423626,0.9712607937463449,-196.1125406726965,201.94512571400742,242.98797961426723,13.79670138676945,242.98797961426723,0.0,1.3099820274611678,1.1498554423465601,1.5804663513580732,-85.02774978991245,196.4298405587814,148.89587650489733,8.45421221708348,148.89587650489733,0.0,2.13780188985503
LTX,v2,5,1,-8477.960539715441,0.2336132805214413,0.062378724127447785,0.027696165294859177,0.029103486058459645,-0.37740675312237504,0.0,23.20104411330651,1.3173403803788832,23.20104411330651,0.0,13.719636264181327,0.15603880994496103,0.20772177674777906,-359.99999999999994,214.49006880221023,133.92177623885257,7.60399242335491,133.92177623885257,0.0,2.376834411276607,1.2518612552409258,1.7373998509455428,-106.36211331578343,197.39008860409777,153.42452677440957,8.711346070176782,139.20427174698926,45.21833769826096,2.0747001335179163,5.6339499812966585,45.199804446332145,0.12464545035778003,7.137350361758454,59.69731074331299,0.1195589930750431,M2,,,,,,,,,,,,,,,,,,
LTX,v2,5,1,-8877.6629173342,0.15481453262644188,0.01779677364017956,0.026875218732457146,0.0281930292367194,2.9839084507821405,0.0,22.408141526161977,1.2723198808422562,22.408141526161977,0.0,14.205099776443182,0.25062158869614726,0.39030613633784755,-59.641341414600824,218.37665661870975,207.3635414722618,11.773968674242175,207.3635414722618,0.0,1.5350330338873468,1.8323954564333609,2.761887838776649,nan,196.7149233695078,200.29999999999973,11.37290532707346,200.29999999999973,0.0,1.5891656823953624,9.325378564955532,68.18160159643206,0.13677265342273112,13.844065249629217,97.96350067907878,0.14131860492594436,M3,0.6690946085202162,1.1399464015312657,-194.62441562957812,201.32180471225195,249.41033328792196,14.161358502632943,249.41033328792196,0.0,1.2762497928116328,1.1633008479131446,1.6219414372453829,-80.70015355569828,196.39498678668366,155.57972719437657,8.833716965519537,155.57972719437657,0.0,2.0459599198686345
LTX,v2,6,1,-8274.456401783538,0.2850858957678411,0.03909477757306116,0.024266761218882136,0.025390371778401845,1.6124671916511468,0.0,21.187490288339323,1.2030120877062995,21.187490288339323,0.0,15.02348234037774,0.15389583395036704,0.20895364634290375,-359.99999999999994,214.206739593773,143.16289942259044,8.128697461220485,143.16289942259044,0.0,2.223410446893777,1.1768273564581266,1.6369760603183179,-107.27193568651244,197.47901577977265,154.48727390630052,8.771688169615699,135.20624408153472,52.898234916119264,2.0604278794954443,6.341836578942377,48.495443864277576,0.13077180191795015,8.229641068928688,64.4723155141352,0.1276461222666089,M2,,,,,,,,,,,,,,,,,,
LTX,v2,6,1,-8601.646071629597,0.2028167837207238,-0.004055932469224229,0.02352495885579678,0.02457597899115213,5.243722001017329,0.0,20.45963269308325,1.1616848010241294,20.45963269308325,0.0,15.557947249532056,0.2578095192971869,0.4217938939905415,-64.96153559890206,218.86004968091217,230.44501870343245,13.084520123863273,230.44501870343245,0.0,1.3812834314003313,1.8172694148906847,2.7398310129438634,nan,196.649627108269,213.9000000000001,12.145104590419457,213.9000000000001,0.0,1.4881247600925225,10.958978541790737,77.24856931866182,0.14186642728078658,17.162852155041154,111.48410461818267,0.1539488720281829,M3,0.7541706862868238,1.2498730915547343,-190.32680898955252,201.06290541473706,236.47549531634778,13.426926711960212,236.47549531634778,0.0,1.3460586508465413,1.063098728603861,1.4899579213891294,-74.11110988268346,196.1854602700105,158.01272855679002,8.97186121991479,158.01272855679002,0.0,2.014457247153919
LTX,v2,7,1,-8573.994922076718,0.21266113744349785,0.041802870115191924,0.022749380033344948,0.023917471987573238,-7.884563481485526,0.0,23.438534834021194,1.330824950936779,23.438534834021194,0.0,13.58062218640739,0.1897101774743212,0.27650695106980216,-55.35206503442459,218.1170073906616,176.35230607971758,10.013170650303106,176.35230607971758,0.0,1.8049658281185341,1.0040718270030364,1.3901850998349277,-109.99911281014114,197.64875842286028,152.30816488220444,8.647959759089407,96.59057774896863,90.07661634061215,2.0899069096523646,8.33913615211725,44.13622813154979,0.18894084304762343,11.560876969500223,58.124249107816404,0.19889937757398993,M2,,,,,,,,,,,,,,,,,,
LTX,v2,7,1,-8601.200344436229,0.20290525795949993,0.035097018854489306,0.022555545680693852,0.023702223503006922,-7.347408719756837,0.0,23.212232848294832,1.3179756695638651,23.212232848294832,0.0,13.713023140174716,0.23926008774855045,0.3727892591662199,-56.23614453010241,217.81534308785,207.5858286250511,11.786589995980057,207.5858286250511,0.0,1.5333892891057284,1.5897300903173015,2.3182209061274954,nan,196.72344027314762,203.85000000000036,11.574472046549836,203.85000000000036,0.0,1.5614907342839839,10.60759474124992,70.48067525486701,0.15050359127365792,15.728029023054606,97.8060520707435,0.16080834150915796,M3,0.628968491986447,0.9848727871580202,-182.61291342556277,200.76375879793662,209.91194452771774,11.918665362634213,209.91194452771774,0.0,1.516397205980623,0.9607615983308544,1.3333481189694751,-75.68937729264178,196.2267604200202,153.40764233151654,8.7103873823559,153.40764233151654,0.0,2.0749284803942007
LTX,v2,8,1,-8547.548137843936,0.21823609351308654,-0.009598757376980708,0.015148728738983997,0.015723068631543623,6.027437648214291,0.0,17.41920739252337,0.9890514056306874,17.41920739252337,0.0,18.27349999405914,0.24321630774369762,0.37208273835383804,-64.8965819133249,219.12870140285816,199.02093537106677,11.300280859115084,199.02093537106677,0.0,1.5993789075019385,0.9401565959044321,1.2937402384169772,-111.66750218788881,197.8649566465808,149.44005937399575,8.485110570807253,87.10910760688292,94.54624110424434,2.130017128721646,16.055228919493462,62.061748685552544,0.25869765611730156,23.664765897374867,82.28293526757717,0.2876023542478041,M2,,,,,,,,,,,,,,,,,,
LTX,v2,8,1,-8592.243776420497,0.2046912867316778,-0.016940034401656,0.014975741967046381,0.015535897073393597,6.715122328319576,0.0,17.189481257577214,0.9760077032647506,17.189481257577214,0.0,18.517713327938736,0.2907593017793792,0.46915935241426604,-63.14792614197068,218.7094931102336,223.96222649308706,12.716431346712262,223.96222649308706,0.0,1.4212659481379812,1.3566074435306144,1.9056446011072556,nan,196.74047408042733,201.4000000000001,11.435362620432347,201.4000000000001,0.0,1.5804860287179272,19.415352001869778,90.58699372063057,0.21432825182107862,30.198407610316693,122.66073803815402,0.24619456961789501,M3,0.6047887138848579,0.8913569903170991,-168.70862770785007,200.74052058588327,181.56107836244826,10.308921394395869,181.56107836244826,0.0,1.7531834964559552,0.7518187296457565,1.0142876107901564,-74.98137093031262,196.1371025404782,140.1717559207055,7.958862254697126,140.1717559207055,0.0,2.27085609431801
LTX,v2,9,1,-8586.538072290065,0.210067068544055,-0.1641447931859975,0.011390596797569558,0.011893350257843171,10.020468839961922,0.0,20.217952989113865,1.1479623826880387,20.217952989113865,0.0,15.743922560072285,0.20854370738969707,0.30362905042125654,-60.42891612818355,218.82145829425193,175.84658943784095,9.984456384250244,175.84658943784095,0.0,1.810156723547421,0.9037208111823314,1.2309051723890725,-111.12023246598972,198.02602867906216,144.63655521307962,8.21237069032646,96.73967957829613,81.2832845888974,2.2007568260655423,18.308409216468323,79.33919769464237,0.2307612094457146,25.52931208101147,103.49524277882438,0.24667135798279308,M2,,,,,,,,,,,,,,,,,,
LTX,v2,9,1,-8620.717301685023,0.1990671755791265,-0.18267090820282925,0.011082813278970559,0.011554314753891506,11.612389744117454,0.0,19.50274554045581,1.1073533632032369,19.50274554045581,0.0,16.321285919641408,0.26219257415771474,0.40423285275421855,-55.389035091111474,218.1726810332478,202.64722866304308,11.506179462698949,202.64722866304308,0.0,1.5707586443882176,1.7419354534647464,2.562887863231011,nan,197.17483616605944,203.25,11.540404431990433,203.25,0.0,1.5661003010272605,23.65758292212867,157.17448355554615,0.15051796186604283,34.9854458152157,221.81219032204638,0.15772553241740575,M3,0.9280009221182143,1.4269846256192935,-168.5084590017156,199.50271576032802,201.41812492020378,11.436391741758044,201.41812492020378,0.0,1.5803438062483013,0.8139345313465322,1.1359032376117177,-51.58868789371248,196.16992359647733,156.02028493174402,8.858731550832516,156.02028493174402,0.0,2.0401827001088053
LTX,v2,10,1,-8796.056144635551,0.17112922197318678,-0.03573338368838269,0.014331423510325146,0.015274521496134381,5.900526799203485,0.0,29.832940581274027,1.6938952014929498,29.832940581274027,0.0,10.669745589329938,0.18826085466360834,0.27052897935764486,-55.97296561903154,218.17344958555034,169.7109879364423,9.636080872517558,169.7109879364423,0.0,1.8755997478666464,0.8494868361183316,1.1544603481211182,-111.93347161407547,197.9296325488323,143.59325852931383,8.153132974837105,92.40433444708177,83.80357230196755,2.2167467292262146,13.136228548962695,59.27442137944738,0.2216171536263618,17.711126297875147,75.58078650210318,0.23433371254190774,M2,,,,,,,,,,,,,,,,,,
LTX,v2,10,1,-8855.318871331301,0.15823652312590597,-0.08261744137104893,0.014436774353504359,0.015396690404303505,8.777449099448342,0.0,30.133578551320653,1.7109652323020552,30.133578551320653,0.0,10.563295217050822,0.2865609105376047,0.4669029833281285,-62.817742640424356,218.12427136891588,228.51390701005334,12.97487284246135,228.51390701005334,0.0,1.3929562990220408,1.6979981264427666,2.7174840285583706,nan,197.3593690782561,183.80000000000018,10.436045926690499,183.80000000000018,0.0,1.7318274547540282,19.849372409706284,117.61617137353105,0.16876397333720122,30.3248926274198,176.49793281540627,0.17181443512505987,M3,0.5790598717234433,1.162618038499676,-230.87952232055994,201.80282723240285,326.278770991753,18.525899015092833,326.278770991753,0.0,0.9755764532772384,1.1189382547193232,1.5548659900586945,-90.88499450453699,197.19953734536804,154.0100784312849,8.744593317095177,154.0100784312849,0.0,2.0668120516918758
LTX,v2,11,1,-8634.38730575883,0.20045858021110313,-0.34598970056411077,0.010885068423491316,0.011390382793774865,4.899960170976417,0.0,21.241288715091486,1.2060667278171227,21.241288715091486,0.0,14.985431931803564,0.17363839925030444,0.2571955946526075,-65.11946147460674,219.45938961978854,183.89974160498696,10.441709190947538,183.89974160498696,0.0,1.730888164419035,0.7703471634663591,1.0443547266844755,-111.9974636181058,198.2143326749112,142.44985881173224,8.08821147339398,84.86983787802805,88.67963886312486,2.234539850295552,15.951980501617374,70.77099872003149,0.22540278913857154,22.580065947666963,91.68741258241488,0.24627225604572997,M2,,,,,,,,,,,,,,,,,,
LTX,v2,11,1,-8655.16672909072,0.1924688801078676,-0.3725049513823178,0.010731904063554405,0.011224361110922995,7.051228917700441,0.0,21.00167536739564,1.1924616358628142,21.00167536739564,0.0,15.15640445894881,0.23614643838771587,0.37851161850138626,-59.979511904091936,218.68626071787585,220.84838636145477,12.539629504372291,220.84838636145477,0.0,1.44130501213092,3.811304987951295,5.948371085951395,nan,197.56377476561238,212.30000000000018,12.054257618261113,212.30000000000018,0.0,1.4993400197069733,22.004151079738985,355.13781761192814,0.061959470347885376,33.72233080892572,529.9518633771265,0.06363281863758274,M3,1.905822740741606,3.082203939366407,-197.24104017869666,198.6410416272899,225.0315639707514,12.777147641750545,225.0315639707514,0.0,1.4145121713910462,1.9054822472096886,2.866167146584988,-40.46547284409762,196.92407018364355,191.0985214431972,10.850451285657526,191.0985214431972,0.0,1.6656847147737155
LTX,v2,12,1,-8644.112310685245,0.19856013126077116,0.04250967734681785,0.01398007544199976,0.015177335968023153,2.6483245148102723,0.0,38.46406445363287,2.18396487032261,38.46406445363287,0.0,8.275513539852307,0.16064525977307975,0.23381444523885403,-59.905189802165495,218.55691192414318,175.6926644867742,9.97571662441022,175.6926644867742,0.0,1.811742608114139,0.7338987703535805,0.9869466034931116,-112.04166530426727,197.82847437285918,138.6730285716319,7.873765478600722,93.08826667859621,77.63831947422986,2.295398676025648,11.491015226603132,52.496052213621034,0.21889294036517254,15.405499735360232,65.02765739471612,0.2369068847405846,M2,,,,,,,,,,,,,,,,,,
LTX,v2,12,1,-8655.026000795893,0.1924953846893104,0.02140343447542009,0.013733429348894334,0.014887293556401043,3.757980547609012,0.0,37.76424210737653,2.1442294070687717,37.76424210737653,0.0,8.428869968546644,0.18735961712267413,0.28506688380707984,-59.44175502900934,218.34674413297518,196.45991452390896,11.154867740615895,196.45991452390896,0.0,1.6202281618373235,1.0081000775624949,1.383210324910372,nan,196.98746428598284,182.0,10.333843083012344,182.0,0.0,1.7489554185922564,13.642595186012901,73.40483224924851,0.18585418381843066,19.148334969488833,92.91214146278706,0.20609077207802895,M3,0.46554211143599417,0.6640880576555575,-162.7640551260854,200.07903188322155,166.27581613347485,9.441034024302974,166.27581613347485,0.0,1.9143486622749355,0.5425579661265008,0.7191222672548147,-75.29891286308485,196.29411939300144,131.88162091989622,7.488153714942449,131.88162091989622,0.0,2.413603077999242
LTX,v2,13,1,-8501.548513649273,0.22828318358956595,-0.3069159619560311,0.012699388883010494,0.013584418581520034,15.126418000868517,0.0,31.535882839717353,1.790587168955499,31.535882839717353,0.0,10.093577776199133,0.15523609704805114,0.22598652099663835,-67.92064706450269,219.6495679530634,175.7857878975088,9.981004111849156,175.7857878975088,0.0,1.810782828298838,0.6843542888170089,0.9218859561746046,-111.83305471695128,198.12318166443544,139.4692434808501,7.918974049656854,80.74842907149066,88.66571710179115,2.282294491885563,12.223902935654582,53.888757571047556,0.22683586496753888,16.635715370554454,67.863482757276,0.24513500773390312,M2,,,,,,,,,,,,,,,,,,
LTX,v2,13,1,-8510.36879224403,0.22176437286180273,-0.3983180462947047,0.012934720487241752,0.013861350582313609,19.206004253823064,0.0,32.38766919172115,1.838951050833844,32.38766919172115,0.0,9.828119593896439,0.21499764044582137,0.3428732008050843,-67.7543696812335,219.2879751993477,218.47931547381194,12.405115181265513,218.47931547381194,0.0,1.4569337398988005,2.2225812620357597,3.5521638148912764,nan,197.72559593476942,196.25,11.14294892879765,196.25,0.0,1.6219612034842836,16.621746148893262,171.8306371002,0.09673330920143527,24.735915794711477,256.2639039967476,0.09652516569413308,M3,0.8630222130001215,1.6028908036789296,-246.6241868855379,199.00800153985216,289.81347461576655,16.455422912208313,289.81347461576655,0.0,1.0983267310321045,1.3595590490356382,1.9492730112123469,-88.59939257905957,197.573430767,168.65558965119519,9.576156035870174,168.65558965119519,0.0,1.8873367128958063
LTX,v2,14,1,-8528.716231640026,0.22229470404808122,-0.3754844178455816,0.016758242797774197,0.01870024775726053,18.10116629289399,0.0,51.325844019926635,2.914248451676315,51.325844019926635,0.0,6.201746746925599,0.16261276649870096,0.2338690303173749,-64.24428080414062,218.98006800197095,170.10365650519296,9.658376341600528,170.10365650519296,0.0,1.8712700992060876,0.6771441382185036,0.9169423981283619,-111.54505489018142,198.20338286172964,141.91026964777933,8.057573947297369,86.46102710003639,86.81611139447253,2.2430363001482165,9.703449726859127,40.40663131509473,0.24014498143115937,12.506199562333247,49.03370319103667,0.2550531317940386,M2,,,,,,,,,,,,,,,,,,
LTX,v2,14,1,-8526.573883139583,0.2182757521073606,-0.4121601328379975,0.01687692476887316,0.018854275395986126,19.449119431411614,0.0,51.862233970005036,2.9447043284643097,51.862233970005036,0.0,6.137604607774665,0.19292863762280185,0.2928243930894537,-67.05710900504232,218.9579393079558,195.31715610799364,11.08998265186941,195.31715610799364,0.0,1.6297077662127775,1.1540262602466445,1.6586831826238468,nan,197.4246653394949,192.5999999999999,10.93570427356141,192.5999999999999,0.0,1.6526993052117904,11.43150427373051,68.37894201999791,0.1671787239759762,15.53092796935558,87.97384931467388,0.1765402797574875,M3,0.43167766392822177,0.668491778590837,-195.14844994828735,201.36388034598596,204.72237800007917,11.624005108977784,204.72237800007917,0.0,1.5548367955342313,0.7223485963184226,0.9901914040330099,-78.01144846314702,197.00177868836425,147.63513000599502,8.382627840780659,147.63513000599502,0.0,2.1560578852124497
LTX,v2,15,1,-8616.653821924747,0.20396723911040304,0.37814269691407265,0.02280465477708588,0.025490465229360396,-14.962757451597602,0.0,52.11846811641306,2.9592531386922776,52.11846811641306,0.0,6.107429816870406,0.15835445487732225,0.2318060816874593,-56.93343029961048,217.41442488478896,178.37770597924126,10.128171555479076,178.37770597924126,0.0,1.7844712400373288,0.6546186774135202,0.8950659322189889,-110.84962893578755,197.31804785826805,146.44337289363506,8.314960637526857,100.45075809045645,80.09732496243858,2.173603898176983,6.943953172070679,28.705485078041225,0.24190335586360046,9.093834875185436,35.11375426714594,0.25898213007926785,M2,,,,,,,,,,,,,,,,,,
LTX,v2,15,1,-8622.545694695888,0.19871135596417494,0.32556551655049804,0.022708228569293703,0.025373683070637018,-12.827265433868712,0.0,51.952473641355176,2.9498280790335127,51.952473641355176,0.0,6.1269437983104975,0.2445402572417208,0.40455756005163485,-60.642102942969665,217.13867132788127,235.649526740627,13.380028746833851,235.649526740627,0.0,1.3507766834352513,1.274239632453749,2.1718021257526976,nan,196.92500699262396,180.3499999999999,10.24015714297404,180.3499999999999,0.0,1.7649563969159459,10.768794954459398,56.11356379320529,0.19191072935851164,15.943982547799603,85.5927032629313,0.18627735706420506,M3,0.402183512934287,0.9506042389718892,-241.33985473120595,201.24609530632293,402.65701564345,22.86260668095307,402.65701564345,0.0,0.7905236313221272,0.8720561195194619,1.2211978867808082,-96.77605862833062,196.8331411041554,157.6260030291713,8.949903192889476,157.6260030291713,0.0,2.019399591861009
LTX,v3,0,23,-11087.208690033422,0.018184811614024084,-0.09641237641546135,0.027721265350882325,0.029427564971354108,1.762442908003993,0.0,27.96071408334842,1.5875913836609665,27.96071408334842,0.0,11.384183008879424,0.1389322496231298,0.21244119267494005,191.19226480432636,218.50093366780837,198.79332808690967,11.287357463735797,198.79332808690967,0.0,1.6012101072357423,0.47467950410493304,0.6543888187049617,149.04744241977724,197.82321733824193,150.28994287792597,8.533366410194372,98.1521059199332,86.4964648653934,2.1179719686389133,5.0117571425615965,17.12329859754489,0.2926864303633749,7.219122373248967,22.23727377178398,0.32464062129814825,M2,,,,,,,,,,,,,,,,,,
LTX,v3,0,23,-11368.47564330146,0.013531677099718056,-0.10374130955590442,0.02797125009489137,0.029710932262137613,2.228996087325977,0.0,28.244323079529252,1.6036945202734025,28.244323079529252,0.0,11.269871304315073,0.17748881592123106,0.2888113499314703,197.495797442726,217.63006172066488,227.90337587069362,12.94020727657434,227.90337587069362,0.0,1.3966878944539696,0.8014317798236785,1.1875131492313238,nan,196.72060130526768,205.5999999999999,11.673835922348006,205.5999999999999,0.0,1.5481998355242745,6.345401629140893,28.6519829147733,0.22146465911331845,9.720709783971321,39.968895582069685,0.24320686479843834,M3,0.3812808216154972,0.6096203816650747,85.41718710877407,200.2545465999203,219.68075816371982,12.473332325390459,219.68075816371982,0.0,1.4489657120837425,0.42015095820818127,0.5778927675662491,192.3509690564578,196.1221532936844,149.2191140177458,8.472565435414905,149.2191140177458,0.0,2.1331709967527073
LTX,v3,1,23,-11009.84167085921,0.01961487688933365,-0.07082371855318789,0.032641586723574714,0.03459361166702095,1.1036337835319765,0.0,27.188293510696294,1.543733839749551,27.188293510696294,0.0,11.707608131365902,0.14252463824752007,0.21528302233584368,194.4294989590408,218.33557401871698,193.0636810803722,10.962031787435743,193.0636810803722,0.0,1.6487300169692642,0.5101522335046502,0.703086113518452,151.0674183059114,197.71792503642757,150.15342055964794,8.525614760664624,103.38749704252062,81.77683174292737,2.1198976686471367,4.36635141099267,15.628904251036401,0.2793766818747465,6.223201682670184,20.3241604341857,0.3061972327379692,M2,,,,,,,,,,,,,,,,,,
LTX,v3,1,23,-11308.609204450344,0.014348008003362344,-0.07771925201400377,0.032901932897183975,0.034887118702065685,1.5336956860831106,0.0,27.424392088638808,1.557139365335157,27.424392088638808,0.0,11.60681648493707,0.18563497829874828,0.30023008641144827,200.15486631516362,217.49922602396092,225.04830640188072,12.778098266234712,225.04830640188072,0.0,1.4144069389945455,0.8635283576605972,1.2941354794532702,nan,196.703567497988,199.85000000000036,11.347354616153961,199.85000000000036,0.0,1.5927439889106334,5.642069080830096,26.245520600843037,0.21497264872882219,8.60575758564067,37.09493726051512,0.23199277910090652,M3,0.3795478111549755,0.6266937433370291,80.59199421993988,200.29951796965332,234.74296202061527,13.328554584409694,234.74296202061527,0.0,1.3559933104867123,0.48398054650562167,0.667441736116241,-170.7839783505551,196.24737377703278,150.45168937852762,8.542550272592415,150.45168937852762,0.0,2.1156949948427743
LTX,v3,2,23,-10911.28351493072,0.021600681283118595,-0.01265208489729331,0.039057172191540306,0.04147797973788912,0.7941734212327927,0.0,28.14989927159272,1.5983331971167178,28.14989927159272,0.0,11.307674074166615,0.16300728460281416,0.25192486381805124,194.3122293304332,218.47018174324324,203.7819858478032,11.570610246680443,203.7819858478032,0.0,1.5620118964859036,0.5709600916531052,0.7925879426233132,152.47288774486057,197.6571398365724,153.53029178977383,8.71735133980561,99.73572672771273,88.81324456290766,2.0732708996583327,4.17355572501281,14.618572201107122,0.28549680964716445,6.073701405180157,19.108643854688598,0.3178509920100835,M2,,,,,,,,,,,,,,,,,,
LTX,v3,2,23,-11259.59959541636,0.015052825661080373,-0.019689332577502924,0.03928999962583166,0.041741749588443455,1.2316902900507258,0.0,28.335100240696562,1.6088487891691405,28.335100240696562,0.0,11.233766017408156,0.2053933803404641,0.33639750237354743,200.91939530697238,217.56943710242098,230.94619656437652,13.112976680850503,230.94619656437652,0.0,1.378285899136085,0.8858532234054104,1.2975779345801735,nan,196.51335665003145,207.8499999999999,11.801589476945686,207.8499999999999,0.0,1.5314403953995228,5.227624899375816,22.546531734324475,0.23185938134410997,8.059017786515634,31.085854028011767,0.2592503258637699,M3,0.42884603617437467,0.6724013288394093,95.09802682042795,200.2207611030895,210.5326927123499,11.953911045788354,210.5326927123499,0.0,1.5119261625494735,0.4570071872310358,0.6251766057407642,-166.1325489352958,195.86934453690716,146.67301130139475,8.327999358799502,146.67301130139475,0.0,2.17020079808482
LTX,v3,3,23,-10606.407612968693,0.029108722475679867,-0.0025307015444226626,0.04792678073506251,0.05081302404948596,-0.5912033723018324,0.0,27.37383370292886,1.5542686926733054,27.37383370292886,0.0,11.62825381487333,0.1841890430144892,0.2828392627499246,196.94564904558032,218.2912825106063,200.77682655761214,11.39997923270082,200.77682655761214,0.0,1.5853915595804724,0.6772401651464041,0.9460205396106296,152.77301438673356,197.64519618978525,156.45788552883653,8.883578231620355,98.90667236690621,92.79231201355577,2.034476466992285,3.843134051349693,14.130725134453801,0.27197005212275277,5.56627494703862,18.617678386732422,0.29897793008420065,M2,,,,,,,,,,,,,,,,,,
LTX,v3,3,23,-11097.38999658528,0.01764201957164721,-0.009511668470312696,0.04825526984402679,0.05118410378476331,-0.15112979602380794,0.0,27.58247356559257,1.566115130044888,27.58247356559257,0.0,11.540295159780833,0.24838500874777206,0.4111679594439197,203.708775555209,217.26983448188835,235.93400005328667,13.396180958780716,235.93400005328667,0.0,1.3491480079679024,1.1066853230492748,1.659786814795683,nan,196.44806038879264,212.44999999999982,12.062774521900938,212.44999999999982,0.0,1.4982814129620663,5.147313641610856,22.933978540092326,0.22444050135533675,8.033118273848098,32.42777917486512,0.24772335566151235,M3,0.5054822817503782,0.8296244218175668,86.7894881514937,200.67974405537686,231.92625069259122,13.16862352466275,231.92625069259122,0.0,1.3724616563810081,0.6012030412988966,0.8301623929781161,-168.4988944670116,195.94134136091907,151.0514377507293,8.576603599887052,151.0514377507293,0.0,2.1072946469339637
LTX,v3,4,23,-10342.150656360402,0.037697972809966715,0.01961512700685056,0.060616078758525496,0.064296166814004,-0.6086981683172877,0.0,27.589898586985758,1.5665367179897518,27.589898586985758,0.0,11.537189423883511,0.2135799955809211,0.32739527612644265,197.21973828508493,218.39732643300803,199.9532769979539,11.353218617752512,199.9532769979539,0.0,1.5919213276361952,0.8082047978007645,1.130662966774991,153.02442730693403,197.57836735982977,157.1626728298296,8.923595601814652,100.26312293391439,92.45364176943933,2.0253529699666397,3.523487496308587,13.333175196310311,0.26426469647557327,5.091987475295874,17.585231325621223,0.28956044882258564,M2,,,,,,,,,,,,,,,,,,
LTX,v3,4,23,-10967.208511456147,0.02003864534097226,0.013874211066116195,0.06100512976269101,0.06473613220431339,-0.24295663345744128,0.0,27.787305314392654,1.5777453451576302,27.787305314392654,0.0,11.455226859256467,0.29084251590907767,0.4849311646538912,202.00071780688236,217.46811574547655,239.3058471264514,13.587632269516973,239.3058471264514,0.0,1.3301383564422178,1.2203785264488143,1.8020111666319938,nan,196.4168317421132,208.0,11.810106380585536,208.0,0.0,1.5303359912682244,4.767509175711132,20.004523081846845,0.23832156138915506,7.490888753183498,27.83625010132943,0.26910552699861473,M3,0.5154157939021751,0.8362236956734659,85.80644129992864,201.18698718166357,226.52533073749566,12.861962759168973,226.52533073749566,0.0,1.405184511363357,0.7049627325466392,0.965787470958528,-174.38658203557145,196.00964699639766,147.35821996135792,8.366905066333462,147.35821996135792,0.0,2.160109468391121
LTX,v3,5,23,-10297.669152954728,0.03937496850704515,0.025597424996249014,0.06855481832797125,0.07264889330523908,0.36342121460282234,0.0,27.15205043290082,1.5416759810749145,27.15205043290082,0.0,11.723235671295257,0.23937882621279383,0.3658544732360932,198.36103881694984,218.23633948160534,198.56371808187868,11.274320355151842,198.56371808187868,0.0,1.6030616733946033,0.9232021691076944,1.2922986999004755,152.57855582353812,197.5344104441657,157.4368206326601,8.939161537946537,103.75274312098705,89.81305520614,2.0218261833836704,3.491787040665589,13.466627023807836,0.2592918801784894,5.035926310658742,17.788277854017654,0.28310364566974255,M2,,,,,,,,,,,,,,,,,,
LTX,v3,5,23,-11037.67793344397,0.018703491328215645,0.019572825018849098,0.06901344819615458,0.07316649915041001,0.7466313411935329,0.0,27.3541788269544,1.553152701441788,27.3541788269544,0.0,11.636609097186017,0.32851279001217915,0.5455851144362699,204.16590095362872,217.245330135513,237.46060349820996,13.482860521691835,237.46060349820996,0.0,1.3404745102746705,1.4542235679669555,2.1827154448032844,nan,196.39695896695355,209.30000000000018,11.883919545464206,209.30000000000018,0.0,1.5208307987758738,4.760127172293411,21.07159699995956,0.22590253469172492,7.4567612332346025,29.832170052529467,0.249957050395747,M3,0.6321696092590134,1.0477433363272504,84.86133908603627,200.81928400862614,236.50246644665714,13.428458115412894,236.50246644665714,0.0,1.3459051441037937,0.8220539587079421,1.134972108476034,187.44463789752598,195.95666717707218,150.98997596025706,8.573113838907156,150.98997596025706,0.0,2.1081524396531783
LTX,v3,6,23,-10218.887080732524,0.04253028769096996,0.05201021243316175,0.07319374316512905,0.07764348368625665,-0.9192940968293739,0.0,27.626342333448463,1.5686059705024038,27.626342333448463,0.0,11.52196994961575,0.2633881644434398,0.40419355372962223,198.16982465659444,218.13472055983112,200.47203540384234,11.382673386787923,200.47203540384234,0.0,1.5878019372755359,0.978963091110186,1.3701877064188601,151.95457625595506,197.511358406445,157.38040302018067,8.935958182152687,102.49371770706054,90.82274727813103,2.022550966164283,3.598506553343253,13.37495595629796,0.26904810491348186,5.205762731652996,17.647169361379277,0.29499137368997974,M2,,,,,,,,,,,,,,,,,,
LTX,v3,6,23,-10897.729647131147,0.02144831117921451,0.046667784228757815,0.07360398070347872,0.07810726041253103,-0.5764853697364511,0.0,27.79777094730165,1.5783395770710695,27.79777094730165,0.0,11.450914060240116,0.3449708378223617,0.5689232896699263,202.85702811625956,217.29689733811162,234.1851349022765,13.296881518979136,234.1851349022765,0.0,1.3592232757071396,1.4590752141331615,2.146527238758349,nan,196.37708619179392,208.19999999999982,11.82146225210532,208.19999999999982,0.0,1.5288659278760373,4.686850283439323,19.823319339360157,0.23643115480329047,7.283872032703529,27.48178885575116,0.26504359199234667,M3,0.6326226707524613,1.0123085701327357,88.69726152168965,200.78580317960942,220.06193277865452,12.494975175159487,220.06193277865452,0.0,1.4464559234056948,0.8264525433807003,1.1342186686256135,185.88528608726295,195.90546452060428,148.18111536759244,8.4136285388706,148.18111536759244,0.0,2.1481137147210716
LTX,v3,7,23,-10192.738753788863,0.04363248408537636,0.0733971283790417,0.07016996709331942,0.0743380618710223,-1.706479662965704,0.0,27.010790684549132,1.5336553433089137,27.010790684549132,0.0,11.784545291592377,0.26427489602732845,0.40347674313072734,197.2759394972877,218.18161975594407,198.06786511833567,11.246166142418325,198.06786511833567,0.0,1.6070748578706415,0.9735323744652754,1.362221377181933,151.6683394639201,197.4853924833252,157.25488201429323,8.928831180073223,101.27197434511571,91.71274198104643,2.02416536839129,3.7662109157877732,13.873918070541054,0.2714597921537891,5.427592985014403,18.324682442560963,0.29619028881004017,M2,,,,,,,,,,,,,,,,,,
LTX,v3,7,23,-10854.38824128005,0.022377462857982977,0.06751491780338235,0.07061703286370102,0.07484240096129703,-1.3304417461805087,0.0,27.202953884924796,1.544566246380406,27.202953884924796,0.0,11.701298599053617,0.34816672021732076,0.5710966433495152,202.46945260423942,217.32952785539447,231.6532973256871,13.15312540783546,231.6532973256871,0.0,1.3740788059505622,1.5323119622526893,2.2826093078951324,nan,196.32314580207492,211.35000000000036,12.000317228542103,211.35000000000036,0.0,1.5060794236280584,4.930350456515534,21.698900394331595,0.22721660392539933,7.630656366099802,30.498878691445636,0.250194652836206,M3,0.6831281580744257,1.1100673099836944,86.51224940803039,200.59418836381874,227.2608306959565,12.903723974324448,227.2608306959565,0.0,1.4006368154556523,0.8491838041782636,1.1725419979114378,188.5721042236844,195.8226075541775,151.03507369253063,8.57567445917482,151.03507369253063,0.0,2.107522964048665
LTX,v3,8,23,-10342.383140500933,0.03768939826588856,0.06133487651265468,0.06578786809570768,0.06974007872158719,-1.4299012070306618,0.0,27.308986695802425,1.5505867212664506,27.308986695802425,0.0,11.655865877759465,0.25659367301315966,0.3935313066027507,195.85489092381,218.27817208284708,200.1920289937793,11.36677480270095,200.1920289937793,0.0,1.5900227785477001,0.9354057876417021,1.3065793729563295,151.01330018122002,197.5161353186592,156.43405024627737,8.882224879588454,100.37491338680174,91.54313515068725,2.0347864527107036,3.900319016872065,14.21851497423326,0.2743126848296189,5.642828540153883,18.734985633904852,0.3011920398776293,M2,,,,,,,,,,,,,,,,,,
LTX,v3,8,23,-11022.12508660201,0.018990298779632007,0.05601549200652634,0.06619758700600688,0.07020289544425092,-1.089265907240009,0.0,27.498951911024253,1.561372824152896,27.498951911024253,0.0,11.575346115507083,0.3350283304995825,0.5530174676205127,199.8724144275805,217.5002922954823,234.6011694583491,13.32050369381191,234.6011694583491,0.0,1.356812870620848,1.4274274303518588,2.1033897645934325,nan,196.3941199990736,208.30000000000018,11.827140187865238,208.30000000000018,0.0,1.528131954794961,5.061035388936179,21.56313386804162,0.2347077850514604,7.877416794862421,29.96158137471357,0.26291725714820446,M3,0.608645078527199,0.9770922248771999,84.62083758642342,200.8431441003799,221.57445368842036,12.580855140770998,221.57445368842036,0.0,1.4365820647871275,0.81878235182466,1.1262975397162325,185.21798888226817,195.93348636625183,149.26520416342942,8.475182404278463,149.26520416342942,0.0,2.132512315698677
LTX,v3,9,23,-10499.403999652422,0.03232167569865049,-0.0010714652764330487,0.059176175181094366,0.06286776233153873,0.14805423024295575,0.0,28.327003034491717,1.608389035002483,28.327003034491717,0.0,11.236977162610815,0.24452663970472735,0.369929317647178,197.60557505200472,218.14792249476218,193.78878843075125,11.003202916980557,193.78878843075125,0.0,1.6425608971570405,0.8842277309670914,1.2323657152097238,151.11612748091122,197.60616280534464,155.3990283296829,8.823457000063367,102.12836498916802,88.89151170947963,2.0483389735776747,4.132180543207004,14.942292709204784,0.27654260451352886,5.884245023646982,19.602506427868924,0.300178196359693,M2,,,,,,,,,,,,,,,,,,
LTX,v3,9,23,-11117.44114029615,0.01729926504787962,-0.007681634188410393,0.05958217755650143,0.06332810534950002,0.5574219285711164,0.0,28.541507740555193,1.6205684744147228,28.541507740555193,0.0,11.152525265212176,0.3118406164734956,0.5014569217189515,203.18882672294137,217.35356669690364,222.36075052405442,12.625500569980403,222.36075052405442,0.0,1.4315021218160384,1.413798089816808,2.1002376286090625,nan,196.48496697123196,209.79999999999973,11.912309224263664,209.79999999999973,0.0,1.5172063211810825,5.233790191333289,23.728540107083393,0.22056941420390666,7.918394509854234,33.1643843917027,0.2387619928755655,M3,0.6612879558723493,1.0607134744834399,89.51019933296405,200.2548104002383,221.18215008313294,12.55858039407902,221.18215008313294,0.0,1.4391300837981347,0.7525101339444588,1.0395241541256228,191.64014150955282,195.88912817044348,151.24582233736174,8.587640631843184,151.24582233736174,0.0,2.1045863037048638
LTX,v3,10,23,-10547.018216520844,0.030850372539855102,-0.004668467756537413,0.052792869103411945,0.05599404584304139,-0.528904248549669,0.0,27.55685178259495,1.564660341665743,27.55685178259495,0.0,11.551025084252798,0.24389248455083476,0.37580703191639603,196.29069049422208,218.18555440377645,202.38344201892625,11.491201826502806,202.38344201892625,0.0,1.5728059717159242,0.831048515505502,1.1551073772850995,150.8749570830338,197.63900161048292,154.12771157609583,8.751272451489887,100.26953549228553,89.0354184732646,2.0652346221765248,4.619799770175254,15.74168120845306,0.29347562747583067,6.711553456412707,20.629110825872736,0.3253438072568388,M2,,,,,,,,,,,,,,,,,,
LTX,v3,10,23,-11131.661102963504,0.017060232323986513,-0.011736187565854284,0.053140848885465844,0.05638784781039925,-0.08082099317619801,0.0,27.762125194161086,1.576315634106617,27.762125194161086,0.0,11.465616697483139,0.30864921505209114,0.5047826046827675,202.1851939008146,217.33359630056472,230.27026106505852,13.07459749742089,230.27026106505852,0.0,1.3823317206118,1.300967860906574,1.9138099803338084,nan,196.49632284275174,208.8499999999999,11.858368834544654,208.8499999999999,0.0,1.524107666668857,5.808134825194851,24.48150317866661,0.23724584159750897,8.951975013837531,33.94011395449742,0.2637579539608853,M3,0.6227101843638837,0.9833956361876096,92.07737807619685,200.26288399998165,213.89034113445098,12.144556166238445,213.89034113445098,0.0,1.4881919608688727,0.6782576765426902,0.930414344146199,191.84096259256248,195.87185424201195,147.968573440207,8.401560544770808,147.968573440207,0.0,2.1511992633518044
LTX,v3,11,23,-10586.096749603668,0.02969300552636999,-0.012669497413916276,0.04839543502222521,0.05148047053498449,0.5245703700984092,0.0,28.92736175737501,1.6424770176167338,28.92736175737501,0.0,11.003764838756435,0.22835953218904723,0.34849260269977866,195.80002322820636,218.21651285031118,197.86503963094373,11.234649841539513,197.86503963094373,0.0,1.6087222218614248,0.7822264421017157,1.0851698275107589,150.61267029756075,197.66763457093916,153.2322775415795,8.700430282237797,99.25699915565009,88.88190539429205,2.07730310669968,4.718617201894662,16.163227828047926,0.29193532703328484,6.769413703453899,21.07925231128787,0.321141072913146,M2,,,,,,,,,,,,,,,,,,
LTX,v3,11,23,-11037.936921548579,0.018698752220528296,-0.019437738226113766,0.04877521067248781,0.05191238193845564,0.9329259028968825,0.0,29.17924676261113,1.6567788864028536,29.17924676261113,0.0,10.908776664915749,0.2909441738722537,0.47248210762088094,200.868809788723,217.43219925337596,226.96827683213735,12.8871129538737,226.96827683213735,0.0,1.402442185430206,1.3221350420269509,1.9738756958220223,nan,196.59284775067002,209.05000000000018,11.869724706064464,209.05000000000018,0.0,1.5226495392671149,5.965000865416332,27.106700797352282,0.2200563214981507,9.101530116283795,38.02321569759863,0.23936771126011325,M3,0.6018829013070212,0.9742596237062279,83.42349344776328,200.3303059276807,225.4452761869269,12.800637955615835,225.4452761869269,0.0,1.4119164152273722,0.7202521407199297,0.9996160721157945,-168.51657511826278,196.02594338489612,153.43001397615637,8.711657629966982,153.43001397615637,0.0,2.07462593487906
LTX,v3,12,23,-10643.806708778113,0.028062771589712168,-0.024290992835603934,0.04307627456211597,0.04584915732960447,-0.18776560518788663,0.0,29.202333307383366,1.658089725584201,29.202333307383366,0.0,10.900152492380151,0.21903238921003076,0.33497872574154935,195.3577378814015,218.20730675006288,198.87225094195114,11.291838652744929,198.87225094195114,0.0,1.6005746637659481,0.7332204316154064,1.0144709736865924,150.27439055590028,197.73351828702647,151.98181364385565,8.629429745424334,97.17697188085701,89.22314298218592,2.094394576246455,5.0847570138449685,17.021444845656344,0.2987265217466268,7.3061043048932115,22.12627303908061,0.3302004043784861,M2,,,,,,,,,,,,,,,,,,
LTX,v3,12,23,-11038.14756915777,0.01869489855951659,-0.032166687445842244,0.04338831615201412,0.04620443563230262,0.28232299151775,0.0,29.436928969981853,1.6714099166020475,29.436928969981853,0.0,10.813284446498663,0.27076954432957595,0.43705265800366705,200.51062825894078,217.47664566406115,224.12087562358377,12.725439342425501,224.12087562358377,0.0,1.4202598722592874,1.163165266405207,1.6989097763787477,nan,196.62975433310933,207.69999999999982,11.793072573305835,207.69999999999982,0.0,1.532546394722152,6.240609646636555,26.80826013920367,0.2327868207124138,9.45910607980921,36.76940867536535,0.2572547783763135,M3,0.5626122334784235,0.8752858605019661,91.89597353394552,200.21949698600142,206.88265058587862,11.746663998638141,206.88265058587862,0.0,1.5386011600410048,0.6005530329267835,0.8236239158767816,-166.87436089705227,195.94295894417908,147.8563748611958,8.395189981531036,147.8563748611958,0.0,2.1528316684526643
LTX,v3,13,23,-10809.239259350012,0.02386880707708664,-0.08647918382755446,0.04035199631228884,0.04299987730449865,2.2451332589829818,0.0,29.7509242828166,1.6892383687538919,29.7509242828166,0.0,10.69915956754455,0.2088426054088254,0.3187990830105378,194.7839130395125,218.4101644986769,197.99819853826986,11.242210518756071,197.99819853826986,0.0,1.6076403145772387,0.6926106130474364,0.9550183946611259,150.65569874351405,197.77585651195753,150.3839358896835,8.538703273020756,96.737543162827,87.79753633983941,2.116648193177308,5.175521027325834,17.16422175714038,0.301529606209661,7.413953317889701,22.209793481462142,0.3338145995854445,M2,,,,,,,,,,,,,,,,,,
LTX,v3,13,23,-11174.646101218079,0.016357564891665774,-0.09314799349304378,0.04067129347813967,0.043363982460880204,2.635290647331192,0.0,30.008512709704473,1.7038640741575142,30.008512709704473,0.0,10.607319638365558,0.2576999354049112,0.4159815378363496,198.81274715141427,217.76016831324716,224.14867837343232,12.727017964701385,224.14867837343232,0.0,1.4200837073573351,1.147036896561239,1.685175685215122,nan,196.74331304830727,205.5999999999999,11.673835922348006,205.5999999999999,0.0,1.5481998355242745,6.336162766581835,28.202616599291524,0.22466577681806324,9.592789089692525,38.86118362711182,0.24684757885243713,M3,0.5250352504817999,0.827060738347796,85.55832512148952,200.34178760378546,212.71186048988733,12.077642792297302,212.71186048988733,0.0,1.4964369426824868,0.622001646079439,0.8581149468673261,-167.86958958740175,196.13131905469604,150.6332828505926,8.55286103328043,150.6332828505926,0.0,2.1131444536033257
LTX,v3,14,23,-10867.45468552531,0.022547184600759346,-0.1155282964398084,0.03777951847467898,0.0402817540929262,3.324945076251447,0.0,30.020132059384714,1.704523813368076,30.020132059384714,0.0,10.603214054958913,0.19720393495483787,0.29858426361308454,194.91131576844165,218.31354838622426,194.17548433121294,11.025159261794927,194.17548433121294,0.0,1.6392897758443938,0.6680361944860604,0.9181094797767692,150.35455685068442,197.8224113682822,148.8446457859813,8.451303369774095,100.83931924467991,82.52467445744443,2.138537698168047,5.219863643498001,17.682496269342323,0.295199476589068,7.412394776162897,22.79219215873215,0.3252164041326345,M2,,,,,,,,,,,,,,,,,,
LTX,v3,14,23,-11211.144194898134,0.01578370461613355,-0.12260550576341013,0.038091661975781545,0.040638422225522705,3.7462852329527543,0.0,30.29494069313645,1.72012727105515,30.29494069313645,0.0,10.507031170914496,0.24000699247919557,0.38232682502184073,199.37974789239507,217.68265388043983,217.9522780877739,12.375190337055633,217.9522780877739,0.0,1.460456798050079,1.0650036407313817,1.5517174821929065,nan,196.83132105258568,200.45000000000027,11.381422230713337,200.45000000000027,0.0,1.587976483830333,6.30077502608814,27.9589701654001,0.22535790799210126,9.408013502594173,38.183507065841745,0.24638945517423164,M3,0.5045656045866789,0.7838924516402789,90.54815656248738,200.11110784397803,206.23389355766986,11.70982799133863,206.23389355766986,0.0,1.5434411904500103,0.5604380361447028,0.7678250305526276,-167.3679402926477,196.17738280236975,147.3789738392325,8.368083458186867,147.3789738392325,0.0,2.159805282204076
LTX,v3,15,23,-10885.27012079168,0.02215754950811211,-0.07658461436669911,0.03486149898514424,0.03718972113801227,1.1633711101325424,0.0,30.26254955632684,1.7182881231151999,30.26254955632684,0.0,10.51827723871478,0.19331216970938842,0.29525359801116385,195.86466691900367,218.17283507716982,198.25477176169142,11.256778581559043,198.25477176169142,0.0,1.6055597721824795,0.6402905966075275,0.8794063223009803,150.29583520710966,197.78618532388697,148.54067316724297,8.434043999754456,100.88414174419937,82.13528721335767,2.1429139871030705,5.5451479522371026,18.366697223214032,0.3019131793182979,7.939118363256022,23.646488744496757,0.3357419551392674,M2,,,,,,,,,,,,,,,,,,
LTX,v3,15,23,-11184.444280482105,0.016201490031949213,-0.08256389460564441,0.03513200379131562,0.03749835711224742,1.507041506687749,0.0,30.513100356982232,1.7325142366223205,30.513100356982232,0.0,10.431908998423122,0.2382528225495039,0.38635317531216823,197.9751215574192,217.64523108858873,226.29001991517555,12.848601961841553,226.29001991517555,0.0,1.4066457120075762,0.9958697269880737,1.4498989573337349,nan,196.87106660290496,195.35000000000036,11.091847506958601,195.35000000000036,0.0,1.6294337659779374,6.781646272291428,28.34651085954413,0.23924095300103157,10.30320272847315,38.665666151549345,0.2664690345199264,M3,0.40118759832626016,0.6353596485810047,79.19732747763753,200.77716194237516,215.2159003113439,12.219820564761841,215.2159003113439,0.0,1.4790258792371056,0.5946821286618136,0.8145393087527302,-176.47751648116434,196.4368325904831,147.26310239952667,8.361504352276304,147.26310239952667,0.0,2.1615046878491797
RT,v2,0,2,-7924.651990466441,0.40144273621105486,-0.28827471441307956,0.05749239638130379,0.0627567800316901,7.663830455871309,0.0,41.01231816870301,2.3286530792634785,41.01231816870301,0.0,7.761323924056961,0.028908535754538618,0.03536592533931699,-359.99999999999994,212.31063061989835,94.37508456835121,5.358556675139347,94.37508456835121,0.0,3.372816963710952,0.39428712228941754,0.5667568850888082,-94.81420833899504,197.08647375100725,169.85158626283618,9.644063955169694,149.13234161006784,57.49184004815312,1.8740471795843183,0.5028236353692767,6.858074234276266,0.07331848828001783,0.5635395143195424,9.031006447472524,0.06240052175771153,M2,,,,,,,,,,,,,,,,,,
RT,v2,0,2,-7943.976186424267,0.38599161100837354,-0.3105578271845205,0.05756274026489334,0.0628416634370804,8.717884030561752,0.0,41.07264620651757,2.3320784664957954,41.07264620651757,0.0,7.749923990368072,0.04476927431401976,0.057851091670302654,-74.19105003817504,216.09132878208976,119.9982683542774,6.813424590144552,119.9982683542774,0.0,2.652620663191798,0.47724304947864,0.6973797168531155,nan,198.00949272276426,194.30000000000018,11.032229181479673,194.30000000000018,0.0,1.638239249530573,0.7777474475328944,8.290832703280866,0.09380812221975272,0.9205849830538857,11.097410200660269,0.08295493871165663,M3,0.38217090632849315,0.5459570215765767,-113.3924649464457,198.13164748818662,166.9593164972727,9.479842735878078,166.9593164972727,0.0,1.9065116751899873,0.09507214315014684,0.1514226952765389,12.258156583280417,189.81055782719866,217.87339344607534,12.370711317775564,217.87339344607534,0.0,1.4609855804287264
RT,v2,1,2,-7925.277183524194,0.4011972347814603,-0.11265539129720256,0.06071102018787312,0.06629600803953845,0.9719145966142615,0.0,41.19512786900863,2.339032896609692,41.19512786900863,0.0,7.726881858358238,0.029752176388632978,0.03691867266981054,-359.99999999999994,212.11265539129724,101.02368074898874,5.736059695210904,101.02368074898874,0.0,3.150844275558402,0.4106607989169435,0.6012664767314084,-96.77962891508675,197.13187726492808,178.47385267180286,10.13363070291799,169.0325795248993,39.68002219706742,1.783509917103283,0.4900622044657373,6.764188736182233,0.0724495166499941,0.5568762548688078,9.069422043825288,0.061401515132702915,M2,,,,,,,,,,,,,,,,,,
RT,v2,1,2,-7934.2712068006185,0.3896744715552998,-0.1405963684256097,0.06052829127724208,0.06608716440496751,2.331037623755059,0.0,41.12922453310432,2.335290947533416,41.12922453310432,0.0,7.739263013033169,0.09548987697059098,0.1563507539783366,-56.71122638343814,214.80620553490058,230.81289495909294,13.10540790133559,230.81289495909294,0.0,1.3790819019890759,1.0522474366214163,2.035070843295907,nan,197.14928545513988,255.45000000000027,14.504286898656627,255.45000000000027,0.0,1.2460751073939729,1.5776073461782003,17.3843902482185,0.0907485004450972,2.3658263353569504,30.793738263990925,0.07682816276072144,M3,0.3632161523885633,0.9303914047627495,-271.6430993731111,194.64059636843172,440.30086033333316,24.999999999999996,440.30086033333316,0.0,0.7229372341966621,0.6890312842328529,1.1046794385331575,-102.3799918387884,197.3035194175647,220.95564808252962,12.545719755989882,220.95564808252962,0.0,1.4406053384292674
RT,v2,2,2,-7921.187853781239,0.4028057616798123,-0.01662527385616674,0.06811611725688314,0.07447646059003753,4.338249009641958,0.0,41.787185707959964,2.3726495603667823,41.787185707959964,0.0,7.617404254222279,0.03498267999081499,0.04359737940471432,-359.99999999999994,212.0166252738562,103.04999903696402,5.851112745893183,103.04999903696402,0.0,3.0888878132799684,0.4126994705791868,0.6293058047218882,-97.60089143752391,197.251156266643,197.4914652090768,11.213438525850503,149.12392787343308,95.14720104390915,1.611765277283289,0.5135741935918989,6.058763875556684,0.0847655073114582,0.585384684762345,8.449727601664094,0.06927852735123188,M2,,,,,,,,,,,,,,,,,,
RT,v2,2,2,-7930.976074284676,0.3909328876331748,-0.03936372568998178,0.06790677262248436,0.07424063388656463,5.4440917544525655,0.0,41.74346420224629,2.3701670813591,41.74346420224629,0.0,7.625382614188065,0.09163846347670035,0.13792947299146457,-27.684253400078497,212.32887147599098,191.40319793531478,10.867750621155468,191.40319793531478,0.0,1.663033270172238,0.8418901510243066,1.5023343172289525,nan,198.07762795188304,287.3499999999999,16.315548406063716,287.3499999999999,0.0,1.1077427742606256,1.3494745801887553,12.397734695840214,0.10884848025031071,1.8578703571175428,20.23601144791452,0.09181010605274247,M3,0.6157772003524626,1.019198600130105,-119.61469589446776,198.39034132053195,235.87076239500826,13.392590365167605,235.87076239500826,0.0,1.3495097185920957,0.22611295067184398,0.4831357170988475,51.03860133470598,189.53936372569,355.4130909762269,20.180126987894063,355.4130909762269,0.0,0.8956054075258639
RT,v2,3,2,-8025.086564237273,0.36386842099715866,0.05732891593813279,0.06766618964919853,0.07291769424924004,-3.6266543322981035,0.0,34.988195874020555,1.9866072852737822,34.988195874020555,0.0,9.097636452302538,0.03046557002860788,0.037723884691375394,-359.99999999999994,212.28875255836098,100.03180530615823,5.679741644748796,100.03180530615823,0.0,3.18208678939232,0.4322136316480628,0.6317226349415109,-99.646519584369,196.98986031117948,177.6592542041354,10.087378325222728,154.39944299063637,62.31961905099748,1.7916876191433506,0.45023327287306075,6.387438599524898,0.07048729562841503,0.5173488421401717,8.663502616830138,0.0597158984098585,M2,,,,,,,,,,,,,,,,,,
RT,v2,3,2,-8028.119899895642,0.35548506440412564,0.04381785344303313,0.06743307640611969,0.07265024339145466,-2.8543002528301504,0.0,34.883531180866186,1.9806644912331839,34.883531180866186,0.0,9.124933038842853,0.07595483309323633,0.11479750668400099,-56.7099260987413,214.94000680939817,193.3409111976387,10.977772735401222,193.3409111976387,0.0,1.6463659150670138,21.466993970856866,38.60832524641849,nan,196.60704259006974,274.75,15.600128500316712,274.75,0.0,1.1585437167744883,1.1263735416102605,318.3451670152289,0.0035382146748795386,1.5801393267941042,531.4273351899013,0.0029733873705037285,M3,10.731112050581721,19.383311414656113,-200.77407372688248,196.71813346442949,276.7729123954752,15.714988166610786,276.7729123954752,0.0,1.150076007904141,10.735881920275144,19.22501383176237,-22.766035074453715,196.50154458841013,272.72634382380755,15.48522660263132,272.72634382380755,0.0,1.1671402245960956
RT,v2,4,2,-7736.937188928343,0.4823832259313732,-0.07538054507093646,0.08364344581873147,0.08998495260472802,-0.00033039844506247025,0.0,34.2086657020784,1.9423460628818927,34.2086657020784,0.0,9.304948896748442,0.024427048548204825,0.02914784868259427,-359.9999999999981,212.07538054513185,82.70909926600976,4.696169523913386,82.70909926600976,0.0,3.8485473667176517,0.4771510313153701,0.685914262188521,-101.91964948748428,197.24544043195743,169.88365710912186,9.64588491721945,161.53973979917353,36.388846923001196,1.8736933946467245,0.2920378077338192,5.704583624512931,0.05119353610295335,0.3239191424663013,7.622544018014868,0.04249488644483542,M2,,,,,,,,,,,,,,,,,,
RT,v2,4,2,-7741.5258975627785,0.4705526689412449,-0.08465818808173844,0.08341035492303309,0.08972168479606663,0.5004604533586205,0.0,34.14342870109601,1.9386419478744297,34.14342870109601,0.0,9.322727631439454,0.03419356861396097,0.04123368767710972,-56.534030358386524,214.29231413194492,87.6372698595513,4.975987884352804,87.6372698595513,0.0,3.6321291922251633,0.5378915164735176,0.7787774149937725,nan,197.62055412321135,188.0999999999999,10.68019716436605,188.0999999999999,0.0,1.6922375661020248,0.40994392897036697,6.448737893153159,0.06356963730928158,0.4595732656027587,8.679924109359947,0.052946691677543636,M3,0.4901611773537004,0.711998847360023,-110.65510254249072,197.68076127237717,174.7624361403962,9.922898856482526,174.7624361403962,0.0,1.8213861812276122,0.04773033911981717,0.06677856763374956,30.52403571930986,189.58465818808176,157.19590925115654,8.925482744466484,157.19590925115654,0.0,2.0249247432718978
RT,v2,5,2,-7765.43292778147,0.46911903632976637,-0.05170433712289139,0.112915466153246,0.12212710795188965,1.8259553522007579,0.0,36.709986010266185,2.0843694231300502,36.709986010266185,0.0,8.67093455428649,0.02493985179182267,0.029235633249616047,-359.9999999998848,212.05170433712567,74.3914940507882,4.223901243031272,74.3914940507882,0.0,4.278847874280839,0.6138400956014363,0.9008940790224458,-108.44071925734151,196.9527238295585,179.5891400783164,10.196956005398048,179.588589932944,0.019165879985109168,1.7724339347300178,0.22087188444118838,5.436280046600065,0.04062923222274487,0.2393869284216002,7.376692154024814,0.03245179864134465,M2,,,,,,,,,,,,,,,,,,
RT,v2,5,2,-7898.796385625891,0.4034380230709619,-0.07275873584903052,0.11261723716086591,0.12178786230550376,2.9571401916017415,0.0,36.64585186506554,2.0807279275653983,36.64585186506554,0.0,8.686109613602277,0.14445357887103893,0.22388292393397438,-87.24292726854314,214.9651712624981,205.10627611057157,11.645802597075,205.10627611057157,0.0,1.5519266022468845,1.0763739339315057,2.005346361820355,nan,196.60988155794968,219.14999999999964,12.44319621781402,219.14999999999964,0.0,1.4524749540670372,1.282695105232399,9.557808032477126,0.13420389914443165,1.8383024358565887,16.465896714649293,0.1116430199772295,M3,0.37168819394375174,0.9520928445893002,-233.99392966765927,200.17912411802203,440.30085875142726,24.999999910180396,440.30085875142726,0.0,0.7229372367940194,0.7046857399877541,1.0532535172310546,-95.65202533395781,196.48554593685338,188.1245578774217,10.681591544870052,188.1245578774217,0.0,1.692016660531876
RT,v2,6,2,-7658.5229483917665,0.5208515849584268,0.07199372933575818,0.13839751060332078,0.14837290542162332,-2.5308203448561843,0.0,32.579335156538235,1.8498337211897447,32.579335156538235,0.0,9.770300242603636,0.02507446602783215,0.029517123127230965,-359.9999999979441,211.9280062706777,76.35715913339389,4.335510443676348,76.35715913339389,0.0,4.168697340189306,0.7851006304109813,1.1551369763062374,-118.48528250718736,196.76515070848362,180.76364795909407,10.26364380836353,180.76309605963448,0.00786848314611919,1.7609175836937228,0.1811771463122726,5.6727944526492315,0.03193790076911067,0.19893876879578343,7.78536332508787,0.02555292033124711,M2,,,,,,,,,,,,,,,,,,
RT,v2,6,2,-7853.388699440233,0.42176702954010414,0.05485154736248578,0.1386688447204106,0.14869717492880866,-1.5517649479198563,0.0,32.68442247167895,1.855800511435235,32.68442247167895,0.0,9.738886665646492,0.2958417211594123,0.609358069889745,-137.76822884756135,216.5674295502705,338.24239186687544,19.2051857229399,338.24239186687544,0.0,0.9410703502506873,1.1269450901239124,1.7816602324577673,nan,196.3799251596739,247.9000000000001,14.075602748784402,247.9000000000001,0.0,1.2840253577401797,2.133440440467357,8.126880211601257,0.26251653585613766,4.0979801410584,11.981802837281663,0.34201698998980673,M3,0.3490038371628311,0.6255725207627318,-261.54750604765513,204.80157792317507,273.17745147215845,15.510840205112665,273.17745147215845,0.0,1.1652128844032064,0.7779412529610814,1.1560877116950354,-103.9131123165761,196.12908835695708,185.43699954761797,10.52899370939404,185.43699954761797,0.0,1.7165392395278298
RT,v2,7,2,-7914.580585281754,0.4054183522514893,0.12950287505905406,0.16478076015428708,0.17661246127833638,-4.804221421240062,0.0,32.459174967901916,1.8430111028700036,32.459174967901916,0.0,9.80646878728617,0.23566923477416027,0.41179626390394747,-125.42690963032348,217.1611400118559,261.2478994692215,14.833487905942413,261.2478994692215,0.0,1.2184208440737792,0.7011556248303085,1.0267468125756032,-132.7923265465087,197.33258684691276,178.54412604691439,10.137620780013133,77.69449124408789,132.15096994964568,1.782807943511686,1.4301987352983387,4.25508186862231,0.33611544488599976,2.331637648461101,5.813558143881356,0.4010689479239317,M2,,,,,,,,,,,,,,,,,,
RT,v2,7,2,-7911.754214482475,0.3983551660526018,0.1258571085614761,0.16451915556341376,0.17631594664790723,-4.58762496927115,0.0,32.416363526845565,1.8405802967489377,32.416363526845565,0.0,9.81941993339823,0.2471195700565051,0.3936007776149611,275.6896573617666,214.36315016865254,217.8853789802787,12.371391848708111,217.8853789802787,0.0,1.460905213895062,2.4728265891043937,4.760061051512476,nan,196.64678814038902,256.9499999999998,14.589455935055055,256.9499999999998,0.0,1.2388008802638293,1.5020717144469726,15.030630206166144,0.09993404759773578,2.232360629302346,26.997337121287412,0.0826881784404629,M3,0.8850959095980735,2.2082702366517797,-282.59573686088316,194.78531963227007,427.97175104234714,24.299961094690328,427.97175104234714,0.0,0.7437637774187914,1.5877306795063202,2.5517908148606963,-123.37705559342226,196.7858172374644,222.1099174990067,12.611258431953587,222.1099174990067,0.0,1.4331187448449445
RT,v2,8,2,-7660.886059219543,0.5196486415845757,0.020690150490233615,0.16284660813957275,0.1755896073360418,-1.3131170862382346,0.0,35.26723387246488,2.0024508835711528,35.26723387246488,0.0,9.02565501266356,0.23206473916772705,0.37866621178082727,-127.44990493776055,217.18526592458386,229.20124694854002,13.013899562620738,229.20124694854002,0.0,1.3887790333673762,0.7703551287293602,1.1029586540494232,-129.71468271032597,197.23296441808998,168.00204754797588,9.539048335085504,99.43035589470344,105.1111006078889,1.8946786115383019,1.4250511067987903,4.730556795319331,0.301243842629437,2.1565411388849416,6.281457489329599,0.3433185916721221,M2,,,,,,,,,,,,,,,,,,
RT,v2,8,2,-7658.786122271571,0.510232538420076,0.015410809118219009,0.16257162349956794,0.17527623739335393,-1.0268971340028517,0.0,35.22218918374615,1.999893275082458,35.22218918374615,0.0,9.037197674546587,0.23854730237579722,0.3692466344334703,-97.60689316925259,215.18630154306837,204.51278336474502,11.61210446022732,204.51278336474502,0.0,1.5564302678140685,1.887296184976044,3.456147584811567,nan,196.73479614466743,218.75,12.420484474774453,218.75,0.0,1.4551309082687576,1.4673366559351066,11.609013580288565,0.12639632521634392,2.1066554139042197,19.718289462451775,0.10683763507558722,M3,0.5739037517021952,1.4700753648576736,-274.8323409034072,194.48458919088176,440.30086033333316,24.999999999999996,440.30086033333316,0.0,0.7229372341966621,1.3133924332738487,1.9860722199538932,-122.11118865478565,196.81401899006994,193.58179372619358,10.991449890629385,193.58179372619358,0.0,1.644317267945225
RT,v2,9,2,-7335.375354096582,0.7145525333495538,0.08135250377298862,0.13169199174904647,0.14145638508312167,-2.5989890345771887,0.0,33.48134898683274,1.9010494870192522,33.48134898683274,0.0,9.507080682710033,0.028273253143951432,0.032026328200565786,-359.99999999999835,211.91864749622704,58.34530414517501,3.3128088882794957,58.34530414517501,0.0,5.455621336582133,0.9696500918376755,1.436974139624353,-120.11566711027235,196.71933751814444,184.13272616917703,10.454937904832725,184.13216435800703,0.0001940124799679194,1.7286980582220604,0.21469227375518182,7.363014857315318,0.029158201893600733,0.22640426009576511,10.158425431131777,0.022287337898048713,M2,,,,,,,,,,,,,,,,,,
RT,v2,9,2,-7814.647607332015,0.43806190413325596,0.0496920635992973,0.13118219826254623,0.14089665143252014,-0.83799809789827,0.0,33.441013940375406,1.89875928899268,33.441013940375406,0.0,9.518547695692787,0.23955154348858912,0.37393297448872387,-111.6209887693073,215.69706883103115,208.44989228455103,11.835650975491076,208.44989228455103,0.0,1.52703310467185,1.4262996362427818,2.2624017224154542,nan,197.6120372195715,235.1500000000001,13.351665939397547,235.1500000000001,0.0,1.3536461245323859,1.8260979512567244,10.87266149777583,0.16795316874624314,2.6539521747811885,16.05717168870397,0.16528142229731604,M3,1.0949222806110652,1.6686875019618694,-144.88363270294386,197.856383045895,197.23697910935158,11.198988968590237,197.23697910935158,0.0,1.6138448663184717,0.33137735563171666,0.5937142204535848,15.399032414596935,190.6583500835489,272.9696013073695,15.499038606279107,272.9696013073695,0.0,1.1661001249196503
RT,v2,10,2,-7516.303035295264,0.5986179389444359,-0.017521117187856712,0.12963824340785504,0.13964887326268607,0.9676232622159111,0.0,34.81907382952394,1.97700464423144,34.81907382952394,0.0,9.141825188752954,0.02528699148767883,0.02859132297851403,-359.99999996346224,212.0175211171879,57.489193202879505,3.264199458942509,57.489193202879505,0.0,5.536864729697533,0.890126080877757,1.3160277642801905,-120.06304529279059,196.90336868888707,183.0329089014931,10.392490986897378,183.0323444862809,0.03186507834688792,1.7390855452944944,0.19505811574539308,6.8662306544630525,0.02840832555175018,0.2047372263772756,9.42383374482858,0.021725470962348753,M2,,,,,,,,,,,,,,,,,,
RT,v2,10,2,-7950.379769573,0.3835806502250013,-0.045404737698280365,0.12951010287473422,0.13951719822194344,2.5288564696380504,0.0,34.84041472011587,1.9782163662898395,34.84041472011587,0.0,9.136225522597112,0.1986251674204755,0.3058272889578754,-120.30603594401025,216.67222685365044,202.03365321391047,11.4713410428587,202.03365321391047,0.0,1.575529032516026,1.2000942428881507,1.8637088714261656,nan,197.75682458144888,223.70000000000027,12.701542294889364,223.70000000000027,0.0,1.4229319900929382,1.5336654285001325,9.266414096272593,0.16550797455911756,2.1920400700089067,13.358273353951564,0.16409606331049295,M3,0.93828010743507,1.4069258653763745,-143.27389313149624,197.9701138715412,189.6349119494788,10.767348478828442,189.6349119494788,0.0,1.6785405330248078,0.2618141354530808,0.45678300604979105,8.74927579097915,190.84758594853173,260.53365072864466,14.792933321286586,260.53365072864466,0.0,1.2217611248817992
RT,v2,11,2,-7612.8202500250945,0.5446721305933064,0.014056375683496766,0.11073750635635744,0.118679560664014,-0.07971453693189809,0.0,32.422904774225344,1.8409517045730577,32.422904774225344,0.0,9.817438887734445,0.022193392551929782,0.024404910392934895,-359.99999999999994,211.98594362431652,44.46496353046015,2.524692064921109,44.46496353046015,0.0,7.158667429598511,0.7864949418285211,1.152677307319084,-117.36751242486513,196.80055243362824,178.93524258583295,10.159828125839262,178.93469663302608,3.4368741419618307e-07,1.7789110830478323,0.20041441497256235,7.10233567385517,0.028218099534540415,0.2056370132850934,9.712517478745593,0.021172369958159618,M2,,,,,,,,,,,,,,,,,,
RT,v2,11,2,-7815.082454404901,0.4378755544100993,-0.009999434422479088,0.11059469706221985,0.11853229017167512,1.3279299870873578,0.0,32.445735546210585,1.8422480211398682,32.445735546210585,0.0,9.810530746958728,0.157656153186838,0.24670509627620937,-108.59542845213615,216.3773775953988,209.60577988424237,11.901281530858165,209.60577988424237,0.0,1.518612160216105,1.4061482661928566,2.29058238637782,nan,197.3139455921769,251.20000000000027,14.26297462886101,251.20000000000027,0.0,1.2671571902220953,1.425530856132656,12.71442757695486,0.11211915341878684,2.081332402494682,19.324543405516565,0.10770409208739834,M3,1.0060231720872777,1.5745912081462494,-144.71305889336,197.76906378457932,209.70563449583778,11.906951211557846,209.70563449583778,0.0,1.517889049328851,0.40012509410557895,0.7159911782315709,12.95688420799492,192.2207066436839,272.38460975862716,15.465823161940692,272.38460975862716,0.0,1.168604520152075
RT,v2,12,2,-7457.134675770521,0.6342975967273881,-0.11132978650838202,0.10683732143469407,0.11540986841693396,3.3603652823426278,0.0,36.12936489110455,2.051402128975658,36.12936489110455,0.0,8.810281806591128,0.03400055766731981,0.04019285909937828,-359.9999999999213,212.1113297865085,78.3194074440684,4.446925642206109,78.3194074440684,0.0,4.064252993884189,0.7602830283742354,1.1084250157262572,-116.62080731761027,197.09742064868655,176.47690472788247,10.020245281503609,176.47636593379366,0.007494869212523069,1.803691461353579,0.3182460699195193,7.116268155777099,0.04472092154947283,0.3482618917316158,9.604248154255925,0.036261234209914776,M2,,,,,,,,,,,,,,,,,,
RT,v2,12,2,-7709.555352818868,0.4855053118492326,-0.14993110738661708,0.10715447155499348,0.11579689360223636,5.3312541729206915,0.0,36.30899384390274,2.061601345521715,36.30899384390274,0.0,8.766695313900676,0.2558601952010777,0.44268189241127437,-108.0885101415158,216.1677135889622,256.62342130440777,14.570913006513829,256.62342130440777,0.0,1.2403773769589417,2.5041413225585547,4.567052997846355,nan,196.92784596050393,263.1500000000001,14.941487952168677,263.1500000000001,0.0,1.2096138559140817,2.387769651495747,23.369452400998377,0.1021748225214613,3.8229168213431675,39.440203063946036,0.0969294406305392,M3,1.1107470032113183,2.3327625488763597,-250.03123070220968,198.93677091222452,347.341827916107,19.721845856328166,347.341827916107,0.0,0.9164167992478915,1.3933943193472365,2.234290448969995,-90.36077069628311,196.54371142762292,221.0292257182686,12.549897446880792,221.0292257182686,0.0,1.440125780422899
RT,v2,13,2,-7628.909017608511,0.5361648042118539,-0.09809910758270182,0.09958153438192845,0.10800094035755108,2.4349524240887592,0.0,37.99271178092474,2.1572017683636857,37.99271178092474,0.0,8.378182847785208,0.02958814657092476,0.03395002979260643,-359.99999999999994,212.09809910758273,64.37157615354643,3.654976741631473,64.37157615354643,0.0,4.944882589553527,0.7258186743713302,1.0638274119930204,-115.57493087828205,197.18478258677513,178.96890316771976,10.161739352055202,178.96835711208885,0.0001423112593677539,1.7785765043522017,0.2971248309696086,7.288687394467865,0.04076520433502571,0.31434939066465967,9.850168049195519,0.031913099258274395,M2,,,,,,,,,,,,,,,,,,
RT,v2,13,2,-7883.8302589863215,0.40938942282835056,-0.1412550635972258,0.09919928666298992,0.10757682118622255,4.533838735762965,0.0,37.95114434794599,2.1548415962221137,37.95114434794599,0.0,8.387359370917583,0.1815460330439149,0.2809929990812791,-90.91257211668587,215.07477298221056,204.4768912546259,11.610066529271887,204.4768912546259,0.0,1.5567034701609075,1.5163024447076083,2.8293839475340077,nan,197.14360751938,229.19999999999982,13.013828761683667,229.19999999999982,0.0,1.3887865889345155,1.8301142997195319,15.285416818156644,0.11972943371394668,2.612021771817014,26.301055527901852,0.09931243136025522,M3,0.48928531822844573,1.2533221652250652,-272.2799602105629,194.64125506359724,440.300860333332,24.999999999999932,440.300860333332,0.0,0.722937234196664,1.0270171264791625,1.5760617823089424,-116.9426828513066,197.2467477686995,200.47464906152626,11.3828217885922,200.47464906152626,0.0,1.5877812365497666
RT,v2,14,2,-7905.640509922393,0.4089803578353219,-0.16706502518357078,0.09372373019568117,0.10215712597366969,2.405191545019538,0.0,40.33204599406098,2.2900276621948503,40.33204599406098,0.0,7.892232549537974,0.15899450830321396,0.2750240661102424,-125.51624756508704,217.77334268553682,256.51514484561534,14.564765138740503,256.51514484561534,0.0,1.2409009470975554,0.4921253167883813,0.7132191045522437,-122.26798729285487,197.48618509725927,173.6920056796715,9.86212050256821,74.78996910546441,129.09923740574283,1.8326110343318176,1.6964167769598706,5.250808047875357,0.32307727905732425,2.692167222687216,6.981589367892663,0.3856095053467496,M2,,,,,,,,,,,,,,,,,,
RT,v2,14,2,-7904.278807026571,0.40127961279278757,-0.17296535656973896,0.09333637018899835,0.10170164823009346,2.6850791830420673,0.0,40.178973394096744,2.281336298302877,40.178973394096744,0.0,7.922300131007281,0.1335661587950949,0.20158812023750602,266.8705454320806,215.70727002555114,192.68499521258948,10.940530247131234,192.68499521258948,0.0,1.6519702835843504,1.0356601671182664,1.6843581921989847,nan,197.69436728809,227.95000000000027,12.942854564684982,227.95000000000027,0.0,1.3964022205913151,1.4310194249533659,11.09599789472358,0.12896716803036262,1.9821519488201982,16.561759042372962,0.11968245303828524,M3,0.8011301863368234,1.221178504246549,-132.392013518583,197.8685261949594,197.32787933637695,11.204150225086337,197.32787933637695,0.0,1.613101439362152,0.23452998078144285,0.46317968795243575,44.967582174577565,189.6729653565698,318.5587503075697,18.087561199994152,318.5587503075697,0.0,0.9992187810771522
RT,v2,15,2,-7647.000039263672,0.5267573455404043,-0.11976575972375733,0.09195463668760509,0.09947884741956219,5.735408894308572,0.0,36.81612253147686,2.0903957866221816,36.81612253147686,0.0,8.64593727684505,0.027211497894904804,0.030341332041182088,-359.9999999998512,212.11976575972378,50.9629463043248,2.89364335251031,50.9629463043248,0.0,6.24590823856623,0.6245079951486582,0.9182567036809222,-114.60989727317644,197.2203956533127,180.45963592121922,10.246382200150643,180.4590853173061,8.159215923348741e-08,1.763884120450907,0.29592306462315393,6.791479121061418,0.043572697397456644,0.30500285063833144,9.230672926959848,0.033042320213460874,M2,,,,,,,,,,,,,,,,,,
RT,v2,15,2,-7706.750178090749,0.48683975220552056,-0.1407055202948231,0.09210017017175928,0.09966614194477263,6.832650647725304,0.0,36.95635308252129,2.0983579872262337,36.95635308252129,0.0,8.613130345221675,0.09164486084746434,0.12119683452061451,-64.7494728087151,213.4230135760262,130.83241118348369,7.428580260122361,130.83241118348369,0.0,2.4329589534001816,1.3273055590466878,2.4213026908351556,nan,197.13509061574015,239.25,13.584461305553315,239.25,0.0,1.3304488450733152,0.9950563682624491,14.411542959924738,0.06904578996360607,1.2160281531492665,24.294134834444144,0.05005439219943679,M3,0.39170814639901,0.9482606589880057,-278.4334872227354,194.64070552417812,413.85545892545804,23.498447096613976,413.85545892545804,0.0,0.7691329891123253,0.9355974126476778,1.47304203184715,-116.08046311530751,197.26374871182682,212.47170000965656,12.06400663450914,212.47170000965656,0.0,1.4981283915426098
RT,v3,0,7,-10259.68536591574,0.04086591859375238,-0.018421416906616136,0.03184914354534467,0.03377138090135691,3.9372706875146615,0.0,27.43233616655244,1.5575904249758092,27.43233616655244,0.0,11.603455289086826,0.1473698151864784,0.22343661587631947,175.716013423368,217.9427360868717,194.81622891352316,11.06154032756352,194.81622891352316,0.0,1.633898202213354,0.46504906861671275,0.6322752837997982,139.1226805257637,197.82382660653812,143.79272333221763,8.164458458209587,87.64563625450599,87.93738839462458,2.213671726964722,4.627120191683119,14.6016192854482,0.3168908941691455,6.616152787147118,18.72222180214117,0.35338502326633375,M2,,,,,,,,,,,,,,,,,,
RT,v3,0,7,-10422.019905018835,0.034162048138989126,-0.02228820246282089,0.03216393777501137,0.03412684802280666,4.153381106073647,0.0,27.72971856355595,1.57447560643891,27.72971856355595,0.0,11.47901611241495,0.19854207687429073,0.3265310276894219,179.3953662697918,217.14293135743134,232.8923286537259,13.2234768106865,232.8923286537259,0.0,1.3667684462765932,0.769197222277072,1.1212409827016852,nan,196.77170272710677,193.65000000000055,10.995322599040364,193.65000000000055,0.0,1.643738116105292,6.172816222413568,23.914895858139374,0.25811595664183773,9.568156645208024,32.85509936201463,0.2912228795835034,M3,0.31201718797259675,0.5044343919289807,60.09922413906277,201.44562939984573,224.86698094775383,12.767802723433046,224.86698094775383,0.0,1.415547470963501,0.4571800343044753,0.6168065907727045,171.97562564175067,196.43868946985214,140.18659771751646,7.959704962385668,140.18659771751646,0.0,2.2706156748678805
RT,v3,1,7,-9959.162723489808,0.05483616357893932,0.0189460274833714,0.0420113602079379,0.04481132917341063,-0.5143880328178586,0.0,30.202425334540727,1.7148743084260467,30.202425334540727,0.0,10.539216061557761,0.1564699975376262,0.23277468425442402,179.31036802185176,217.89465512594305,185.9335499696927,10.55718752337494,185.9335499696927,0.0,1.711955084145252,0.5613373614100963,0.765994379854776,140.29396450936153,197.6847682577738,145.511034842343,8.26202308190942,92.15822010396428,86.15770222742698,2.187530908076286,3.7244687332942323,13.361561221339212,0.27874502624334296,5.194549872726021,17.09376610746214,0.30388562942009506,M2,,,,,,,,,,,,,,,,,,
RT,v3,1,7,-10212.811886099107,0.04192238128424926,0.0115227411885645,0.042471010618326414,0.0453361612594624,-0.09236636549200036,0.0,30.559263738023166,1.7351353637424212,30.559263738023166,0.0,10.41615036646762,0.2199869187967526,0.3556739969774282,187.16193658200407,216.7667158236922,224.89833365292054,12.769582909891403,224.89833365292054,0.0,1.415350131829032,0.9055101724835959,1.3288646926750067,nan,196.50767871427155,195.0,11.07197473179894,195.0,0.0,1.632358390686106,5.179695881826446,21.320664596873627,0.24294251514964385,7.845260540297579,29.311363286137308,0.26765252996635486,M3,0.40495397874922007,0.6583230945845066,71.64793290877535,200.93257456396935,227.46162707574746,12.915125063777177,227.46162707574746,0.0,1.3994003748060313,0.5005561937343759,0.6705415980905002,175.99638613264455,196.14147406354644,136.8572763751341,7.77066823532466,136.8572763751341,0.0,2.325852849148364
RT,v3,2,7,-9838.306763726669,0.061719767432820025,0.0008177960947404395,0.053689840999665256,0.05745891506958226,0.6385870678745875,0.0,31.759073476350018,1.8032597899256069,31.759073476350018,0.0,10.022643967268944,0.19007416127501017,0.28291217340905417,177.88918313115283,218.0725929610787,186.1748601825237,10.570888962241554,186.1748601825237,0.0,1.7097361366176043,0.6708231294835706,0.918780595167639,141.789096089965,197.5796927605578,147.2379082641322,8.360073845453343,89.57301331091625,90.18316147395602,2.1618745466878684,3.5402258180685475,12.494414529701308,0.28334467450658374,4.923729817495682,15.99021829867486,0.30792136326892555,M2,,,,,,,,,,,,,,,,,,
RT,v3,2,7,-10224.973535033829,0.04142646764519181,-0.004029483311923137,0.05421085897985763,0.05805739295535166,0.8939966437617609,0.0,32.088827318788944,1.8219830012650806,32.088827318788944,0.0,9.91964845026951,0.25514273652507014,0.41078790206403415,181.1225139980076,217.35365009205273,222.9357661403853,12.658149587285045,222.9357661403853,0.0,1.427809865122078,0.9677874293550881,1.3721973424927851,nan,196.43670451727286,191.45000000000027,10.870408012322615,191.45000000000027,0.0,1.6626267233418137,4.706487617543008,17.852279922638292,0.2636351008352026,7.075548541767035,23.635187056161083,0.2993650325235155,M3,0.38088884411334306,0.592106228996139,71.56403715938387,201.6488849264326,206.5168678096849,11.725895087585092,206.5168678096849,0.0,1.5413263311601664,0.5868985852417451,0.7800911134966461,170.52101123319295,196.14932141296276,133.20271117865755,7.563164371165173,133.20271117865755,0.0,2.3896652205288746
RT,v3,3,7,-9697.355255056455,0.07084692664441433,0.0629670925105379,0.0637011829934365,0.06790289230470103,-3.457579621355048,0.0,29.90029707116213,1.6977196597189177,29.90029707116213,0.0,10.645709821083695,0.20739592334100038,0.31363843307241535,178.6903748108927,217.79180425194446,193.61254804127478,10.993196100883091,193.61254804127478,0.0,1.6440560769642503,0.7630282411921565,1.050435392260049,141.82183911270837,197.48008071643417,149.63606033349566,8.496239379376439,89.12037461616443,93.17777710572277,2.1272271234244586,3.2557625085607844,11.978242872989906,0.27180635282511256,4.61892597542125,15.469670828547688,0.2985794608439565,M2,,,,,,,,,,,,,,,,,,
RT,v3,3,7,-10227.391923791494,0.04132855486501007,0.0555888953500325,0.06432640395242609,0.0686164448298169,-3.020417157988372,0.0,30.2216712715431,1.7159670803654317,30.2216712715431,0.0,10.532504417898062,0.30736058210668593,0.510621637702067,188.03054132414593,216.41069499339127,237.61237951861108,13.491478266629137,237.61237951861108,0.0,1.3396182759024093,1.219339138644598,1.795649228308172,nan,196.19539224747723,202.50000000000045,11.497819913791233,202.50000000000045,0.0,1.571900672512543,4.778140284882095,18.955499821603354,0.2520714478568646,7.441680182768362,26.169371391388125,0.28436602742461314,M3,0.5491940794182238,0.8978499875057825,72.88795938505001,201.20807919402517,230.09643763925655,13.0647279149682,230.09643763925655,0.0,1.383375985519752,0.6701450592263741,0.8977992408023896,176.60681904242787,195.8470363114566,136.89772603190082,7.772964940850974,136.89772603190082,0.0,2.325165621155869
RT,v3,4,7,-9585.286620133687,0.07905768575311117,0.07039039963863095,0.0699800927682675,0.07441587215928441,-2.2726491638110913,0.0,28.768867165247627,1.6334777964928304,28.768867165247627,0.0,11.064387219539336,0.22872354879287884,0.3403987206210641,182.46754807623316,217.8247353808388,186.11933607620034,10.567736339153257,186.11933607620034,0.0,1.7102461941593716,0.8633722604696572,1.1882983610446316,142.67177369821167,197.43103729700883,149.5268459427575,8.490038256429763,94.17858074313855,88.96804458038704,2.1287808498658993,3.2684087680517284,12.337398055881883,0.2649188064815261,4.574275765960967,15.968345550007438,0.2864589666873057,M2,,,,,,,,,,,,,,,,,,
RT,v3,4,7,-10247.424207775279,0.040526358983190326,0.06423110943891185,0.07071076400878269,0.07524533663021882,-1.9016832128357144,0.0,29.095452012108147,1.6520210742991284,29.095452012108147,0.0,10.940193884986739,0.34368206384099187,0.5660505776524278,189.24700653192116,216.63555073713175,233.5675732087674,13.261816762743958,233.5675732087674,0.0,1.3628171145969774,1.3328689567101648,1.9639551398587565,nan,196.2464936693163,196.0999999999999,11.134432025157802,196.0999999999999,0.0,1.6232018673319266,4.86039245451095,18.849590658426695,0.2578513529861783,7.522733009145709,26.100689129883225,0.2882197083652007,M3,0.561748446551399,0.9313091837818375,70.2305592080934,201.57465968929503,236.64335389538087,13.436457614245187,236.64335389538087,0.0,1.3451038490796334,0.7711205101587657,1.032645956076919,173.15924737564208,195.96170605768583,136.70239897908576,7.761874396270435,136.70239897908576,0.0,2.328487931162709
RT,v3,5,7,-9497.981426881099,0.08610811092231258,0.0884567699947885,0.08117361148622661,0.08630576286128325,-1.6851851360682195,0.0,28.69758367743086,1.6294303658471805,28.69758367743086,0.0,11.091870652305987,0.25483014059254205,0.3743323039157255,182.9593192207532,217.5924845319816,180.00738075570263,10.220703442381797,180.00738075570263,0.0,1.7683157482069336,0.9475756427159701,1.3030571066593186,142.7821708767924,197.4281451216824,149.11958518196522,8.46691425205671,93.9048252349798,88.73995568427955,2.1345947669809346,3.13932244638125,11.673444428140948,0.268928546814627,4.3372805187688215,15.098147139417382,0.2872723704914291,M2,,,,,,,,,,,,,,,,,,
RT,v3,5,7,-10102.297524726871,0.0467098576411069,0.08312155906527842,0.0818259190223896,0.08704627963198168,-1.36611777850449,0.0,28.95022569560812,1.6437752173417923,28.95022569560812,0.0,10.995074426382788,0.3440943217955522,0.5452295068460582,188.00633118438952,216.77498002066605,215.46349780716528,12.233878991517694,215.46349780716528,0.0,1.4773262730036552,1.334193609482559,1.896622479626663,nan,196.2408157335564,193.60000000000036,10.992483631160404,193.60000000000036,0.0,1.6441626352468495,4.205199598203101,16.305268861294312,0.2579043396325384,6.2636738658011,21.788667909131696,0.2874739241482484,M3,0.5656737542916985,0.8777332843923286,80.62929422144651,201.11386729797454,205.64937514434934,11.676639411325523,205.64937514434934,0.0,1.5478281223094539,0.7685198551908605,1.0188891952343344,172.80011082539684,195.90590457525727,132.00586675861734,7.495208313849379,132.00586675861734,0.0,2.4113313597330053
RT,v3,6,7,-9503.891120679742,0.0856116293877078,0.06988240702699197,0.0793832828540621,0.08428193518767255,-1.5133987374622675,0.0,28.02987585088187,1.591518344391925,28.02987585088187,0.0,11.356093329745379,0.27426536409627805,0.4117046536866441,182.052842644361,217.78100248951108,190.14808039906367,10.79648585373593,190.14808039906367,0.0,1.6740105159923462,0.9800608553338571,1.3479302480778814,142.0544522022157,197.49468087234786,149.1894462041939,8.470880916020063,92.54690917568946,89.9315943302166,2.1335951991411215,3.4549511463324887,12.345935064635674,0.2798452387967783,4.884850505270101,15.993109852976367,0.30543468719818834,M2,,,,,,,,,,,,,,,,,,
RT,v3,6,7,-10230.638870458846,0.04119746027379889,0.06444289233238898,0.08007825110178493,0.08506829795302093,-1.1763354872432603,0.0,28.296879990400445,1.6066786679100553,28.296879990400445,0.0,11.248939328002786,0.38277406919406326,0.6253093908499772,187.71022858662562,216.79763284034897,229.74560680138595,13.044807965368,229.74560680138595,0.0,1.3854884566257155,1.4463293217497366,2.0839574168138357,nan,196.28623921963558,196.45000000000027,11.15430480031746,196.45000000000027,0.0,1.6203099322157815,4.7800003612407975,18.06144991742331,0.26465208402951534,7.3506747624750295,24.49746223869089,0.30005862202597844,M3,0.6178632174089826,0.9803737478781479,75.66815755670007,201.30234668204375,216.10749674958635,12.270444837762778,216.10749674958635,0.0,1.4729238502661985,0.828466104340754,1.1035836689356877,173.28607182364607,195.96026705924925,134.22478187426515,7.621196888682503,134.22478187426515,0.0,2.3714688281778473
RT,v3,7,7,-9568.609476497091,0.08035834379098938,0.05309260429422475,0.07346810313821345,0.07789747238496181,-1.8453106344886547,0.0,27.403749499231875,1.5559672923694523,27.403749499231875,0.0,11.615559622332444,0.28066373852349386,0.42119101162766953,180.55041483657584,217.81764585426626,190.01655986931124,10.78901820254551,190.01655986931124,0.0,1.675169187373545,0.9536784239408876,1.3081887932979697,142.44325579688905,197.51559565613053,147.9543326084283,8.400751959490739,90.96044240786136,89.85390129902848,2.15140631958525,3.8202121265536033,12.980849963510826,0.29429599273485335,5.40699202082173,16.793725819921686,0.32196500519304916,M2,,,,,,,,,,,,,,,,,,
RT,v3,7,7,-10190.231905197461,0.042858918594785494,0.047570212189825115,0.07405126782120112,0.07855667514096268,-1.4961837544545673,0.0,27.64740381598164,1.5698018279507195,27.64740381598164,0.0,11.513192641972081,0.36726986331141004,0.5890466305943962,186.45571759130607,216.93586446336485,221.13570552895607,12.555943302128886,221.13570552895607,0.0,1.4394323405277054,1.369518879381394,1.9439527353317478,nan,196.29475612327542,195.3499999999999,11.091847506958574,195.3499999999999,0.0,1.6294337659779414,4.959670159843765,18.494198947250112,0.2681743704601607,7.498365091666705,24.745863185318175,0.30301489325761394,M3,0.6040505785804957,0.9295091225632542,81.83254358903824,200.93448111625918,201.7516812618925,11.455330856562192,201.7516812618925,0.0,1.5777310215848699,0.7654683008008982,1.0144436127684935,175.01920081501055,195.91339315199102,131.82137918484673,7.484733227925691,131.82137918484673,0.0,2.414706082974903
RT,v3,8,7,-9615.544190875615,0.07675139420232671,0.010842890896179878,0.06774873983007094,0.0721267688819863,-0.6709221300657007,0.0,29.312310368769964,1.6643341524803545,29.312310368769964,0.0,10.859256134341619,0.2700248696425419,0.40988459966624535,179.59855885161738,218.00844327259088,195.36811856848126,11.092876267637559,195.36811856848126,0.0,1.6292826512132037,0.8850568759388193,1.2123733104898233,141.84600094369196,197.6283715439402,147.30408890768362,8.36383153987968,90.12928288657534,89.80792526318824,2.16090326170971,3.985681066833493,13.06381311532496,0.3050932397492698,5.682836012478223,16.80892308476353,0.33808447952441617,M2,,,,,,,,,,,,,,,,,,
RT,v3,8,7,-10194.823316939242,0.04266680355348014,0.0038025136677643724,0.06834933910962544,0.07281075989573024,-0.2565209281900211,0.0,29.599004907196093,1.680612484199323,29.599004907196093,0.0,10.75407390153185,0.35666120561527204,0.5800609212468716,186.32930206306906,217.0186965671978,227.66028954703884,12.926404991276126,227.66028954703884,0.0,1.3981792205268277,1.2923868387959767,1.8401221000798378,nan,196.37424722391398,196.25,11.14294892879765,196.25,0.0,1.6219612034842836,5.2182100114124506,18.908549162752234,0.2759709360299177,7.966692314124405,25.272667154071907,0.31522958244004806,M3,0.5884443694057131,0.9087032134392936,81.80895917022687,200.94923906232694,203.4075772430072,11.5493515666206,203.4075772430072,0.0,1.5648870631968241,0.7039424693902635,0.9314188866405443,175.98906725190838,195.97961384381392,131.0746161664683,7.442332503463497,131.0746161664683,0.0,2.4284632333351905
RT,v3,9,7,-9881.25139027495,0.05918002544044905,0.012112128407399067,0.0578547394495181,0.06142655784812033,-1.3005342834642173,0.0,28.04258749620678,1.5922401034474996,28.04258749620678,0.0,11.350945636769335,0.24890672020129645,0.36973500251165176,182.84890847515396,217.7280359142028,185.2321673554819,10.517363469108965,185.2321673554819,0.0,1.7184374114292866,0.8390579692831005,1.149831980889746,142.0245430638752,197.654887709419,147.4951160816903,8.374677940103725,92.02642169323374,88.47655142626881,2.158104584340911,4.302270178201791,14.50283895955026,0.29665020691474375,6.01913920402046,18.71880862562334,0.32155567827009723,M2,,,,,,,,,,,,,,,,,,
RT,v3,9,7,-10335.706387860622,0.03717255873278376,0.007551194019480129,0.05832534561017164,0.06195909292323733,-1.0230093775955535,0.0,28.29102329526128,1.6063461285224003,28.29102329526128,0.0,11.251268038689407,0.31774897482593223,0.5033252638849849,185.96746942022043,217.11284589692733,215.31553840452648,12.225477951685136,215.31553840452648,0.0,1.4783414543253373,1.2186851411198814,1.7316392299374352,nan,196.53322942519108,194.30000000000018,11.032229181479673,194.30000000000018,0.0,1.638239249530573,5.447871272802512,20.894606424884156,0.26073098301169445,8.123509240339706,27.948104922756155,0.29066404547971014,M3,0.5022158108904899,0.773494135033954,76.34168977739131,201.16443896127575,202.1680447910186,11.478971710273612,202.1680447910186,0.0,1.5744816967133857,0.7164693302293914,0.9581450949034813,173.39588176938537,196.16280156803697,136.0605222189883,7.725429046174393,136.0605222189883,0.0,2.339472765446788
RT,v3,10,7,-9768.658526374025,0.06607253935496105,-0.037962647469176033,0.05216713422971374,0.055391744111347424,-0.34747660687311144,0.0,28.075809769006142,1.5941264427550248,28.075809769006142,0.0,11.33751399523956,0.2512070596284337,0.3797990463867335,179.24760787844167,217.9002896867326,193.49718593936043,10.986645914845127,193.49718593936043,0.0,1.6450362553776103,0.7757417270948459,1.0587388335047885,141.29385249377034,197.78025699962018,145.58654425542846,8.266310457877088,87.50890586191791,90.02002572296693,2.186396330867795,4.815427631547936,14.870315162012355,0.32382821608579,6.856600247561599,19.113657648629584,0.35872779420914264,M2,,,,,,,,,,,,,,,,,,
RT,v3,10,7,-10232.11510851433,0.041137995150765674,-0.04565816528784683,0.052673377394014356,0.05596560829631465,0.12005616526861225,0.0,28.379764885144095,1.6113848189882578,28.379764885144095,0.0,11.216086090636212,0.3240723688694932,0.5210183211579783,186.02624763640884,216.9815448430392,222.26378900128876,12.61999515700595,222.26378900128876,0.0,1.4321266078206965,1.1598477532696108,1.649592105497166,nan,196.5105176821515,196.4000000000001,11.151465832437502,196.4000000000001,0.0,1.6207224347443512,6.152488883432028,22.019619979815694,0.279409403480701,9.309615977001494,29.475103652286972,0.3158467595848187,M3,0.546070271719707,0.8380884674511687,82.37624833961195,200.84331330373385,200.52399121440817,11.385623404335384,200.52399121440817,0.0,1.5873905374416828,0.6137774815499037,0.8115036380459973,178.17699200635906,196.0712517860706,130.72070269456785,7.422237523883369,130.72070269456785,0.0,2.4350380591781975
RT,v3,11,7,-9862.38903859095,0.0602824122066288,-0.02997806929206,0.04963620193801209,0.05284136305036473,1.4916945805559165,0.0,29.29098331763356,1.663123216217349,29.29098331763356,0.0,10.867162864831645,0.22843488021972475,0.34107509344116316,181.09364711120946,217.74472441987695,187.6396928479899,10.65406121997671,187.6396928479899,0.0,1.6963888682212829,0.738648365753568,1.0105681889497828,140.70125444701858,197.82373178814154,146.72495686812906,8.33094879470879,89.12735397491143,89.9763497915978,2.1694324740533117,4.60218290885762,14.881242659863966,0.30926065880708453,6.454699003810216,19.124567017443876,0.3375082425616624,M2,,,,,,,,,,,,,,,,,,
RT,v3,11,7,-10212.447821180069,0.04193731786656777,-0.03515977125740515,0.05007839913304199,0.053344639607458624,1.8101377541939832,0.0,29.5764823851936,1.6793336698685128,29.5764823851936,0.0,10.762263139958153,0.2902178091467489,0.4608193032425371,185.44628271825087,217.0379902271244,216.43868867820052,12.289249702711453,216.43868867820052,0.0,1.4706699995630241,1.0645980149361356,1.502139920896554,nan,196.64111020462911,194.75,11.057779892399198,194.75,0.0,1.6344538443326864,5.7952693011558685,21.258627139973974,0.2726078811673896,8.638530630884711,28.159153983421522,0.30677521902719723,M3,0.4626266400089076,0.7027166653734352,79.44121664379078,201.1502639988834,195.6826120604449,11.110733006080311,195.6826120604449,0.0,1.6266641314327261,0.6019713749272281,0.7994232555231188,173.63035539848914,196.23810473894892,132.79169579271368,7.539827181587987,132.79169579271368,0.0,2.397061685850211
RT,v3,12,7,-9958.528210717437,0.05487021940035562,-0.06703187982048545,0.04498087884898926,0.04798905265954966,2.414036908432682,0.0,30.302834487328255,1.720575475618379,30.302834487328255,0.0,10.504294121954118,0.21215417007154871,0.3157721397959636,178.05888302137382,218.0102277992919,186.16805374945955,10.57050249734463,186.16805374945955,0.0,1.7097986457556482,0.6925391613127632,0.9416740700779389,140.99887686544386,197.8136323836026,143.84537497028907,8.167447984395817,88.73944891607141,87.11094892227224,2.2128614580033377,4.7165412393074195,15.396301251422187,0.30634248851630796,6.580086963503039,19.622685131096226,0.33533060942182286,M2,,,,,,,,,,,,,,,,,,
RT,v3,12,7,-10306.746179071612,0.03824097634151878,-0.07175902046017935,0.045525639711295585,0.04861222354988348,2.676802673016874,0.0,30.70723079991062,1.7435368384621976,30.70723079991062,0.0,10.365958697412637,0.28444258615720863,0.4560843747123226,182.64938279106087,217.19183267637843,221.01303834996418,12.548978338507249,221.01303834996418,0.0,1.4402312576679812,1.1358570249042728,1.658722742507226,nan,196.74331304830727,191.9000000000001,10.895958723242142,191.9000000000001,0.0,1.6587279113277256,6.247964618641794,24.949831174419497,0.2504211180814599,9.382092432869506,34.12151556501269,0.2749611873187033,M3,0.464819680635353,0.7554521548788063,63.82478007002454,201.3712554537839,227.34202482356037,12.908334124730604,227.34202482356037,0.0,1.4001365846496276,0.6710373442689198,0.9032705876284196,173.86912311916598,196.41897985090503,139.11891444822777,7.899082592236289,139.11891444822777,0.0,2.288041762302909
RT,v3,13,7,-9912.651587185703,0.05738941127414261,-0.11758374704529823,0.04306580030389343,0.04579958012037844,2.776113897121154,0.0,28.80973053544742,1.6357979924021036,28.80973053544742,0.0,11.048693627736052,0.20331987235393809,0.2985509665331064,178.87386591969081,217.9827505909183,179.82645316369377,10.210430489935606,179.82645316369377,0.0,1.7700948919569537,0.6630878665125556,0.899811519159387,140.77255076956317,197.88358770303512,142.9013887767124,8.113849054742237,90.33282782497594,84.75546856321651,2.2274793051952715,4.72114464190177,15.397086826054132,0.30662583742223887,6.518639816094443,19.646719834425237,0.33179278123935974,M2,,,,,,,,,,,,,,,,,,
RT,v3,13,7,-10111.94083595486,0.046271189089536764,-0.12206118285552067,0.043463674724149685,0.046251777906825116,3.03819278178578,0.0,29.103999281468276,1.6525063827626219,29.103999281468276,0.0,10.936980966271252,0.2514791937675535,0.38963754069100154,182.9634381006062,217.37716799044367,204.9619201513509,11.637606158444868,204.9619201513509,0.0,1.553019633836079,1.0206440472670555,1.4532440154688868,nan,196.80577034166615,192.00000000000045,10.90163665900206,192.00000000000045,0.0,1.6578639905405723,5.785962539145921,23.482691091923616,0.24639265220909382,8.42427163504789,31.420284392017713,0.26811570289885944,M3,0.44766057753120986,0.6861615160967638,76.14931755564756,200.77184554412213,199.91627490750017,11.35111766282673,199.91627490750017,0.0,1.5922159730670773,0.5729834697358457,0.767082499372123,177.2327174103384,196.34763603337228,136.56312783343927,7.753966670088555,136.56312783343927,0.0,2.330862592514876
RT,v3,14,7,-10037.170507904986,0.05080634962783588,-0.08133927748783379,0.039850628408836526,0.04244248611162296,2.890148446081107,0.0,29.49595951269337,1.674761632895926,29.49595951269337,0.0,10.791643718076314,0.18928437958225075,0.27760260994311015,178.9170008402649,217.92428889232943,179.2553194160874,10.178001882643423,179.2553194160874,0.0,1.7757346739871631,0.640091523544341,0.865574378933621,140.81389178646594,197.84375173234477,141.26505531367832,8.020939091893466,91.2749474480469,82.13454118210733,2.2532811492338656,4.749846793890924,16.062269256522097,0.2957145542783281,6.540677405489875,20.39405459560442,0.3207149110456733,M2,,,,,,,,,,,,,,,,,,
RT,v3,14,7,-10338.260343017406,0.0370797813120048,-0.08641894625435637,0.040320034345057404,0.04297719858726367,3.1869685307083655,0.0,29.87489669360263,1.696277442598318,29.87489669360263,0.0,10.654761067406573,0.246719899244479,0.3877020216351243,182.89139696563964,217.24897449174438,211.57467253187107,12.013073990571856,211.57467253187107,0.0,1.504480108014069,0.973907892699015,1.3897188341427231,nan,196.80009240590624,185.25,10.518375995208993,185.25,0.0,1.718271990195901,6.119039907879517,24.154441049438258,0.25332980777138797,9.021109666976296,32.3361894173011,0.2789787488735348,M3,0.4022406683484943,0.6299292459220903,71.10001669755945,201.1410272158258,209.97073754690905,11.9220035924952,209.97073754690905,0.0,1.515972606005053,0.5716672243505206,0.7597895882206329,172.9958835898627,196.46095158337602,133.16797928021404,7.561192316283357,133.16797928021404,0.0,2.3902884755350855
RT,v3,15,7,-9958.777988402499,0.054856810709830575,-0.061443090909220205,0.039602000635845486,0.042181093658972234,1.5846051059548243,0.0,29.533757872696224,1.6769077994951826,29.533757872696224,0.0,10.777832186335697,0.19234058409885682,0.2869245295728783,178.93181187547145,217.76486881694282,187.2184261649784,10.630141968337469,187.2184261649784,0.0,1.7002059717310807,0.6229812318103862,0.8457861502144454,140.1194797396746,197.83702768178898,143.12249672164933,8.126403421815784,91.5390590502494,83.99982831356651,2.224038103547433,4.8568400841032515,15.731054537848246,0.30874218078755633,6.802206976723262,20.051309173074046,0.3392400425333636,M2,,,,,,,,,,,,,,,,,,
RT,v3,15,7,-10216.143624214545,0.04178593610586012,-0.06954064166011542,0.04004389504722748,0.042684926286586745,2.0657197691264364,0.0,29.897543908926597,1.6975633369358185,29.897543908926597,0.0,10.64669014797406,0.24544962645096347,0.3872689755874737,186.4765793177172,216.86189383477569,213.46785019196346,12.12056740193262,213.46785019196346,0.0,1.4911373581433776,0.9760793673471555,1.4017503207777364,nan,196.649627108269,193.75000000000045,11.001000534800255,193.75000000000045,0.0,1.6428897351421416,6.1295142783058925,24.375235380973166,0.2514648241341896,9.072733849587754,32.839469169195226,0.2762752894342869,M3,0.47806139787012114,0.7394700682602177,82.05331963422012,200.35904985926547,204.18391809964552,11.593431701738357,204.18391809964552,0.0,1.5589371050684295,0.4980179694770344,0.6622802525175188,181.35292007079457,196.13158527224954,133.4339356119949,7.5762931459512535,133.4339356119949,0.0,2.385524227580203
