cohort,seq,bin,n_subjects,bic,rss,gas_shift_ppm,gas_a,gas_a_te,gas_phi_deg,gas_ppm_from_gas,gas_fwhm_hz,gas_fwhm_ppm,gas_wL_hz,gas_wG_hz,gas_T2s_ms,rbc_a,rbc_a_te,rbc_phi_deg,rbc_ppm_from_gas,rbc_fwhm_hz,rbc_fwhm_ppm,rbc_wL_hz,rbc_wG_hz,rbc_T2s_ms,mem_a,mem_a_te,mem_phi_deg,mem_ppm_from_gas,mem_fwhm_hz,mem_fwhm_ppm,mem_wL_hz,mem_wG_hz,mem_T2s_ms,ratio_rbc_gas,ratio_mem_gas,ratio_rbc_mem,ratio_rbc_gas_te,ratio_mem_gas_te,ratio_rbc_mem_te,model,mem1_a,mem1_a_te,mem1_phi_deg,mem1_ppm_from_gas,mem1_fwhm_hz,mem1_fwhm_ppm,mem1_wL_hz,mem1_wG_hz,mem1_T2s_ms,mem2_a,mem2_a_te,mem2_phi_deg,mem2_ppm_from_gas,mem2_fwhm_hz,mem2_fwhm_ppm,mem2_wL_hz,mem2_wG_hz,mem2_T2s_ms
ALL,v2,0,4,-9726.123724906156,0.06888045040873667,-0.20087157465890726,0.035449444747156264,0.03840616368534509,5.407888228753793,0.0,37.499886164805886,2.1292194464721406,37.499886164805886,0.0,8.488289398662989,0.10257226808801866,0.15356179410408335,-55.619883761317155,217.75735562717148,188.89606291468866,10.725397105270439,188.89606291468866,0.0,1.6851059851234134,0.37650001891715357,0.5296810515577964,-99.7899038877838,197.66106946618484,159.7901297207529,9.072780916200262,108.78957923447255,88.12154469206713,1.9920497388672553,2.89348024544861,10.620759270068856,0.2724362893341289,3.998363266953398,13.791563664035273,0.28991370118386683,M2,,,,,,,,,,,,,,,,,,
ALL,v2,0,4,-9735.397397281404,0.06688383498670437,-0.21305454947781077,0.035432468452828055,0.038388507478984674,6.044815810273454,0.0,37.5088611940748,2.1297290428684614,37.5088611940748,0.0,8.486258341377571,0.13317933493944245,0.21150415201657352,-49.11962530111039,217.05746031216796,216.5200142691882,12.293867317524091,216.5200142691882,0.0,1.4701176113357002,0.784673312940172,1.384987967079272,nan,197.56945270137226,200.20000000000027,11.367227391313595,200.20000000000027,0.0,1.5899594714475036,3.758680689061975,22.145601116806837,0.16972583716453832,5.5095695536576645,36.078192616304946,0.15271190583886693,M3,0.21234596639244402,0.5439319277745599,-266.73237072109026,194.71305454955387,440.30086033333316,24.999999999999996,440.30086033333316,0.0,0.7229372341966621,0.5723273465477279,0.8410560393047122,-100.1564106904957,197.6341722243241,180.19484273496155,10.23134741313835,180.19484273496155,0.0,1.7664761174767623
ALL,v2,1,4,-9800.768869754867,0.0640288713788876,0.07740352394713407,0.044876397290665025,0.04811884412256292,-2.3587633666961523,0.0,32.65573251517303,1.8541715141352864,32.65573251517303,0.0,9.747442842872763,0.1768295374420911,0.2621244826316173,-55.371456855891566,218.00881761727553,184.26084532126586,10.462212427984454,184.26084532126586,0.0,1.7274960701976871,0.5729394945391152,0.8082672389420937,-99.93790552838765,197.5543990132637,161.08007573020654,9.146023221954392,102.77788021954467,94.74509741683606,1.9760971972531773,3.940368392247796,12.767056384410237,0.3086356223083147,5.4474393018245255,16.797312023609006,0.3243042276149913,M2,,,,,,,,,,,,,,,,,,
ALL,v2,1,4,-9838.35715745576,0.06047402313623273,0.07228836996814804,0.04490371834669844,0.048151224514800625,-2.0506229830562632,0.0,32.685727383022126,1.855874603463024,32.685727383022126,0.0,9.738497860357535,0.22202447765580013,0.3526287770873373,-59.14284594383785,217.896504408556,216.55756477074783,12.295999410880166,216.55756477074783,0.0,1.4698626968804342,1.0274803130420311,1.6136293341809105,nan,196.86538866714506,209.30000000000018,11.883919545464206,209.30000000000018,0.0,1.5208307987758738,4.94445640206374,22.881853683227927,0.21608635692343214,7.323360530092999,33.5116988288619,0.21853146172899376,M3,0.3306910221850782,0.6121878600601839,-210.28500911553914,202.2977105954997,288.2833048364322,16.36854085512035,288.2833048364322,0.0,1.1041565045342987,0.6967892908569528,1.0014414741207265,-76.67630269347734,196.60999840585,169.78680167204212,9.640385527722094,169.78680167204212,0.0,1.8747622491802027
ALL,v2,2,4,-9687.204664497749,0.07155409031172713,-0.047517699284988765,0.05985636818112412,0.06408633034109408,1.2718791956151005,0.0,31.963582133916557,1.8148716601256625,31.963582133916557,0.0,9.958517316681851,0.2060477791588811,0.3119333194261718,-61.54265462220424,218.2797959965119,194.11349748956619,11.021639688746635,194.11349748956619,0.0,1.6398132551338949,0.6775433661920902,0.9509503401539957,-102.97265772045012,197.66028172646313,158.68135545574074,9.009825425710602,105.48626937431466,89.7370116488312,2.005969039460174,3.442370217574591,11.319486744365413,0.3041100975084516,4.867392434017256,14.838583128299636,0.32802272238070573,M2,,,,,,,,,,,,,,,,,,
ALL,v2,2,4,-9736.427457400507,0.0668164576248289,-0.050184925359413685,0.05987748082090815,0.06411118048179389,1.4270140855768836,0.0,31.979977774631877,1.8158025940729017,31.979977774631877,0.0,9.953411738650114,0.2345843516724429,0.3722551595303004,-66.13560575454525,218.3570254754051,216.15314968440902,12.273036982074517,216.15314968440902,0.0,1.4726127592798626,0.9555435995598321,1.3827234209228227,nan,196.88810041018465,198.0999999999999,11.247990740355739,198.0999999999999,0.0,1.6068141654911199,3.9177391643125077,15.958313316784919,0.24549832344699224,5.806400018418198,21.567586348148506,0.2692188140429842,M3,0.26177026542034576,0.4126546014195214,-194.485661350532,202.59496565466887,213.05400846651872,12.09706973461422,213.05400846651872,0.0,1.4940337826772823,0.6937733341394864,0.9700688195033014,-82.01259473443885,196.64598676225341,156.91821586126167,8.909715492178774,156.91821586126167,0.0,2.0285081909497524
ALL,v2,3,4,-9623.874997075487,0.07612830024239088,0.07515143898855188,0.08519681615615876,0.09109626297909523,-2.846641269594014,0.0,31.340753131399897,1.7795078294687598,31.340753131399897,0.0,10.156421093304235,0.20798477589790634,0.31499784049347296,-74.05148613800881,218.30740086806625,194.30988222948372,11.032790288121394,194.30988222948372,0.0,1.638155931811335,0.7361751694764589,1.0460479568824899,-113.01564804639372,197.6217320151928,164.44749984277567,9.337223399829346,105.03523212811244,96.6350514335657,1.9356322625039553,2.441227093706029,8.64087653377927,0.2825207702207853,3.457856888879829,11.482885495780842,0.30113135676136016,M2,,,,,,,,,,,,,,,,,,
ALL,v2,3,4,-9660.379353161954,0.07197799754966451,0.07377958118561258,0.08539781560781082,0.09132646276867219,-2.7720355149951312,0.0,31.419089833054585,1.783955737065135,31.419089833054585,0.0,10.13109825507776,0.23626024826845685,0.3775787218246565,-83.01390578165861,218.6746254851698,219.46770922289795,12.461235543393453,219.46770922289795,0.0,1.4503722999200108,1.1284527411268575,1.681016765564878,nan,196.91081215322424,210.8499999999999,11.971927549742592,210.8499999999999,0.0,1.5096508711586,2.766584210461322,13.214070325982023,0.20936654204280686,4.134384606366006,18.406677698914656,0.22461329925985443,M3,0.30013952546714506,0.4932657377126497,-221.45085718329167,203.20792988255172,232.55373847526704,13.204251877864285,232.55373847526704,0.0,1.3687584137360325,0.8283132156597124,1.1877510278522283,-92.35768534793435,196.67197622545876,168.71619633597305,9.579597244498064,168.71619633597305,0.0,1.8866587387373537
ALL,v2,4,4,-9577.114042947123,0.07969241694393789,0.03421143256672167,0.07869112921265048,0.08442333871995047,-0.9321129772668261,0.0,32.91392374604895,1.8688314463621083,32.91392374604895,0.0,9.670979632806652,0.23349598440985228,0.3648932213398262,-80.80406159593257,218.20097838917084,208.97974940944871,11.865735922662003,208.97974940944871,0.0,1.5231613928301455,0.7360735850329613,1.0343727148323403,-115.16034216094206,197.6762683391674,159.25809231950473,9.042572174338765,104.55313150117219,91.1941997492248,1.9987046281151926,2.967246584794404,9.353958856580103,0.3172182634422296,4.32218420726349,12.252212842038464,0.35276763985307863,M2,,,,,,,,,,,,,,,,,,
ALL,v2,4,4,-9587.918800061794,0.07726655674541688,0.0297663970873702,0.07870052908965745,0.08443609802736993,-0.6818935577999583,0.0,32.92875218094717,1.8696733953698272,32.92875218094717,0.0,9.666624609236399,0.28451884472635275,0.468146368194127,-77.73148783383346,217.67295182762197,233.10652620011922,13.235638809769988,233.10652620011922,0.0,1.3655125464420734,2.1617337170909616,3.5493973356640884,nan,197.17483616605944,223.0999999999999,12.667474680329962,223.0999999999999,0.0,1.426758790604172,3.615208792335085,27.467842238115896,0.1316160461748401,5.5443865731736865,42.03649172079876,0.1318946074282037,M3,0.8576032212756564,1.586401882656761,-232.70911065506863,199.183936637382,287.92169212267385,16.34800871753353,287.92169212267385,0.0,1.1055432601728716,1.3041304958153053,1.9629954530073277,-82.70939951647675,196.82777893723676,191.42363915140885,10.868911260273832,191.42363915140885,0.0,1.662855682792759
ALL,v2,5,4,-9709.951273111055,0.06997910629242775,-0.03829577853020903,0.06630240691068519,0.07119018797853623,1.9342781997004381,0.0,33.295588469231916,1.8905021241626252,33.295588469231916,0.0,9.560121950628304,0.18433549719814676,0.277753084727113,-79.5796808310717,218.48116024836003,191.91047350930864,10.896553402372488,191.91047350930864,0.0,1.6586373862933075,0.651472054389939,0.9153485498710997,-113.36639905491742,197.74812087168903,159.18790697161802,9.038587095372899,103.29599476113268,92.18332929562597,1.9995858494486198,2.7802233099389873,9.825767792525626,0.28295227087026,3.901564142671674,12.857790881899012,0.30343969492957246,M2,,,,,,,,,,,,,,,,,,
ALL,v2,5,4,-9713.43471844926,0.06833671721411669,-0.042566471501392554,0.06639058988260353,0.07129300860683194,2.1759963988084583,0.0,33.34901726752228,1.8935357770068368,33.34901726752228,0.0,9.544805582435684,0.21664607134929928,0.34049524258544406,-77.68498918992611,218.14696907284693,211.6461809182146,12.017134190811381,211.6461809182146,0.0,1.5039717929367864,50.4253994718931,83.27107884018665,nan,197.54106302257279,234.75,13.328954196357955,234.75,0.0,1.3559526567999602,3.263204495281454,759.5263057770508,0.0042963679736450445,4.775997664276083,1168.0118495126444,0.004088997612711617,M3,25.155057925414905,41.619802316533985,-216.89935673116312,197.60085828251758,235.69774393390085,13.382766488093164,235.69774393390085,0.0,1.3505003521504118,25.270341546478193,41.65127652365267,-38.29827011410878,197.48342146486362,233.91122746155867,13.281329230453599,233.91122746155867,0.0,1.3608149110161982
ALL,v2,6,4,-9581.252040760055,0.07937040094914263,-0.11835980945251781,0.0561771594645721,0.06063561659052973,4.0945298431429595,0.0,35.75003579437815,2.029864066544936,35.75003579437815,0.0,8.903764125289248,0.1826621478877278,0.27628927375861073,-79.4374583938109,218.64920787838835,193.7056790630455,10.998484020471768,193.7056790630455,0.0,1.643265637452943,0.5780396765155674,0.8035391554406623,-111.41797067454625,197.87803785744654,154.18528518960352,8.754541444279505,99.4137481358723,89.82282539907105,2.0644634524777197,3.2515376289704174,10.289585340819979,0.31600278546417127,4.556550906777824,13.251933444776114,0.34384046114976585,M2,,,,,,,,,,,,,,,,,,
ALL,v2,6,4,-9583.856725330847,0.07757427406347882,-0.125879386317844,0.056340152985433725,0.060826813088274784,4.470067675799488,0.0,35.867541191514704,2.0365359475087614,35.867541191514704,0.0,8.874594566830643,0.22297710760482967,0.3560854326323881,-78.05927915762456,218.2893493898134,219.11964411220032,12.441472630005428,219.11964411220032,0.0,1.452676173665196,1.8416678952843826,3.072673431531719,nan,197.65462173777073,213.79999999999973,12.139426654659541,213.79999999999973,0.0,1.488820795995281,3.9576943935966686,32.68837228327247,0.12107346181999794,5.854086619919079,50.515114560950416,0.11588782230426634,M3,0.6702538186872617,1.3243023560185367,-266.28308725266373,198.36460694005234,318.7707808729328,18.099600159286815,318.7707808729328,0.0,0.9985541501392319,1.1714140765971208,1.7483710755131818,-99.56399889790264,197.57166230636292,187.46247951808422,10.643999160946692,187.46247951808422,0.0,1.697992510299021
ALL,v2,7,4,-9717.39726692492,0.0694711117387366,-0.12295479838543433,0.054077882642542055,0.05880794755788022,4.101313374991497,0.0,39.25122724715555,2.2286594680646377,39.25122724715555,0.0,8.10955245244868,0.1700680299066273,0.25958609658320275,-72.15013404256378,218.2113547904635,197.955932111293,11.239810658184322,197.955932111293,0.0,1.6079835688118371,0.5305479244204593,0.7436386264862704,-110.35945592843159,197.8683672294238,158.05251778915965,8.974120426968094,101.16339157160876,92.69944908034996,2.0139501137742872,3.1448722027596174,9.810811712570404,0.32055168266354084,4.414132908272505,12.645206258122903,0.3490755957766207,M2,,,,,,,,,,,,,,,,,,
ALL,v2,7,4,-9727.549002882346,0.06739944308264086,-0.1306242371135713,0.054280121871340216,0.059048719789720344,4.46836766913587,0.0,39.41649206968275,2.2380430985214392,39.41649206968275,0.0,8.075550853715347,0.2136066158351565,0.34610102420767486,-70.96835625177715,217.79272681330755,225.90388506520603,12.826677473113708,225.90388506520603,0.0,1.409050074955161,1.4393693747282388,2.4672532507157143,nan,197.6120372195715,213.25,12.108198007980123,213.25,0.0,1.4926606620576353,3.9352641164193907,26.517430785066505,0.14840291837908992,5.861279049574361,41.78334872461084,0.14027786734388778,M3,0.4966551527326101,1.0647910441098376,-260.3887491932974,198.96929692326043,356.99292977987733,20.26982922027526,356.99292977987733,0.0,0.8916419896048398,0.9427142219956288,1.402462206605877,-98.03983982911762,197.51491830283973,185.9404883664481,10.557581481085478,185.9404883664481,0.0,1.7118912022887203
ALL,v3,0,43,-11432.627221037592,0.012969543640318052,-0.04999274261393737,0.036566316813790946,0.038672325407304295,0.6756498661744875,0.0,26.212223438032883,1.4883132080521437,26.212223438032883,0.0,12.143566795708594,0.14710002694959096,0.22188463989413929,190.35025869946662,218.0994937856985,192.41120910865672,10.924984848030407,192.41120910865672,0.0,1.6543209081131942,0.4715285741773966,0.6494148898890456,148.73413916108913,197.6760005990565,149.83599292815887,8.507591423664511,97.30939561782408,86.69858035352449,2.1243886729966754,4.022828651260614,12.89516186655037,0.3119641841562068,5.737556186684095,16.79275510456856,0.34166854402129415,M2,,,,,,,,,,,,,,,,,,
ALL,v3,0,43,-12037.866897800037,0.007029051188458717,-0.0555351840736632,0.036827885222442305,0.038966516345961585,1.0368810578631553,0.0,26.423190735604646,1.500291795682659,26.423190735604646,0.0,12.046610470660358,0.1900728244538706,0.30572468314106754,196.39609916417592,217.25011720385305,222.47880189303825,12.632203450874984,222.47880189303825,0.0,1.4307425403019987,0.773648333529446,1.1454571812492138,nan,196.538907360951,202.25,11.483625074391465,202.25,0.0,1.5738436894130565,5.161111568199506,21.007134372679033,0.24568375089330716,7.845830518353542,29.39593498888506,0.26690188698948136,M3,0.35236570478291485,0.5707343093195814,82.30389084437704,200.4950497807212,225.74453963766166,12.817629942101407,225.74453963766166,0.0,1.4100446756971572,0.42128262874653105,0.5747228719296326,187.57296357616372,196.06357262228136,145.38524459410735,8.254880792422385,145.38524459410735,0.0,2.1894236039734407
ALL,v3,1,43,-10951.28895049523,0.020771473795632885,-0.02407191426867329,0.055887996109300134,0.05918611093372083,0.5879730140019741,0.0,26.839741359358705,1.5239432725068642,26.839741359358705,0.0,11.859648046600856,0.1818485206489464,0.2771815381848955,191.98201459267318,218.06253302382513,197.30467675126664,11.202832797209139,197.30467675126664,0.0,1.6132911364542566,0.6098508353436547,0.8467203617456857,150.62864100582874,197.55757865343293,153.61077768959495,8.72192127749323,97.10337628408291,91.10661107644944,2.0721845886817087,3.2538028433387614,10.912018282977433,0.2981852448336381,4.6832193197369465,14.306065196510035,0.32735900860282796,M2,,,,,,,,,,,,,,,,,,
ALL,v3,1,43,-11797.123276005057,0.00889610023088712,-0.0291844795680716,0.05620403431021539,0.059542361453805044,0.9180129520779081,0.0,27.00928534029751,1.5335698708293413,27.00928534029751,0.0,11.785202095254123,0.23917131006936054,0.3902397882273377,198.44374748628243,217.10990801978338,229.17437299995225,13.012373677083778,229.17437299995225,0.0,1.38894188742411,0.9224972077608837,1.350159125930403,nan,196.34017960935458,204.8499999999999,11.63125140414878,204.8499999999999,0.0,1.5538681287956593,4.255411786799259,16.413362832091483,0.25926507750618044,6.5539857455955755,22.675605954558954,0.2890324412379326,M3,0.41555407987598164,0.6638592890974624,88.13833179147551,200.82398062770883,219.28623224090833,12.450931396937083,219.28623224090833,0.0,1.4515725995697475,0.506943127884902,0.6862998368329408,185.80685546109285,195.89896659694563,141.79572090109707,8.051069943046983,141.79572090109707,0.0,2.2448483223680125
ALL,v3,2,43,-10275.709594994903,0.040230167304105224,0.023033038679286476,0.08685838025612237,0.0919048080915742,-0.345286620859372,0.0,26.435808097326582,1.5010082013758244,26.435808097326582,0.0,12.040860828308894,0.24670430080485994,0.37227752873539144,195.01292323656648,217.88712265321786,192.60049512602356,10.935732386498962,192.60049512602356,0.0,1.6526950565496323,0.8680109246265953,1.2110372764308364,151.00773412134762,197.44734074581095,155.89143543195985,8.851415559007823,99.88136243280871,91.34731779135853,2.041868979535568,2.8403051044400582,9.993404459846717,0.28421796754572903,4.0506861008235076,13.177082914140417,0.30740385616582017,M2,,,,,,,,,,,,,,,,,,
ALL,v3,2,43,-11321.153337077758,0.014172975465329342,0.01859935033483975,0.08732311311915453,0.09242784479322014,-0.0567878093964283,0.0,26.594370135767758,1.5100112520580973,26.594370135767758,0.0,11.96907031671654,0.33433926855284896,0.5461387112953066,200.02668731628592,216.99502655073263,229.70586804900867,13.042551624536234,229.70586804900867,0.0,1.385728143940485,1.265634396801525,1.8505575722827998,nan,196.25501057295614,204.25,11.597183789589403,204.25,0.0,1.5584327352939569,3.8287602973640533,14.493693039488134,0.26416733726404845,5.908811489839775,20.02164581921036,0.29512116752012424,M3,0.5377857538854127,0.8650472208042836,86.3274536874281,201.19954743430716,222.50040893895587,12.633430285061797,222.50040893895587,0.0,1.4306036006932492,0.7278486429161123,0.9855103514785162,182.0428170649344,195.884434385049,141.86627482988348,8.055075949799559,141.86627482988348,0.0,2.2437318986875954
ALL,v3,3,43,-10151.399847019635,0.04543355590677722,0.051650884538375116,0.09372018414234151,0.09914493114548725,-1.0786388385335317,0.0,26.339746184945202,1.4955538677010811,26.339746184945202,0.0,12.084774239993417,0.2865751261803107,0.43568266913494774,194.6160571991338,217.86199261161846,196.09453995361622,11.134122007231674,196.09453995361622,0.0,1.6232470636820537,0.9748703785275031,1.3599454783826987,150.31587755942718,197.42085599724516,155.8292467571454,8.847884526001927,98.62524945808649,92.3234450053211,2.042683853050165,3.0577738275147066,10.401925555832,0.2939622871844452,4.394401852936065,13.716742375735654,0.32036774713430344,M2,,,,,,,,,,,,,,,,,,
ALL,v3,3,43,-11183.535237912169,0.01621590724926441,0.047371184613787885,0.09421525339926135,0.09970201850393129,-0.7979252969479389,0.0,26.496409074018445,1.5044490859022583,26.496409074018445,0.0,12.013321703125253,0.3814430315850041,0.624783067153077,199.39568718465313,217.0077998292695,230.98202989120722,13.115011274128584,230.98202989120722,0.0,1.3780720791730638,1.4596806971475433,2.1430316177973237,nan,196.22662089415664,206.5,11.724937344187083,206.5,0.0,1.541452233335548,4.048633504901178,15.493040080906765,0.2613195011281622,6.266503692986332,21.49436540959121,0.2915416935356507,M3,0.6262240431079173,1.0086698309113777,84.66562357288392,201.0216667083253,223.1350145707254,12.669462785162358,223.1350145707254,0.0,1.4265349021809324,0.8334566540396261,1.134361786885946,183.04554339266343,195.8261355120983,144.28976532289371,8.192680183139888,144.28976532289371,0.0,2.2060461840205523
ALL,v3,4,43,-10449.438235878457,0.03394115396035532,0.030569526218343784,0.07888609886665503,0.08350940211459293,-0.7002145756314895,0.0,26.66041904538806,1.5137614667164505,26.66041904538806,0.0,11.939417967957805,0.27478084591226953,0.4174103461061546,193.73040828114358,217.9038214384152,195.71186237865112,11.112393820357624,195.71186237865112,0.0,1.6264210166675772,0.8969820405884852,1.2475055273663236,149.87541792166218,197.4930331473889,154.41091721780418,8.767352685894492,97.97397181834513,91.27881520769682,2.06144676761941,3.483260674060519,11.370597018680023,0.3063392949673701,4.998363484070661,14.93850387833548,0.3345959893158727,M2,,,,,,,,,,,,,,,,,,
ALL,v3,4,43,-11446.702469762247,0.01253457098457952,0.026150980803460774,0.07930762576118046,0.08398441414470666,-0.4136648928211378,0.0,26.820860414930266,1.5228712246113556,26.820860414930266,0.0,11.867996822600006,0.3516730709719631,0.5699340204668922,198.06597625649079,217.1605672258384,226.00874097071662,12.832631124069058,226.00874097071662,0.0,1.4083963514713498,1.3321937297391626,1.9398056753731547,nan,196.32598476995483,204.8499999999999,11.63125140414878,204.8499999999999,0.0,1.5538681287956593,4.434290745646054,16.79780118182841,0.2639804280123876,6.786187964410702,23.097210299411444,0.29380985307059465,M3,0.5768092174540306,0.9129833965736822,86.31315767574814,200.85317363098588,214.9556625837831,12.205044433767926,214.9556625837831,0.0,1.4808164733028297,0.7553845122851321,1.0268222787994725,183.5089069059645,195.88685334583533,143.7062589713206,8.159549067342649,143.7062589713206,0.0,2.2150036363225882
ALL,v3,5,43,-10679.855887821403,0.027090163030011792,-0.0014424508351876207,0.06377199953541417,0.06750791112409851,-0.18237541066868054,0.0,26.64936128360253,1.5131336141057856,26.64936128360253,0.0,11.944372054411982,0.2528973472112447,0.3855529364551086,193.49712995664223,217.86509275646154,197.39652354357122,11.208047799073718,197.39652354357122,0.0,1.6125404868821327,0.7914196110711579,1.096964863556828,149.46308675563353,197.5896179481743,152.8234417623715,8.677216849330893,97.18219617733774,90.16136651520206,2.0828603420588947,3.9656487024654847,12.410142646251243,0.31954900241726036,5.711225988704553,16.249426849251762,0.35147245756348244,M2,,,,,,,,,,,,,,,,,,
ALL,v3,5,43,-11617.073185142153,0.010609897178823801,-0.006516498729454819,0.06413087568776266,0.06791241083130685,0.14877819302674103,0.0,26.81895180156308,1.5227628547704621,26.81895180156308,0.0,11.868841427472892,0.31910829174284056,0.5161858113259908,198.49833959487654,217.09206549529662,225.12760781474796,12.782600949514006,225.12760781474796,0.0,1.4139087128119805,1.1758494701915432,1.7048551873449656,nan,196.41399277423326,203.69999999999982,11.56595514290996,203.69999999999982,0.0,1.5626405801855225,4.975891695234286,18.335153817584885,0.27138532595576076,7.600758167872831,25.103735333145423,0.30277399227664975,M3,0.5305042013850372,0.8313447308789579,89.08264118525324,200.69320069476308,210.27956914407292,11.939538852188429,210.27956914407292,0.0,1.5137461403380605,0.645345268806506,0.8735104564660078,184.90922891418228,195.92976888339595,141.71091825966556,8.046254903543806,141.71091825966556,0.0,2.246191684401706
ALL,v3,6,43,-10967.765284442852,0.020439288096488296,-0.03229609005214709,0.05285937877102066,0.05600481613492131,0.5377287128611413,0.0,27.057525882405816,1.536308937820477,27.057525882405816,0.0,11.764190398160979,0.2250670256222382,0.33992584367496054,192.89765539501627,217.9308546679281,193.01245978553288,10.95912347521938,193.01245978553288,0.0,1.6491675539365849,0.6999135916569915,0.9656331365829312,149.45211144674883,197.65462979743768,150.64815789028643,8.553705628478506,96.0075944679501,88.70432425483021,2.112935801150708,4.257844697668443,13.241048380249,0.3215640163372301,6.069582352632755,17.24196601693366,0.35202379744117945,M2,,,,,,,,,,,,,,,,,,
ALL,v3,6,43,-11759.966626016938,0.009225485384844875,-0.03749170424493397,0.05318404402526095,0.05637120881171086,0.8698231004798864,0.0,27.24363717575426,1.546876217498715,27.24363717575426,0.0,11.683824892040247,0.2795572140561613,0.4463204485169403,197.47322450378465,217.24356606602652,218.99262147698175,12.43426036637719,218.99262147698175,0.0,1.4535187717146358,1.0756082714685467,1.561445194545067,nan,196.51903458579133,202.69999999999982,11.50917578531099,202.69999999999982,0.0,1.5703497098361665,5.256411376377835,20.224266341191775,0.25990615865614064,7.917524884160712,27.699338500271505,0.2858380493123728,M3,0.4892862577433755,0.7652893244753293,87.74803729881472,200.53665075902154,209.38529725138136,11.888762668602586,209.38529725138136,0.0,1.520211258203282,0.5863220137251712,0.7961558700697376,187.1229530312264,195.99746543623655,143.2047311063537,8.131072637351846,143.2047311063537,0.0,2.22276096414295
ALL,v3,7,43,-11118.860456031487,0.017630252211857163,-0.05827213117291468,0.04640775273362116,0.04921461887684242,1.3884333864136322,0.0,27.48895199420469,1.560805035299838,27.48895199420469,0.0,11.579556988964068,0.2050327527823634,0.30961339471827104,193.55734378529834,217.85658484899483,192.93074394642892,10.954483702369396,192.93074394642892,0.0,1.6498660590464307,0.6405714777147017,0.8796219654605926,149.18267418712807,197.69980585415567,148.45014352338183,8.428903784732357,98.64045264169467,83.98947074343909,2.1442208045669884,4.4180711347787955,13.803113488204417,0.3200778678342608,6.291085896511074,17.87318454424712,0.35198461029352485,M2,,,,,,,,,,,,,,,,,,
ALL,v3,7,43,-11882.2799835866,0.008184887088304733,-0.06363001065490528,0.04673370322069583,0.049582839721048586,1.72615001958097,0.0,27.701947554425843,1.5728987863806276,27.701947554425843,0.0,11.490523745971624,0.25894181916300574,0.4155729048959336,197.72298798608387,217.17045148864804,221.4381994044288,12.57311871005585,221.4381994044288,0.0,1.437466015528956,1.002152372131096,1.4638490303524982,nan,196.649627108269,196.95000000000027,11.182694479116945,196.95000000000027,0.0,1.6161964264218849,5.540793930670882,21.44388959288159,0.25838567703268617,8.381385722034741,29.523299564689406,0.283890549010961,M3,0.43491617566386104,0.6934524660762218,82.45564338894164,200.6423216593758,218.38369798011115,12.39968608139796,218.38369798011115,0.0,1.457571646271784,0.567236196467235,0.7703965642762765,184.69628326666808,196.2070001852666,143.30012031981434,8.136488775614012,143.30012031981434,0.0,2.2212813602207246
EBV,v3,0,9,-10027.948926565261,0.05126685352180237,-0.02272430877697162,0.05776599916359261,0.06078924997862141,-0.8637490293474801,0.0,23.879144684739092,1.355842495212319,23.879144684739092,0.0,13.330037167839563,0.12129033302491483,0.18016063149772635,187.39686966164956,217.96630175466427,185.21035430191407,10.516124937940111,185.21035430191407,0.0,1.718639799505535,0.4341868722033723,0.6029169747827471,150.22347745601647,197.361972056785,153.68023669934965,8.725865115446561,94.36952581877351,93.42129220693656,2.0712480213478073,2.0996838067566714,7.516305066822446,0.279350530358971,2.963692290348802,9.918151235535612,0.29881499283154994,M2,,,,,,,,,,,,,,,,,,
EBV,v3,0,9,-10244.708745187,0.040634181038188624,-0.02686251327198835,0.058069027640403975,0.06112728161694711,-0.5735144084203483,0.0,24.02576785292916,1.3641676645112766,24.02576785292916,0.0,13.248687331546956,0.17418695461941672,0.281080386117558,197.82110457389956,216.65998931103988,223.9925725107684,12.718154374101896,223.9925725107684,0.0,1.4210733981747898,0.680709795548947,1.0132387187843277,nan,195.97395275284126,207.0999999999999,11.75900495874646,207.0999999999999,0.0,1.5369864132486277,2.9996533728458505,11.722424555897238,0.25589018368532007,4.598280484300654,16.575883827678908,0.27740786145124324,M3,0.32245508083948976,0.5327127154081264,86.91273500195493,200.90182179414168,234.99622475755712,13.34293467991701,234.99622475755712,0.0,1.3545319143411232,0.35825471470945724,0.4805260033762014,186.5650557699329,195.5959756866016,137.45234908149735,7.804456081316646,137.45234908149735,0.0,2.315783530153133
EBV,v3,1,9,-9857.082341998917,0.06059624043205006,-0.05989494312358067,0.0924747203073797,0.09760281449227402,1.9579490063527922,0.0,25.26398267906046,1.434472706908531,25.26398267906046,0.0,12.599354987985144,0.13880720455580836,0.208717929834007,188.4561228204497,218.06131961241857,190.93807739694267,10.841341375780614,190.93807739694267,0.0,1.6670843789950482,0.5450679187792462,0.7573048975913935,151.6707011257164,197.22708542331156,153.93818800130674,8.740511424663502,98.02710771743637,90.70585226193496,2.067777270322869,1.5010286497155398,5.894237008422166,0.2546603822633443,2.138441713179578,7.759047743969922,0.2756062062952899,M2,,,,,,,,,,,,,,,,,,
EBV,v3,1,9,-10237.808565557742,0.04090945677749845,-0.06324640980969781,0.09286880269194991,0.09804438011317525,2.1840767074387233,0.0,25.386365450157637,1.44142152203261,25.386365450157637,0.0,12.538615927858793,0.21281873753165229,0.35390697012997063,198.76817992325357,216.52780169756562,238.07392344317742,13.517684434169722,238.07392344317742,0.0,1.3370212141682274,0.7833723840105002,1.1454312064733772,nan,195.95691894556154,198.80000000000018,11.287736290675033,198.80000000000018,0.0,1.6011563691337547,2.2916063453254782,8.435258787700564,0.27166995145031775,3.6096609486586213,11.68278289027046,0.30897269790614557,M3,0.34474293978412346,0.5638141618247933,87.76699154956492,201.52082265055466,230.27176579028333,13.074682934752516,230.27176579028333,0.0,1.3823226876789003,0.43862944422637684,0.5816170446485839,180.5029788178351,195.6752879767932,132.0785989746681,7.499338002353491,132.0785989746681,0.0,2.4100035028751376
EBV,v3,2,9,-9141.245794592356,0.12207797771806586,0.005086603744453528,0.1634978656419416,0.1726592908928622,-0.14350998794036537,0.0,25.521103549746357,1.4490718647713636,25.521103549746357,0.0,12.472418583441476,0.21636947613050408,0.31584315002505675,195.94030597154432,217.60606779377093,177.0637340046106,10.0535650708565,177.0637340046106,0.0,1.7977136197494972,0.9186414662912025,1.2841720455501597,151.3319149199413,197.14382839969008,156.80205048579654,8.903119696784621,100.10511540067154,92.18140818183005,2.030010992825785,1.3233779858897405,5.618675587502875,0.23553201555776124,1.8292855738706955,7.437607550160789,0.24595080629538585,M2,,,,,,,,,,,,,,,,,,
EBV,v3,2,9,-9754.759890006564,0.06562860290687594,0.002197734175833961,0.164140460642166,0.17337965114479312,0.04715841944837515,0.0,25.633858737130293,1.4554740318769748,25.633858737130293,0.0,12.417556383063122,0.33011014295641306,0.5402682788909908,199.53344803599123,216.6537111454315,230.6058994137142,13.093654827243137,230.6058994137142,0.0,1.3803197879718279,1.2059102145721001,1.7104823180230184,nan,195.92001236312223,197.75,11.228117965196105,197.75,0.0,1.6096580843680945,2.011144246000801,7.346818754219544,0.27374354986581473,3.116099699841944,9.865530970497556,0.31585727206781933,M3,0.487055287318827,0.7603505111533772,89.46230746740083,201.8725085587586,208.49385683449083,11.838147254393785,208.49385683449083,0.0,1.5267111032267746,0.718854927253273,0.9501318068696413,175.33368011447547,195.6724276497242,130.5731269048055,7.413858265343501,130.5731269048055,0.0,2.4377901772686728
EBV,v3,3,9,-8958.965865302873,0.1459138088988297,0.0345800089611813,0.17540845951039166,0.1852436754183525,-0.7694614964608703,0.0,25.53725985438212,1.4499892093697555,25.53725985438212,0.0,12.46452783105348,0.2785376932165808,0.4170035698088245,195.25296170335332,217.6563926585094,188.89884332766653,10.725554975333182,188.89884332766653,0.0,1.6850811819511569,1.085525511842539,1.5172903517851224,150.7330315898053,197.15285445618397,156.74976937947983,8.900151209153394,95.80866738747623,95.64748066944635,2.030688066999228,1.5879376285160265,6.188558492974107,0.2565924892394275,2.2511082705904415,8.190780863953865,0.27483439100381246,M2,,,,,,,,,,,,,,,,,,
EBV,v3,3,9,-9582.610296829533,0.07766894115942061,0.031574191915080624,0.1762092246778882,0.18614184832837388,-0.5705099709444253,0.0,25.669325079068745,1.4574877879886254,25.669325079068745,0.0,12.400399511997556,0.4423079997391659,0.7491939651208931,199.54285999544513,216.49407199776837,246.68615672749502,14.006681507545734,246.68615672749502,0.0,1.2903435296347647,1.6239549148288528,2.399222582322392,nan,195.89730062008263,205.70000000000027,11.679513858107923,205.70000000000027,0.0,1.5474471861146828,2.5101296515418436,9.216060724388607,0.27236470403230395,4.024855086854171,12.889216497355877,0.31226530236960787,M3,0.67156711601944,1.11602928187239,77.47590572448608,201.99041076374965,237.75802148560277,13.499747723954377,237.75802148560277,0.0,1.3387976741851617,0.9523877988094128,1.2831933004500018,179.0724716273355,195.630789902619,139.5576859297568,7.923995755090255,139.5576859297568,0.0,2.2808481242946717
EBV,v3,4,9,-9271.720219825245,0.10744662622795194,0.030576110433049038,0.1416059550329594,0.14950321056006569,-0.6323673954679072,0.0,25.403765377839008,1.442409478748627,25.403765377839008,0.0,12.530027791134795,0.2775023568252725,0.4200452583102047,192.3373038454355,217.7222789999635,194.0440645163401,11.017697329130671,194.0440645163401,0.0,1.640400014178153,0.9797698158303065,1.364835127562944,150.47673862717687,197.23596635885505,155.16261267672317,8.810033471161974,93.90732040073267,95.42769816077694,2.051459953481063,1.9596799919938583,6.918987380172402,0.2832321963196049,2.8096069424639127,9.129135905844619,0.30776263727930236,M2,,,,,,,,,,,,,,,,,,
EBV,v3,4,9,-9817.353147309112,0.061729736771768996,0.0275571057215132,0.14217545228197512,0.15014189298810965,-0.43015826790449596,0.0,25.520460422832965,1.4490353484383667,25.520460422832965,0.0,12.47273289391759,0.3911305673860242,0.6490479841501967,196.91232104424924,216.75357695002975,237.07777118412085,13.461123548829727,237.07777118412085,0.0,1.3426391035901162,1.4095762989027707,2.035936457583162,nan,195.98814759224098,203.35000000000036,11.546082367750351,203.35000000000036,0.0,1.5653301508915178,2.7510414850680336,9.914343694909952,0.27748094777876475,4.32289730223128,13.560082513042486,0.3187957962699261,M3,0.5846417709526223,0.929638688971643,83.5373394251322,201.48326299103257,217.10452261907784,12.327055326142059,217.10452261907784,0.0,1.466159628292421,0.8249345279501484,1.1062977686115187,179.65822085462392,195.67675007749833,137.3742862347801,7.800023723027693,137.3742862347801,0.0,2.3170994726027683
EBV,v3,5,9,-9447.155162589403,0.09049872546519369,0.012988697316634096,0.11385162499997134,0.120129884163954,-0.4543569845088921,0.0,25.12656787109853,1.4266703823878668,25.12656787109853,0.0,12.668259661118382,0.24044704906733444,0.36534970620294666,192.91915273405363,217.64934730290247,195.83318226483183,11.119282285558945,195.83318226483183,0.0,1.625413438634365,0.8481375135028102,1.181044106817473,150.06532640928708,197.30002953449434,154.99415434468494,8.80046851528665,96.17130445575239,93.41146797646455,2.0536896215835005,2.1119333963603504,7.449498533754118,0.28350007544683115,3.0412890909335695,9.831393037935314,0.3093446756933104,M2,,,,,,,,,,,,,,,,,,
EBV,v3,5,9,-9986.595761442173,0.05230889041639212,0.009555621156927459,0.1142875722192184,0.12061822909926771,-0.21902049047537295,0.0,25.23663332688043,1.4329198282610007,25.23663332688043,0.0,12.613009114997427,0.3337672205668747,0.5524980045157392,198.48682487230218,216.59956624389463,235.92661413020386,13.3957615908128,235.92661413020386,0.0,1.3491902444211779,1.1337465132191906,1.6042449990833831,nan,196.0591217892397,198.75,11.284897322795073,198.75,0.0,1.6015591757675005,2.920415703001074,9.920120720077225,0.2943931616770022,4.580551452641858,13.300186970603788,0.3443975233405245,M3,0.4777700431927748,0.7365084292192092,91.30073453267619,201.43251550016703,202.5907355709611,11.502971821221754,202.5907355709611,0.0,1.5711966555958174,0.6559764700264158,0.8677365698641739,176.70265316214383,195.7536346013015,130.95795717962275,7.43570868113226,130.95795717962275,0.0,2.4306265387691934
EBV,v3,6,9,-9659.032122496777,0.07355399479760762,0.00782264306432129,0.0942919777577033,0.09939765618507199,-0.34056453637712164,0.0,24.68419171317932,1.401552548324114,24.68419171317932,0.0,12.89529306377245,0.20251706813643497,0.3014975540437123,192.75405065415356,217.6103139787153,186.27575681425418,10.57661780817511,186.27575681425418,0.0,1.7088100546610314,0.7380067311097017,1.0258656876327674,150.84593125669716,197.3072161274529,154.16457577626142,8.753365577093689,96.96939602734892,91.83489598649751,2.064740778359828,2.1477656207066893,7.826824175924227,0.27441086862706626,3.0332461107769326,10.320823719652624,0.2938957386706557,M2,,,,,,,,,,,,,,,,,,
EBV,v3,6,9,-10100.022813875836,0.04681393763333597,0.004002056311080941,0.09470004487131506,0.09985393632215482,-0.07689618046089021,0.0,24.80664186900879,1.408505189510005,24.80664186900879,0.0,12.831639520763135,0.2830561801088646,0.45914730883932775,199.34503243431604,216.56798436118987,226.43334128942396,12.856739657401578,226.43334128942396,0.0,1.4057553731759467,1.024762493516238,1.4696429707687644,nan,196.0364100462001,200.75,11.39845603799301,200.75,0.0,1.5856034181010743,2.98897619841153,10.821140527533602,0.2762163739400942,4.59818937290563,14.717927253536738,0.312420987935015,M3,0.45367707532676327,0.711464506644655,91.99379130008852,201.12680546319808,210.61810301848584,11.958760588103084,210.61810301848584,0.0,1.511313043000168,0.5710854181894747,0.7581784641241095,180.69103517526003,195.68990842993585,132.65096695679532,7.531836688688892,132.65096695679532,0.0,2.399604718203561
EBV,v3,7,9,-9676.491990840355,0.0723080698924957,-0.012166008865371964,0.08314999841394222,0.08774432521999756,0.3407453927032747,0.0,25.17503707192788,1.4294224324742926,25.17503707192788,0.0,12.643869610771336,0.18056173228494118,0.2707631228378867,196.1335448449596,217.32934385159808,189.66196234874812,10.76888438312175,189.66196234874812,0.0,1.6783011324035881,0.6645313041011102,0.9198419123628528,150.44878759301136,197.36971529574336,152.18949638851052,8.641221838250228,99.37728878505838,87.60279971377473,2.0915364971785357,2.1715181687203184,7.991958109161967,0.271712906781993,3.0858191929679104,10.483206863310794,0.2943583230974563,M2,,,,,,,,,,,,,,,,,,
EBV,v3,7,9,-10071.955749128421,0.04811739973837853,-0.016502306009052555,0.0836522080839672,0.08830625389598735,0.6307747715731435,0.0,25.34453850631012,1.43904661503062,25.34453850631012,0.0,12.55930882720709,0.29243541342091134,0.4951570319674446,202.70574937654922,215.99131328897772,246.5174857405628,13.997104477262138,246.5174857405628,0.0,1.291226402165982,1.0343665211017463,1.554913451613718,nan,196.20390915111707,198.30000000000018,11.259346611875548,198.30000000000018,0.0,1.605193576317652,3.4958481087238575,12.365083298978611,0.28271933348096606,5.607270268204012,17.608191753272568,0.31844668361030737,M3,0.4396069411005012,0.7553102710665058,76.1658887614106,201.9014721777981,253.35950656936535,14.385590024600312,253.35950656936535,0.0,1.256356591840153,0.5947595800012451,0.7996031805472122,179.32666871429166,195.94278330334524,138.53891221914566,7.866150438263037,138.53891221914566,0.0,2.2976207989873423
HC,v2,0,1,-9180.869992728563,0.11743544415162725,-0.19003083658670034,0.01165057949983694,0.012315106590032024,15.724119188886378,0.0,25.966019235689796,1.4743338916049367,25.966019235689796,0.0,12.2587094808233,0.2289699795238015,0.3424355049955765,-43.828797961513075,217.91276461534193,188.40782395085682,10.697675210549281,188.40782395085682,0.0,1.6894727591929342,0.34922943806992474,0.4744038375933292,-84.02178930465716,198.05352112798752,143.39383616469564,8.141809901083217,115.06770803512082,61.93708522500129,2.219829629344698,19.65309790186884,29.97528475513278,0.6556434096427913,27.80613407542468,38.52210568581815,0.7218227970767824,M2,,,,,,,,,,,,,,,,,,
HC,v2,0,1,-9168.902474839817,0.11642620326709277,-0.18961277946358615,0.011529457510213099,0.012179141012857414,15.704748733523154,0.0,25.661137778041866,1.4570229182958498,25.661137778041866,0.0,12.404355915043142,0.2364624340136217,0.35578501978786514,-41.56072717217028,217.6979201079295,191.23745152672964,10.858339646551668,191.23745152672964,0.0,1.6644746290153312,0.37628219737646096,0.5042116772426222,nan,197.69436728809,162.45000000000027,9.223806641952518,162.45000000000027,0.0,1.9594329712760243,20.50941545204161,32.636591708078214,0.6284178089271838,29.212652962328455,41.39960911121156,0.7056262991240969,M3,0.24660359406902174,0.3398408180829989,-99.30884931428858,199.3009382517435,150.1182942943685,8.523620313887205,150.1182942943685,0.0,2.1203937047113897,0.12967860330743922,0.1643708591596233,-60.92578311145098,196.4044766170231,110.97130091311033,6.3008791777682776,110.97130091311033,0.0,2.868398257609189
HC,v2,1,1,-8990.47604468322,0.14148365800913734,0.2638817465673262,0.018235712015890054,0.019149291723135915,-12.217490097305534,0.0,22.8826700129181,1.2992633034826797,22.8826700129181,0.0,13.910522067752284,0.4202445867509639,0.6106510816060595,-47.31145903584554,217.83553101403896,174.9247842589789,9.932116878363052,174.9247842589789,0.0,1.8196957482738862,0.6880370457381612,0.9408435425158346,-81.87742640489938,197.4366904831548,146.4853560251545,8.317344412764523,106.3914283772109,74.6857290489598,2.172980936941782,23.0451427607968,37.7301991355548,0.6107877320764089,31.88896437711475,49.13202828171029,0.64904636532145,M2,,,,,,,,,,,,,,,,,,
HC,v2,1,1,-9002.634861142638,0.13699522776037232,0.2634223034876912,0.01813784996434056,0.019040860249831492,-12.1952817452347,0.0,22.743380130619563,1.2913545134457327,22.743380130619563,0.0,13.995715867899863,0.433595915309373,0.6359301485800043,-47.338669012646086,217.7897025839193,179.27198670141723,10.178948240397371,179.27198670141723,0.0,1.7755695802821954,0.7851234781556242,1.0561490666940114,nan,196.76034685558696,169.9000000000001,9.646812856064825,169.9000000000001,0.0,1.8735131617645118,23.905585069996324,43.286468886841355,0.5522646148959353,33.39818370788327,55.467507919100356,0.6021215836232393,M3,0.2116885479107065,0.29302818497688116,-134.32388843730573,200.9276986945188,152.20488921052194,8.642095832795672,152.20488921052194,0.0,2.0913249753989236,0.5734349302449178,0.7631208817171302,-66.23084884836248,196.47561878994557,133.77065599308276,7.595411912879901,133.77065599308276,0.0,2.379519512861254
HC,v2,2,1,-9060.56306134512,0.13210617100992444,-0.06497569885801455,0.01520993844460403,0.015972134823173924,0.13714893790047086,0.0,22.88862058808342,1.299601173317911,22.88862058808342,0.0,13.906905615339415,0.5240997101364682,0.7754963992591498,-46.43399473189808,217.99323188879222,183.4126779695236,10.41405403061611,183.4126779695236,0.0,1.7354846442876868,0.7595395365704868,1.040764562628785,-80.83126083471187,197.817981054064,147.45167238034276,8.372211234649491,106.36465938381659,75.86763726530366,2.158740426915806,34.45771408249196,49.93705525744226,0.6900229479862378,48.55308372015395,65.16126830577105,0.7451218336070021,M2,,,,,,,,,,,,,,,,,,
HC,v2,2,1,-9060.887674748612,0.12940502989438013,-0.06428309014779561,0.015125865358920737,0.015879183405552992,0.10495228535384399,0.0,22.751112787226372,1.2917935687204007,22.751112787226372,0.0,13.990958998827784,0.5344953744165796,0.7948906406619566,-45.95916754539299,217.9281704587248,185.78131692380828,10.548543828824288,185.78131692380828,0.0,1.7133578954784476,0.8844631895731728,1.1983250576332565,nan,197.14076855150006,177.30000000000018,10.066980102297201,177.30000000000018,0.0,1.7953180269813331,35.336515414726456,58.473559600445974,0.6043161329014927,50.058659841662966,75.4651563010601,0.6633347401012375,M3,0.3333533653941474,0.46157317400997233,-122.62848460507836,200.34959831197975,152.33820280745996,8.64966529318902,152.33820280745996,0.0,2.089494823475777,0.5511098241790254,0.7367518836232843,-58.58292998235226,196.53882331822462,135.89822624412213,7.716213984980594,135.89822624412213,0.0,2.3422666725023444
HC,v2,3,1,-9034.70210790202,0.1354916730399246,-0.11271059091899643,0.013118304679822201,0.01376036372387197,0.6890342969815766,0.0,22.367685736217737,1.2700228270780634,22.367685736217737,0.0,14.230792131900513,0.46667663123405834,0.679263421824078,-46.64278622770415,217.91827170969577,175.71287500281903,9.97686416452799,175.71287500281903,0.0,1.8115342212611565,0.698209975203656,0.9551934459943149,-81.34350678499355,197.93359950650105,146.7006005146166,8.329565856602901,113.50700285206071,67.88784044246555,2.1697926597926616,35.574461992171344,53.22410115063124,0.6683900943952236,49.36376940717545,69.41629343250652,0.7111265520849489,M2,,,,,,,,,,,,,,,,,,
HC,v2,3,1,-9064.503976544813,0.12894794508388638,-0.1125418280655419,0.013008606957303869,0.013638919623273404,0.709576191236649,0.0,22.148858858509854,1.2575979775364217,22.148858858509854,0.0,14.371389885916956,0.478215227298278,0.7010557034622642,-46.46988527785958,217.86793445991935,179.0616919538615,10.167007839724718,179.0616919538615,0.0,1.7776548557678604,0.7172470514269853,0.9387495841366891,nan,197.39343669281547,157.9000000000001,8.965460564877198,157.9000000000001,0.0,2.015895415983474,36.76144792965531,55.136345788683904,0.6667371114971528,51.40111701120265,68.82873497801175,0.746797351827306,M3,0.17454020157102063,0.22811933821434155,-107.82885573128125,201.1078676415413,125.31757640781372,7.115451484295367,125.31757640781372,0.0,2.540025871135054,0.5427068498559647,0.7106302459223476,-74.52622741803533,197.10968856470754,126.19252376332572,7.165130433074255,126.19252376332572,0.0,2.5224147730081175
HC,v2,4,1,-9031.987979629303,0.1358519768750597,0.09137264856571273,0.009881862275192691,0.010355952368451216,-4.615774633121479,0.0,21.935520235736938,1.2454847475843267,21.935520235736938,0.0,14.511161931104157,0.4593543184847101,0.6718711470576952,-47.75159387406436,217.74456007284408,177.99361223645982,10.106362959506164,177.99361223645982,0.0,1.7883219638293784,0.6296847486125874,0.8493113319709465,-81.04191296516485,197.68378954152078,140.05940583575358,7.952483089047368,108.42022672496172,64.76073360332096,2.272677684760921,46.48459022120432,63.721263368883456,0.729498879394532,64.87777494076838,82.01190018586048,0.7910775728124616,M2,,,,,,,,,,,,,,,,,,
HC,v2,4,1,-9022.221589270464,0.13439470034302278,0.08957073229429686,0.00968985205055744,0.010144511095976354,-4.4618286189921745,0.0,21.464208099579313,1.218723947264699,21.464208099579313,0.0,14.829798737836006,0.47949857079493846,0.7074880095712269,-45.623329597585716,217.55125086101566,182.08250838439326,10.338527856074723,182.08250838439326,0.0,1.7481629015776114,22.971799501822638,34.66626103730755,nan,197.18051410181934,192.60000000000036,10.935704273561436,192.60000000000036,0.0,1.6526993052117864,49.48461217912545,2370.706939792864,0.020873356950416266,69.74096660526499,3417.2431484704402,0.020408546765681886,M3,11.507193405985863,17.40827482363552,-169.0376127903251,197.2564251244643,193.78205205514405,11.002820429901035,193.78205205514405,0.0,1.642617996909281,11.464606095836773,17.257986213672027,7.8032239409681,197.10980004662105,191.4589245806602,10.870914744279327,191.4589245806602,0.0,1.6625492224035194
HC,v2,5,1,-9125.709387769206,0.12394798053903644,-0.038399105636836565,0.012976620832800101,0.013920556483949726,-0.9089718988179882,0.0,32.868908440511596,1.866275506231576,32.868908440511596,0.0,9.684224432335188,0.3982449225750358,0.5785213936865768,-47.84942305143298,218.01196442310322,174.79347404505322,9.92466116877017,174.79347404505322,0.0,1.8210627594812032,0.5745845455067831,0.7778713220569422,-81.71024261019788,197.85851965662775,141.7948202377333,8.051018803959774,106.94577493086688,68.43592717381654,2.2448625813701244,30.68941658281483,44.27844143017924,0.6931006510517684,41.55878354098895,55.87932658825965,0.7437237718917057,M2,,,,,,,,,,,,,,,,,,
HC,v2,5,1,-9109.413390280388,0.1234043203197614,-0.0476534652233823,0.012868721324696877,0.013795079592413512,-0.48336470082502864,0.0,32.53890690651631,1.8475382311246493,32.53890690651631,0.0,9.782439437756445,0.410478276775282,0.6009507123226658,-47.511163677717356,217.96061446339274,178.436055700826,10.131484615186736,178.436055700826,0.0,1.7838877066274292,0.9679118669959446,1.3900462899345838,nan,197.40195359645531,184.85000000000036,10.495664252169426,184.85000000000036,0.0,1.7219901876320804,31.897363103785356,75.21430005158214,0.4240864181666262,43.562685397854004,100.7639195281648,0.43232424464867775,M3,0.3893095619613191,0.5856700912425292,-154.88569815867177,199.74690821576664,191.1646676565403,10.85420702515875,191.1646676565403,0.0,1.6651083596456657,0.5786023050346254,0.8043761986920546,-43.526179361626305,196.79049646861165,154.21725095973412,8.756356440172677,154.21725095973412,0.0,2.06403553560231
HC,v2,6,1,-9021.201761264878,0.13729335547226107,0.13489947547961623,0.007462770606363424,0.007745736374300819,-9.73475175727456,0.0,17.420822255497242,0.9891430965129543,17.420822255497242,0.0,18.271806090171555,0.3810221092021003,0.5458135268996058,-48.018520862164934,217.74204540169956,168.2454936891293,9.552871050590142,168.2454936891293,0.0,1.8919370688877915,0.5605096630251458,0.7529525043587484,-80.2586251961057,197.68533040058378,138.16318699507673,7.844817001406675,117.18223841633636,52.23620375919289,2.303869019720378,51.05638767419795,75.10744904140631,0.6797779491359218,70.46631856856534,97.20864072484197,0.724897684435551,M2,,,,,,,,,,,,,,,,,,
HC,v2,6,1,-9002.779846690179,0.1369757943755446,0.13233199168933846,0.00740608407558927,0.007684226200339832,-9.49677890401999,0.0,17.257941688877693,0.9798948425749402,17.257941688877693,0.0,18.444255515646653,0.3901568019113747,0.5620764343381832,-47.50679087862998,217.68610984851563,170.89923457879124,9.703548753539263,170.89923457879124,0.0,1.8625588755170073,19.5606068193537,28.88882512681805,nan,197.4644108898142,182.5,10.362232761811828,182.5,0.0,1.7441637599111817,52.680579632811096,2641.1537621921134,0.019946047968478403,73.14678403315686,3759.496971281305,0.019456534901324075,M3,9.614047338999221,14.250996995019788,-207.0610938692953,197.50457645117552,184.24598921921034,10.461368908053318,184.24598921921034,0.0,1.727635361468168,9.946559480354482,14.637828131798258,-29.675522428995233,197.42715230984703,180.86668974381695,10.269494454705947,180.86668974381695,0.0,1.7599143691668762
HC,v2,7,1,-9043.389268411393,0.13434485351763364,-0.007017803104822653,0.011845349081131933,0.012673340783860431,9.413166434939757,0.0,31.627517612062324,1.7957901324629744,31.627517612062324,0.0,10.064333536641252,0.3629541279147495,0.5292154040591044,-50.381574473159034,218.0480860001906,176.5304888602475,10.023287754116792,176.5304888602475,0.0,1.8031439681548982,0.5010381304627265,0.6774023655592539,-81.8534766350589,197.84527336787642,141.17194443323106,8.015652315916197,99.95834219724753,74.38478788172114,2.254767315571963,30.64106641592245,42.29830012023991,0.7244042036871495,41.75816093678023,53.45097059347836,0.7812423324240853,M2,,,,,,,,,,,,,,,,,,
HC,v2,7,1,-9025.589495604072,0.13395254399960801,-0.015631023585274895,0.011783855670647336,0.012602465509073488,10.02400664185139,0.0,31.438736732103614,1.7850712753719509,31.438736732103614,0.0,10.124767063517188,0.3788793551848235,0.5582069342498116,-49.70808646602438,217.963317001895,181.39540144352344,10.29951436537034,181.39540144352344,0.0,1.754784761083896,18.050633014866804,27.729783307693502,nan,197.63758793049104,200.95000000000027,11.40981190951282,200.95000000000027,0.0,1.5840253106931588,32.15240968442803,1531.8104294021116,0.020989809879397144,44.29347049971415,2200.3458995962883,0.020130230664115564,M3,8.956119834231771,13.809004824001885,-189.26486184153532,197.72795660610512,202.68092896118245,11.508092943978195,202.68092896118245,0.0,1.5704974701628367,9.094513180635035,13.920778483691617,-12.247447897730508,197.55420277194713,199.27663774695034,11.314799475754283,199.27663774695034,0.0,1.59732665997704
HC,v3,0,4,-12372.741388633984,0.005169246512330299,-0.08866771014832746,0.025786112166256016,0.027116284088843076,1.5169222826258686,0.0,23.544809998467805,1.3368591865027826,23.544809998467805,0.0,13.51932278088058,0.23858242421781192,0.35445192836367184,200.44425024265414,217.47496575562164,185.30217535473807,10.521338478333519,185.30217535473807,0.0,1.7177881780093829,0.39158856549367516,0.5354842649046977,157.0387091353212,197.71085500324415,146.4973480097554,8.318025309946501,107.20268135103828,73.92582267970602,2.172803060998716,9.252361219851648,15.186025833165814,0.6092681075021468,13.071552400113339,19.7477007966966,0.6619278129988658,M2,,,,,,,,,,,,,,,,,,
HC,v3,0,4,-12793.837291964819,0.0033546742498132493,-0.09270137714540376,0.025902780875503247,0.0272461058076174,1.8031080275349098,0.0,23.667403615195624,1.3438199733063223,23.667403615195624,0.0,13.449294707570722,0.2593522642290113,0.3932478180587964,202.48176827113204,217.21830100991565,194.84907262547583,11.06340517242936,194.84907262547583,0.0,1.6336227927326188,0.6059920723306567,0.8787397737233937,nan,196.86254969926512,191.25,10.859052140802806,191.25,0.0,1.6643654179544611,10.012525893476004,23.39486541013652,0.42797963219475416,14.433175178702166,32.251940146166426,0.4475133934048846,M3,0.2695960439007802,0.41880731948450417,95.11276642996309,199.90311050332716,206.1928359843355,11.707496768700132,206.1928359843355,0.0,1.543748523871958,0.3363960284298765,0.4599324542388895,-164.73394026952525,196.30067754686561,146.41810916678057,8.313526179345503,146.41810916678057,0.0,2.1739789428725187
HC,v3,1,4,-11825.232573918887,0.008832603747436836,-0.051661091232955175,0.04101722200622191,0.04298568370934079,1.3998272350959085,0.0,21.94236237779436,1.2458732400149481,21.94236237779436,0.0,14.506637011241773,0.30212753967627953,0.45143061936242895,200.19079145078322,217.2461407283158,187.97717727931237,10.673223369186854,187.97717727931237,0.0,1.6933432600215024,0.5230689534119967,0.7186449326515484,156.57603396705613,197.65761316209125,148.6947668658986,8.442793340974172,110.52213681349643,73.3763335614758,2.14069326643392,7.365870356370057,12.752422709969295,0.5776055674983026,10.501882962125203,16.7182389725579,0.628169209649622,M2,,,,,,,,,,,,,,,,,,
HC,v3,1,4,-12380.426114950447,0.005027217180847511,-0.05465701675810028,0.04114958635499936,0.04313217877528092,1.6239648823480566,0.0,22.026787091511373,1.250666821025277,22.026787091511373,0.0,14.451035680390271,0.3290237413074741,0.5021818071173078,202.12956864705282,216.98328838824526,197.92897693250646,11.238280160448856,197.92897693250646,0.0,1.6082025538500813,0.691138178945928,0.9780171334060159,nan,196.80293137378618,186.0,10.56096051340822,186.0,0.0,1.7113434741064018,7.995797052951426,16.795750338373935,0.4760607232106268,11.642857406616994,22.674883606077376,0.5134693350089103,M3,0.29130316183379046,0.4404187490332801,103.28205708528384,200.3005329179043,193.4956453311709,10.986558440101813,193.4956453311709,0.0,1.6450493531210908,0.39983501711213754,0.5375983843727358,-173.97424719919871,196.31284282358618,138.58640382639152,7.8688469812137996,138.58640382639152,0.0,2.296833436723998
HC,v3,2,4,-11218.529276162908,0.01599207032616231,0.02699542414246346,0.06275993848001991,0.06584616520771369,-0.11352199953519598,0.0,22.47091958554804,1.2758843787255068,22.47091958554804,0.0,14.165414324588154,0.4370965043293701,0.6559293762708084,199.28309464704466,217.1485248646312,190.00250423744802,10.788220132797669,190.00250423744802,0.0,1.6752931097476256,0.746439651022407,1.0324218160106333,156.6497217834963,197.54910372112053,151.82811788472165,8.62070299895502,109.96046698863101,77.70502090960167,2.096514734019646,6.964578279000751,11.893568876904515,0.5855751415813375,9.96154254696017,15.6793005751182,0.6353307980311534,M2,,,,,,,,,,,,,,,,,,
HC,v3,2,4,-11848.389992483417,0.008460851991278577,0.023891824142572873,0.06294798790729683,0.06605489070554703,0.11738137945486893,0.0,22.551917044089702,1.2804833623886513,22.551917044089702,0.0,14.114537826717122,0.47612701686207126,0.7290013388844785,201.8069980827187,216.84486683701027,199.40752556801638,11.322231202151942,199.40752556801638,0.0,1.5962782010211425,1.0318812424087802,1.4810361723191252,nan,196.6269153652294,194.44999999999982,11.040746085119498,194.44999999999982,0.0,1.6369755010737514,7.563816298040551,16.39260088707563,0.4614164860198644,11.036296193935868,22.42129472170565,0.4922238582079665,M3,0.46473888219328297,0.7111075043021011,103.41351548653022,200.05335287875573,199.10653918369675,11.305141388604236,199.10653918369675,0.0,1.5986912709587922,0.5671423602154972,0.7699286680170242,-169.49939563776357,196.04642447625562,143.09317751948663,8.124738696351672,143.09317751948663,0.0,2.2244937997861065
HC,v3,3,4,-11123.104755559683,0.017557186744188852,0.07350566446538269,0.06721673205739813,0.07059001983415292,-0.666116425300397,0.0,22.92138578852984,1.3014615603508601,22.92138578852984,0.0,13.887026252272982,0.454152727090347,0.6854665954037817,199.31191984925954,217.16755119306094,192.70210077115124,10.94150148975774,192.70210077115124,0.0,1.6518236433852296,0.7778609105356298,1.0817118896110474,156.6709772177866,197.49332027868977,154.3580216310444,8.764349308458451,110.6501583149641,80.07467655682392,2.0621531866003937,6.7565428010176705,11.572429761556899,0.5838482445115033,9.710531276436033,15.323864367122514,0.6336868458109081,M2,,,,,,,,,,,,,,,,,,
HC,v3,3,4,-11705.207395663618,0.009733273419088178,0.07067803088227723,0.06742051459458118,0.07081661861502543,-0.458787112327488,0.0,23.004609786349064,1.3061869654838536,23.004609786349064,0.0,13.836787023993589,0.4975735357219686,0.7677550786695757,201.58546237241325,216.86513358433206,203.02900750019955,11.527856619817575,203.02900750019955,0.0,1.5678049659159063,1.0965069536108014,1.5899354896596656,nan,196.57013600763042,197.95000000000027,11.239473836715915,197.95000000000027,0.0,1.6080317564222797,7.380150369869178,16.263698967657117,0.4537805565969802,10.841453513097816,22.451446013017105,0.48288442119995567,M3,0.4618857693527976,0.7200382568566832,97.59750157728514,200.30608509418207,207.8314231644447,11.800534696156639,207.8314231644447,0.0,1.5315772819008748,0.6346211842580038,0.8698972328029824,-171.2914892630343,196.0590254243378,147.61472152555606,8.381469060371764,147.61472152555606,0.0,2.1563559710992832
HC,v3,4,4,-11280.801978683125,0.015046731635368965,0.04641258197909969,0.0601664418918436,0.06328155453163242,-0.5521300140182952,0.0,23.629423511727655,1.3416634874298685,23.629423511727655,0.0,13.470912061219288,0.43843193031927524,0.6594668503077351,200.00423974426056,217.18681756331597,191.09225623217853,10.850095551000663,191.09225623217853,0.0,1.665739326438439,0.7309712053789392,1.0154516575895236,156.73085170060273,197.54978352355462,153.87226618214365,8.736768426119667,110.09616063984626,80.01486814883175,2.068663145618437,7.286984513849252,12.149151294220584,0.5997937088260404,10.421154397812536,16.046566256237146,0.6494320486641144,M2,,,,,,,,,,,,,,,,,,
HC,v3,4,4,-11828.09225160349,0.008630571107854769,0.043620759051769896,0.06034444027599296,0.06348002424777362,-0.35174458034523204,0.0,23.712428971673596,1.346376484122806,23.712428971673596,0.0,13.42375707541549,0.4749986937286984,0.7287828018085593,201.76426605035113,216.93999697682716,200.37780239504224,11.377322897083635,200.37780239504224,0.0,1.588548643508161,0.991871252344978,1.4210742355929327,nan,196.649627108269,195.5999999999999,11.106042346358317,195.5999999999999,0.0,1.627351156358849,7.871457445892805,16.436829106517997,0.47889148173788526,11.48050604019924,22.386164032424308,0.5128393602213751,M3,0.41048692835236505,0.6276622789435217,100.12626499124599,200.39977395704727,198.7836646173493,11.286808778141982,198.7836646173493,0.0,1.6012879468568237,0.5813843239926129,0.793411956649411,-172.9332531553784,196.1336389906589,145.54745425415967,8.264090952716503,145.54745425415967,0.0,2.1869835361596066
HC,v3,5,4,-11550.184398909145,0.011560304677605007,0.004409417844295249,0.04997508082994397,0.05252457584034054,-0.5878036976894631,0.0,23.291236889538713,1.3224614682734153,23.291236889538713,0.0,13.666508468116605,0.40200522830426644,0.6013187262888441,200.01677779642984,217.21814167339792,188.48627520883414,10.702129622580065,188.48627520883414,0.0,1.688769571318219,0.6688007604166045,0.9243079018155745,156.65797374226074,197.6213017141567,151.45888619530893,8.599738260824983,109.9879981620109,77.23637871846803,2.1016256898477677,8.04411361878966,13.38268491635683,0.6010836890404434,11.4483309321084,17.59762714934057,0.6505610577467767,M2,,,,,,,,,,,,,,,,,,
HC,v3,5,4,-12151.68970071256,0.006288226811731957,0.0010182681639683976,0.05014674116644537,0.05271570917458671,-0.34096174007468694,0.0,23.386399301070036,1.3278647288677325,23.386399301070036,0.0,13.610897602745819,0.4359699395172141,0.6648389388586607,202.2110631355154,216.94822781779462,197.52603860463165,11.21540158104012,197.52603860463165,0.0,1.611483166636679,0.9516479135931522,1.3727933382996356,nan,196.73195717678746,194.95000000000027,11.069135763919007,194.95000000000027,0.0,1.6327770514685316,8.693883777415513,18.97726335664514,0.4581210480156631,12.611780231520958,26.041446843732007,0.48429644893392415,M3,0.4218605832462988,0.6493533797415,100.43120975291407,200.08008218322732,201.89374650080285,11.463397229564666,201.89374650080285,0.0,1.5766208300192444,0.5297873303468533,0.7234399585581355,-168.56435062432968,196.1516791137858,145.83362409296404,8.280339492328016,145.83362409296404,0.0,2.18269201059475
HC,v3,6,4,-11763.134592884971,0.009385923624544941,-0.05538798370241983,0.040630116606935454,0.042712552116112926,-0.03233654315727013,0.0,23.39730154224855,1.3284837511182375,23.39730154224855,0.0,13.604555448798997,0.3752143781100516,0.5594228183519603,200.1268792892912,217.31662442612424,186.96400817701178,10.615696278419101,186.96400817701178,0.0,1.7025195880611665,0.6068541721633102,0.8333213130889883,156.5062421178098,197.72614063917504,148.4497973762375,8.428884130719869,108.56462667781207,74.97511469628786,2.1442258043441615,9.234883122289723,14.936067696633726,0.6182941393852325,13.097386848511988,19.50998645137445,0.6713170652965418,M2,,,,,,,,,,,,,,,,,,
HC,v3,6,4,-12283.562012995522,0.005527002092140813,-0.059093843043912686,0.04077671771229568,0.042875655120719745,0.23327003885870015,0.0,23.495440830811024,1.3340560368780348,23.495440830811024,0.0,13.547729896873069,0.40347742037422013,0.6121238518109136,202.0780852582797,217.07874449761545,195.11183990449305,11.078324929729986,195.11183990449305,0.0,1.631422707815184,0.8702387531407718,1.2467318821535815,nan,196.8852614423047,191.8499999999999,10.893119755362182,191.8499999999999,0.0,1.6591602094542135,9.89479887079182,21.341559643932865,0.46363991366510965,14.27672300487144,29.077850324229704,0.49098275304674344,M3,0.39663493690777524,0.6021101576631603,101.70128004781125,199.96182557618397,195.39738443049978,11.09453796448255,195.39738443049978,0.0,1.6290386235799856,0.4736038162329966,0.6446217244904212,-166.73165969018774,196.24740896992475,144.31258826285304,8.193976055009298,144.31258826285304,0.0,2.205697299282142
HC,v3,7,4,-11939.921875723838,0.007894998000288343,-0.08839569920202334,0.03410689822848108,0.03584100979069027,0.484939442934125,0.0,23.214669895817444,1.3181140435566374,23.214669895817444,0.0,13.711583563854171,0.33908849461144414,0.5029437416762316,200.39394499752908,217.34099731299048,184.53416428704497,10.477731303281008,184.53416428704497,0.0,1.7249374250756955,0.5545190621778054,0.7581198134126401,156.66737373531086,197.76207353234452,146.39458079902374,8.312190253738919,108.92255427534565,72.13338159680933,2.1743283422545474,9.94193292922448,16.258267124236834,0.6115001588578682,14.032633137665435,21.15230061429693,0.6634093091595302,M2,,,,,,,,,,,,,,,,,,
HC,v3,7,4,-12365.535652906763,0.005100999548215768,-0.09223015851344082,0.0342317229404,0.03597978055466648,0.7625856428414209,0.0,23.31355153382988,1.3237284794413173,23.31355153382988,0.0,13.65342752355414,0.3622893432395615,0.5458386056201743,202.30815061114592,217.11948222025026,191.8660373246176,10.894030344351581,191.8660373246176,0.0,1.6590215268022819,0.7970386174491455,1.1364787920655988,nan,196.978947382343,189.0,10.731298586205126,189.0,0.0,1.6841792919777283,10.583438755634196,23.283625508328914,0.4545442784178235,15.170704134530371,31.586595986567254,0.4802893018602567,M3,0.3767581969790652,0.5655634010372204,104.28980420080963,199.75033859540954,190.15215169895268,10.79671701952822,190.15215169895268,0.0,1.67397467417427,0.42028042047008035,0.5709153910283784,-164.40897531940382,196.27171479633253,143.38871064116208,8.141518877149622,143.38871064116208,0.0,2.2199089786111417
LTX,v2,0,1,-9336.037721022378,0.10089307052433166,-0.0810114147587236,0.013116894712440954,0.013807840771416545,-2.6089068138377267,0.0,24.030304295219057,1.3644252407902817,24.030304295219057,0.0,13.246186243555806,0.0918984204931567,0.13692176275480306,-68.81772714327013,220.10397838531674,186.6446744705342,10.597564715705607,186.6446744705342,0.0,1.705432459226382,0.4718868007947963,0.6515717989202805,-110.67052683776677,197.67458750433866,151.0326428574153,8.575536437918544,92.5401739504509,91.9764912392785,2.10755688413859,7.006111012387254,35.9754965744466,0.19474674930168148,9.916232742069509,47.18853655012389,0.21014071355097946,M2,,,,,,,,,,,,,,,,,,
LTX,v2,0,1,-9376.659700007724,0.0950090991754883,-0.10192766151399768,0.013100283005838778,0.013792796970126099,-1.0529316510549804,0.0,24.113220780582175,1.369133185563564,24.113220780582175,0.0,13.20063748763576,0.14920965257029886,0.25673568809728614,-70.32255813454186,219.52436075004323,254.03690539911042,14.42405229499153,254.03690539911042,0.0,1.2530064703933579,0.9279941630777834,1.4924112119123252,nan,196.86254969926512,195.3499999999999,11.091847506958574,195.3499999999999,0.0,1.6294337659779414,11.389803754910968,70.83771874731084,0.16078727486327118,18.613750978380345,108.20221708075219,0.17202744528320296,M3,0.3354625113570745,0.6611263954188918,-219.06671779488704,201.77948455326455,317.57722553598256,18.03183085399596,317.57722553598256,0.0,1.0023070314521818,0.5925316517207089,0.8312848164934332,-85.12194752463333,196.6574301955613,158.48470576433292,8.99865978256043,158.48470576433292,0.0,2.0084580694942145
LTX,v2,1,1,-9122.516412973511,0.12433582951302652,0.09374515393440586,0.029314514681622588,0.030855543085089546,-5.763869848797141,0.0,23.982607981379804,1.3617170747306502,23.982607981379804,0.0,13.272530094763997,0.17943751476204603,0.265970438048427,-63.63013541748146,219.11070124790692,184.22565104040447,10.460214119325986,184.22565104040447,0.0,1.7278260892886126,0.9144464682391088,1.272022409577306,-110.04185273097033,197.56224849516715,154.4947140324319,8.772110615197892,95.37625271576816,93.50550746936418,2.060328653813815,6.1211149736187265,31.19432397809334,0.19622528053236118,8.619859236149793,41.2250857510264,0.2090925726196987,M2,,,,,,,,,,,,,,,,,,
LTX,v2,1,1,-9304.826181372951,0.10192730550157707,0.07986955815061875,0.028848368020564515,0.030337850016769974,-4.684076396612855,0.0,23.56555039839225,1.3380368130868383,23.56555039839225,0.0,13.507424218935588,0.3025874518555958,0.5149622671804127,-56.06997821087415,217.75198297900775,248.90115051686018,14.132447431991594,248.90115051686018,0.0,1.2788606461753933,1.9870390286286355,3.266798874891924,nan,196.59000878279005,207.25,11.76752186238631,207.25,0.0,1.5358739984742613,10.488893224042927,68.87873266217963,0.15228057803395437,16.974250544971216,107.68063238120442,0.15763513056721293,M3,0.8066246667632009,1.585569962529774,-207.74616573465778,200.37980515610292,316.3629326948119,17.96288408653726,316.3629326948119,0.0,1.006154177015602,1.1804143618654346,1.6812289123621502,-77.49405028524455,196.32043540580923,165.54898848166272,9.399765217147914,165.54898848166272,0.0,1.922753434516145
LTX,v2,2,1,-8760.358165384772,0.17721230636475488,0.05828888455815496,0.02986841585505269,0.03131109842749091,-2.035120655574043,0.0,22.08088571284241,1.253738505991443,22.08088571284241,0.0,14.415630347593314,0.16200596262044215,0.21734067567577522,-359.99999999999994,214.45149368793366,137.54400283446074,7.809660122531442,137.54400283446074,0.0,2.3142403857977603,1.2697615185426012,1.7580923177049452,-106.09819921632905,197.3491670507301,152.32074025800605,8.648673780848988,140.65761327029836,40.77936760222814,2.0897343700183346,5.423989119698707,42.51184678506483,0.12758770860089405,6.941330281947302,56.1491741267484,0.12362301654300886,M2,,,,,,,,,,,,,,,,,,
LTX,v2,2,1,-9441.796664964773,0.08914264757925211,0.01570770838527207,0.028990453761542877,0.03034190864951938,1.182587784675085,0.0,21.328300311502684,1.2110071903650113,21.328300311502684,0.0,14.924296898244686,0.26365722872346736,0.4177625347549517,-61.64018426293316,218.49660009497057,215.45052223324856,12.233142246766224,215.45052223324856,0.0,1.477415245432479,1.782997367277135,2.664246793393864,nan,196.69505059434815,195.95000000000027,11.125915121517977,195.95000000000027,0.0,1.624444430639399,9.094622350244837,61.50291340532104,0.147873033108347,13.768498863421668,87.80748845330355,0.15680324202352997,M3,0.6272616948704719,1.0636715845274214,-195.123459994727,201.5858073503499,247.21356218017144,14.036627250342894,247.21356218017144,0.0,1.2875907105444466,1.1557356724066632,1.6005752088664424,-82.70297678117382,196.40993221958522,152.4264259403775,8.654674546001447,152.4264259403775,0.0,2.0882854414515992
LTX,v2,3,1,-8782.09476804192,0.1734830314781174,0.05701409703510692,0.023759847947485216,0.024934895284554528,-4.136001671467686,0.0,22.595856632736613,1.282978224005186,22.595856632736613,0.0,14.087090892700523,0.16664591607484452,0.22891337579656812,-359.99999999999994,213.92972501785127,148.6096932142646,8.437962913685796,148.6096932142646,0.0,2.1419187355757026,1.161439640706263,1.6117244159475903,-106.70530333952681,197.44864142098797,153.37123674020205,8.708320296268052,136.36820555092433,49.46989940360184,2.0754210042850523,7.013761891202785,48.88245258443212,0.1434822010840859,9.18044263608215,64.63730437023106,0.1420300974109037,M2,,,,,,,,,,,,,,,,,,
LTX,v2,3,1,-9299.196135566097,0.10249035730922845,0.017401439957783427,0.022851462714387826,0.023931091271564946,-0.8866845927252002,0.0,21.609203645136915,1.2269567011961717,21.609203645136915,0.0,14.730292305585511,0.24758702247604755,0.3946356274011691,-60.22273153516788,218.2958427396657,218.2298645603547,12.390951518646936,218.2298645603547,0.0,1.458599109819625,1.7106580315686888,2.537822740385376,nan,196.67801678706846,209.55000000000018,11.898114384863948,209.55000000000018,0.0,1.5190163979183509,10.834624705234333,74.85989203183995,0.144732037559259,16.49049861215804,106.0470962893711,0.15550165152245524,M3,0.702981787730024,1.1317405545802854,-185.86392662420056,200.8437091019712,222.90167288856335,12.656213794348135,222.90167288856335,0.0,1.4280282514655032,1.0076762438386648,1.4060821858050905,-74.04572559026585,196.1813735852669,155.95326706656377,8.854926319499928,155.95326706656377,0.0,2.041059428706486
LTX,v2,4,1,-9261.9044943521,0.10848356123223588,-0.0834417202558009,0.013375331775573892,0.013929024465566814,8.24613441141647,0.0,18.987491799268042,1.07809758677813,18.987491799268042,0.0,16.76418821131822,0.2250315760426108,0.33543412876252376,-62.59540419536279,218.96361676752622,186.85954457413285,10.609764902155163,186.85954457413285,0.0,1.703471379582152,0.922791608460593,1.263591662029542,-111.38210528294243,197.94110671878477,147.1294004460778,8.353912841249748,92.13171919275845,87.98359632364117,2.1634689274795873,16.8243733926335,68.99205372578498,0.24385958214120512,24.081666996258946,90.71645075742371,0.265460859581615,M2,,,,,,,,,,,,,,,,,,
LTX,v2,4,1,-9360.865986140261,0.09648874790995468,-0.09608235829185947,0.01315833307457076,0.013692379058081175,9.370827796987404,0.0,18.623072426740947,1.0574060889094223,18.623072426740947,0.0,17.092232628958055,0.2789145759828404,0.44111303346694525,-59.58764280291305,218.43560454042728,214.57625122801812,12.183501700721836,214.57625122801812,0.0,1.483434836623838,1.499895645257891,2.162867698609439,nan,196.93636286414375,202.80000000000018,11.514853721070908,202.80000000000018,0.0,1.569575375659716,21.196801631496847,113.98827167223226,0.18595598758131204,32.21595250874993,157.9614243393974,0.2039482275085747,M3,0.7230984998859771,1.0998855857331622,-170.64309090824682,200.24997182065832,196.3297881955648,11.147479251285802,196.3297881955648,0.0,1.621302040354269,0.7767971453719139,1.0629821128762769,-66.41810618351099,196.1850206705931,146.8224520873475,8.336484510624985,146.8224520873475,0.0,2.1679918953704846
LTX,v2,5,1,-9353.170150141283,0.09921583405663137,-0.22361594977016389,0.012779348421140596,0.013534499632840076,7.116340084278012,0.0,26.87447799992962,1.525915596643627,26.87447799992962,0.0,11.844318843499929,0.18136635581755825,0.26389107574240783,-59.86059854472918,218.7647597799264,175.54667356641352,9.96742735373686,175.54667356641352,0.0,1.8132493183550211,0.8135198369553958,1.10440611884519,-111.97792544074255,198.10736238716257,143.0956052010945,8.12487653855382,89.11342125547809,85.97500544672026,2.2244560602435333,14.192144218990686,63.65894489656513,0.22294029915278185,19.497660268289728,81.59933125015289,0.23894387330843714,M2,,,,,,,,,,,,,,,,,,
LTX,v2,5,1,-9443.626995128672,0.08898314223731149,-0.2638749210393581,0.012765764705605188,0.013522034240449423,9.830501207299227,0.0,26.940983669992928,1.5296917458665107,26.940983669992928,0.0,11.81508032827794,0.26263355681880185,0.42453608524348624,-61.186803585803396,218.4043945583783,224.80039726895288,12.764022144924153,224.80039726895288,0.0,1.415966742278317,1.9391635945181882,3.0834574270301944,nan,197.47292779345403,193.35000000000036,10.978288791760662,193.35000000000036,0.0,1.646288524353711,20.573272567328832,151.90344168467564,0.13543651374295565,31.395874148398562,228.03206767561858,0.1376818377714313,M3,0.730808899477672,1.378845129333004,-226.48110851487002,200.3106377336507,297.1748413082848,16.873396584059943,297.1748413082848,0.0,1.0711198995933195,1.2083546950405162,1.7046122976971907,-84.12333090056538,197.2525849158694,161.06387339430972,9.145103263730569,161.06387339430972,0.0,1.9762959841684544
LTX,v2,6,1,-9251.264616166469,0.10961886568173115,-0.11113799787186826,0.01296404273113798,0.013920363909965903,7.924972402067952,0.0,33.31637988115929,1.8916826471754373,33.31637988115929,0.0,9.554155863248448,0.15790009003822786,0.22986455548504137,-63.59698814706872,219.04815067981784,175.78558365121413,9.980992514875751,175.78558365121413,0.0,1.8107849322579652,0.7097588639912475,0.9551549127489968,-111.95144448515616,197.9564100707432,139.00230205629452,7.89246141553424,87.38361579646758,82.84297866377806,2.2899612558566003,12.179849551017904,54.748266317149444,0.22247005011011037,16.512826602218073,68.61565681233232,0.24065683211896646,M2,,,,,,,,,,,,,,,,,,
LTX,v2,6,1,-9282.844786897727,0.10414332566774079,-0.1507352092005541,0.012973476208215798,0.013935170611622603,9.990544634364143,0.0,33.4735250637458,1.9006052496924717,33.4735250637458,0.0,9.509302817005755,0.19828677272830111,0.30900965071732645,-65.5636777341085,218.92281468119762,207.67762399387465,11.791802078052417,207.67762399387465,0.0,1.5327115173138683,1.493274948471362,2.2064509923729423,nan,197.254327266698,194.80000000000018,11.060618860279156,194.80000000000018,0.0,1.6340343233254127,15.28401251491337,115.10214567824976,0.13278651257846627,22.174802112548054,158.33684809948835,0.14004827289864252,M3,0.6251292832121633,0.998133714240416,-199.03298902851995,200.20957659760268,219.0387542680485,12.436879756618207,219.0387542680485,0.0,1.453212639231226,0.8681456652591988,1.2083172781325264,-70.39180624793882,196.741168025295,154.76623325786124,8.78752730239354,154.76623325786124,0.0,2.0567140485576325
LTX,v2,7,1,-9276.556351357118,0.1069393869795195,0.07054201067233738,0.019021923235553434,0.02116488333133699,-1.2659081961210163,0.0,49.970529609426386,2.8372945701034857,49.970529609426386,0.0,6.369952223274916,0.16131382644297543,0.23480415443502195,-61.0570341205026,218.17773081287757,175.72581922028706,9.977599128880446,175.72581922028706,0.0,1.8114007810358392,0.6648423091170382,0.9043712720253647,-111.27059515621575,197.69845483315686,144.03058545746995,8.17796411687854,92.79709827410385,83.96526559805764,2.2100159155277668,8.480416225288277,34.95137168224909,0.2426347183848943,11.094044354469366,42.729801901924084,0.25963247805204104,M2,,,,,,,,,,,,,,,,,,
LTX,v2,7,1,-9299.201970451573,0.10248977216461977,0.03561487713327185,0.01903944453575858,0.02119198792927245,0.1623539328663913,0.0,50.1386411643428,2.8468398361966036,50.1386411643428,0.0,6.34859419385629,0.20201517131531016,0.3155698988969855,-65.21736518132185,218.16715899711141,208.79134740458593,11.855038577855536,208.79134740458593,0.0,1.52453581118467,1.2435344844803093,1.8569717335361864,nan,197.02720983630212,192.80000000000018,10.947060145081219,192.80000000000018,0.0,1.6509848868453858,10.610350051751727,65.31359053804265,0.16245240790385895,14.891000313429277,87.62612265228573,0.169937911922899,M3,0.4431121887166202,0.7436300645562863,-210.11434692523306,200.95671141225932,242.3464959417913,13.76027835593604,242.3464959417913,0.0,1.3134495093349519,0.8004222957636892,1.1133416689799,-81.49859868759742,196.70430505389467,154.46540818701277,8.7704466481211,154.46540818701277,0.0,2.0607195482784717
LTX,v3,0,23,-11408.449862691423,0.013280020906420206,-0.08355049214641556,0.030085483559205563,0.03190829312395359,1.4232240033927208,0.0,27.535287588937546,1.5634359406027358,27.535287588937546,0.0,11.560071241517502,0.1406360807817146,0.2137401895078123,192.75573178477794,218.42217991221924,195.9411006545232,11.125409822398737,195.9411006545232,0.0,1.6245182104239786,0.49164715562763656,0.6776761514914651,150.0481084523336,197.7707960059583,150.21803040339302,8.529283266087038,100.6700888324856,84.24841903812357,2.11898588557583,4.674549455219999,16.341673706527555,0.28605083782530716,6.698577973992514,21.238245143947637,0.3154016694218938,M2,,,,,,,,,,,,,,,,,,
LTX,v3,0,23,-11863.140145278014,0.008339616581795141,-0.09063317129413404,0.030339174202291114,0.03219499695845689,1.869930691087999,0.0,27.791875403450376,1.5780048318784976,27.791875403450376,0.0,11.453343164609622,0.18129258430500825,0.29406809326465905,198.77309409087823,217.56931744388993,226.4209073568078,12.856033666695204,226.4209073568078,0.0,1.4058325704091394,0.833173714068437,1.2414252817857871,nan,196.70924543374787,202.95000000000027,11.52337062471076,202.95000000000027,0.0,1.5684153051677272,5.9755279789822895,27.461977327171894,0.21759277956543507,9.133968661159141,38.559571333014,0.2368794139923128,M3,0.38213193549728386,0.6200627698538576,83.1484689062598,200.26510767844601,226.58738741484845,12.865486297443791,226.58738741484845,0.0,1.4047996661041495,0.45104177857115313,0.6213625119319296,-169.0035741461051,196.18145429854675,149.95892185052267,8.51457124890666,149.95892185052267,0.0,2.1226472040195
LTX,v3,1,23,-11011.492747055658,0.019583213963366493,-0.007245754129170677,0.04341249840176206,0.046059713507304416,0.05323099916110787,0.0,27.707608498527005,1.5732202111500952,27.707608498527005,0.0,11.488176115983187,0.17345942983601775,0.26716323739073067,195.72859755183745,218.3749495456372,202.1811288289387,11.479714613541516,202.1811288289387,0.0,1.5743798050168476,0.6236033250010298,0.8685161612595784,152.64040110518093,197.64968325472572,155.06921318400174,8.804730307965182,99.37081304633426,90.85191910995131,2.0526955650835164,3.9956103938256002,14.364603465800956,0.27815667890438417,5.800366894343847,18.856308368523486,0.30760882676411366,M2,,,,,,,,,,,,,,,,,,
LTX,v3,1,23,-11602.1088155453,0.010766392770025807,-0.014272561640858609,0.043691794349037735,0.04637561621250081,0.4939047372581205,0.0,27.90524297558263,1.584441769796722,27.90524297558263,0.0,11.40681292265812,0.2261738462905616,0.37231691745638734,202.49580918836028,217.40753555465577,233.32184184318442,13.24786429366424,233.32184184318442,0.0,1.3642524149013306,0.9966081025255992,1.4783303876366394,nan,196.47077213183223,210.40000000000055,11.946376838823094,210.40000000000055,0.0,1.512879687185313,5.176574907492735,22.809960482832594,0.2269436157677155,8.028290465195527,31.877320634677563,0.25184960044797483,M3,0.46781226953234223,0.7511817286523264,90.72365368589011,200.44068978334565,221.6843563185466,12.587095341508004,221.6843563185466,0.0,1.4358698623117963,0.5287958329932569,0.7271486589843129,-167.21700231118876,195.9050676021719,149.10408890782833,8.46603438356604,149.10408890782833,0.0,2.134816613785557
LTX,v3,2,23,-10489.493952325836,0.03263661438996034,0.02238886274808369,0.06459983576975,0.06848826068869762,-0.058287275190404955,0.0,27.36083427675958,1.5535305936062584,27.36083427675958,0.0,11.633778523126562,0.22670969434156468,0.3469882533533523,197.82054546221062,218.31313199760282,199.234187145122,11.31238915785278,199.234187145122,0.0,1.5976670005531433,0.8662817624277925,1.2122951886084041,152.8014652859036,197.55475027938337,157.31084075384572,8.93200848135706,102.12203383252385,91.05908669059532,2.0234453306487024,3.509446914843791,13.409968494586238,0.26170433705795776,5.0663902085429156,17.700773481731375,0.28622422708091483,M2,,,,,,,,,,,,,,,,,,
LTX,v3,2,23,-11370.799939311402,0.013500937485658768,0.016508868684859707,0.06502477929244428,0.06896828758334347,0.31575791420337374,0.0,27.561133731504352,1.5649034679740903,27.561133731504352,0.0,11.549230495548871,0.3101542402617948,0.5161852236686371,203.09733248775046,217.35337173503257,238.4496518652139,13.539018052604627,238.4496518652139,0.0,1.3349144513061342,1.3363295521591474,1.990372977052656,nan,196.40831483847336,208.70000000000027,11.84985193090483,208.70000000000027,0.0,1.5252030962328236,4.769785359315074,20.55108170608471,0.2320941266027301,7.484385095756689,28.859248892433726,0.25934095248469663,M3,0.5722900761953623,0.9393947874263063,85.20805746677546,201.00792686171337,231.98697675534376,13.172071511495355,231.98697675534376,0.0,1.3721023940041432,0.7640394759637852,1.0509781896263497,-173.5223294679752,195.98430067498055,149.25792136942025,8.474768891913097,149.25792136942025,0.0,2.132616368118641
LTX,v3,3,23,-10381.81558201743,0.0362629021564585,0.062455843269225306,0.07166603812694039,0.07597297549932405,-1.2967927813502795,0.0,27.3188160440063,1.5511448253430833,27.3188160440063,0.0,11.651672080921944,0.26374168536012965,0.4037119309631336,197.7071934873372,218.15935710269525,199.28605946765404,11.315334435003315,199.28605946765404,0.0,1.5972511425740508,0.9760436070127667,1.3658946291045628,151.8093998930628,197.49838462044886,157.30951069769975,8.931932961623522,101.88454226067248,91.25829504794541,2.0234624389334215,3.680148815998034,13.61933256703717,0.2702150636151648,5.313888633553987,17.97869071373564,0.29556594071081044,M2,,,,,,,,,,,,,,,,,,
LTX,v3,3,23,-11251.515695832019,0.015172363881849204,0.056858061125002066,0.07209338706505725,0.07645558661302874,-0.9382655081473542,0.0,27.499953804259764,1.561429711007191,27.499953804259764,0.0,11.574924396217867,0.34629868539809566,0.5695284298122625,202.64941622300177,217.31466263280916,232.884428699524,13.223028256361854,232.884428699524,0.0,1.3668148100811228,1.4933606253014025,2.210232864767698,nan,196.34869651299442,209.75,11.909470256383733,209.75,0.0,1.517567991341076,4.8034736540481155,20.714252528512638,0.23189220308269665,7.449140802422534,28.90871632382523,0.25767802066961015,M3,0.6571611695387858,1.0592880892873753,87.67894516325941,200.68814340924516,223.48305298365563,12.689224182668301,223.48305298365563,0.0,1.4243133066876001,0.8361994557626167,1.1509447754803226,187.23896773251315,195.8626024188143,149.54538290587655,8.4910907732875,149.54538290587655,0.0,2.128516975907802
LTX,v3,4,23,-10605.024421903518,0.029148145355703974,0.03281854217926422,0.06252817696772552,0.06635274662775885,-0.7160701692990548,0.0,27.790264311250095,1.5779133550983329,27.790264311250095,0.0,11.454007152243314,0.2506016713059574,0.38180971699027166,196.6993054952348,218.2125958318875,197.09825379277513,11.191112234232312,197.09825379277513,0.0,1.6149807522823356,0.9100723017030166,1.2698744087316116,151.05587187121398,197.5581009729927,155.94808100421207,8.85463185821113,101.24777923361148,90.26144647711193,2.0411273042545055,4.007819889508497,14.554595157520083,0.2753645736025665,5.754241329786046,19.138234259625303,0.30066730565240274,M2,,,,,,,,,,,,,,,,,,
LTX,v3,4,23,-11458.340787983358,0.012392639637002434,0.026891154663238544,0.06293585249560311,0.06681408787666869,-0.34237400094277304,0.0,27.99159158054134,1.5893445881158446,27.99159158054134,0.0,11.371625127778275,0.3235035155707012,0.5271270160776012,201.55666337586106,217.42208695711355,228.54254540815649,12.97649891230831,228.54254540815649,0.0,1.3927817493032546,1.4194425046442398,2.100712497100578,nan,196.4338655493929,209.00000000000045,11.86688573818453,209.00000000000045,0.0,1.5230138094918182,5.140210273520997,22.55379800795431,0.22790885471742447,7.88945913698049,31.44116104642868,0.2509277289515564,M3,0.6334462295726001,1.0174304107738987,87.02051453236338,200.54715006834087,221.81536987964577,12.594534207343967,221.81536987964577,0.0,1.4350217766987996,0.7859962750716398,1.0832820863266797,188.14023237495536,195.91287497982162,150.16672726285356,8.526370306724399,150.16672726285356,0.0,2.119709818451443
LTX,v3,5,23,-10791.734119729064,0.024281160945395217,-0.008581851236981016,0.05059398557729748,0.05373443869018727,-0.021991796871292057,0.0,28.18980683034945,1.6005991226662681,28.18980683034945,0.0,11.291666101134641,0.2361220141059587,0.36219936207300685,196.05226762440714,218.19924752912797,200.27594796945613,11.371539668230243,200.27594796945613,0.0,1.5893565323796932,0.8066170655408824,1.120078164315368,150.75085912562065,197.65262032274222,153.68034625822548,8.725871336129151,99.79225496648793,88.93470271999232,2.0712465447529773,4.666997695708545,15.942943738016705,0.2927312403781409,6.74054425619505,20.844698327888395,0.32336971973236894,M2,,,,,,,,,,,,,,,,,,
LTX,v3,5,23,-11493.394458558108,0.011974790257724069,-0.015507291804363008,0.05095529497975506,0.054144251834470324,0.40752978197941764,0.0,28.41530628490007,1.61340283683457,28.41530628490007,0.0,11.202057193835033,0.29945499921408103,0.48806122265921575,201.52152037236561,217.3834471219618,228.657298687792,12.98301452980839,228.657298687792,0.0,1.3920827719495192,1.304976721470448,1.9314916039356866,nan,196.54174632883092,208.95000000000027,11.864046770304572,208.95000000000027,0.0,1.5233782540502048,5.876818087954487,25.6102279849214,0.2294715256504002,9.014091175390424,35.67306848824208,0.2526861735586746,M3,0.6099764401043918,0.9730012568452301,88.26047539697711,200.29901015673343,218.58763061557573,12.411265245433102,218.58763061557573,0.0,1.456211796099267,0.6950002813660562,0.9584903470904564,191.72712075370794,195.94175854088704,150.47034522531555,8.543609539588498,150.47034522531555,0.0,2.1154326834776036
LTX,v3,6,23,-11014.29965962166,0.019529502658686665,-0.05427322572819852,0.041673535520043124,0.04438126486825956,0.9779801947912334,0.0,29.467598768973698,1.673151328086494,29.467598768973698,0.0,10.802030008598384,0.21390629161132976,0.3269038336489977,195.03308779780775,218.3098957331086,198.53549862530764,11.272718072535946,198.53549862530764,0.0,1.6032895295190055,0.7125815048758087,0.9842223021620594,150.46260331219122,197.7530314218562,151.17729686949855,8.583749799798744,96.94694482476075,88.513019524251,2.1055402681168904,5.132904826576337,17.099137281814944,0.30018501764034716,7.36580704987504,22.176526628603416,0.33214430615002527,M2,,,,,,,,,,,,,,,,,,
LTX,v3,6,23,-11570.002472872684,0.011109990071702085,-0.06159692631291362,0.04199033987849683,0.04474222326379448,1.4112005547111364,0.0,29.714255431855253,1.6871563349524141,29.714255431855253,0.0,10.712362856063546,0.2643152819465151,0.426771018275769,199.66035677854003,217.61543267241737,224.2703663490929,12.733927329786914,224.2703663490929,0.0,1.4193131770620042,1.156013790413466,1.6937313489690946,nan,196.68369472282836,206.69999999999982,11.736293215706866,206.69999999999982,0.0,1.5399607459302902,6.294668790758477,27.530469954720665,0.22864371008236736,9.538440138738327,37.8553237952229,0.25197090349394974,M3,0.5444045207818373,0.8522944696059409,88.7957352116988,200.27571617051942,209.82215974650657,11.91356744043488,209.82215974650657,0.0,1.5170460859251085,0.6116092696316286,0.8414368793631536,-167.25120697253973,196.03354556805377,149.33291618281072,8.479027049240663,149.33291618281072,0.0,2.131545370707965
LTX,v3,7,23,-11198.327642701704,0.016311326754678994,-0.09849199438789673,0.03640592883100439,0.038827237241056155,2.3394776417466314,0.0,30.141301322036078,1.7114037262621613,30.141301322036078,0.0,10.560588701293952,0.1953535020191456,0.29703979891685167,195.3378431870557,218.2524702123468,196.1609879423802,11.137894881347437,196.1609879423802,0.0,1.6226972015316838,0.6546943883616235,0.899471242833684,150.32667446893774,197.80623406897107,148.68748099071763,8.44237965366185,100.84541656074093,82.3384550585933,2.1407981631194786,5.3659804403280775,17.983180470431126,0.29838884446225183,7.650294484583106,23.165986218627413,0.3302382386134557,M2,,,,,,,,,,,,,,,,,,
LTX,v3,7,23,-11679.953200415002,0.009976784338982587,-0.10518547276243186,0.03669810474992742,0.039160898957414,2.7322931514373345,0.0,30.404989057953443,1.726375746514276,30.404989057953443,0.0,10.469001833122714,0.2391278472581145,0.38400530883293393,198.8943333490471,217.65760701251162,221.72064371497493,12.589155716566143,221.72064371497493,0.0,1.435634863991206,1.0365710065592224,1.5109575323288849,nan,196.8455158919854,198.4000000000001,11.26502454763544,198.4000000000001,0.0,1.6043845069747507,6.516081658374672,28.245900261682383,0.23069123653368595,9.805834877552867,38.58332092866392,0.25414698998260715,M3,0.45910411538034346,0.719583589608923,85.66722111324516,200.36405681419453,210.3633651396365,11.944296734985894,210.3633651396365,0.0,1.513143155760513,0.5774668911788788,0.7913739427199619,-171.37350082174143,196.29518546129697,147.5083089384708,8.375427022036618,147.5083089384708,0.0,2.1579115676566074
RT,v2,0,2,-8550.539656694898,0.21759822382361194,-0.2000411759213463,0.059014510345795995,0.06443840006931417,4.267948258890418,0.0,41.15858145319549,2.3369578145972767,41.15858145319549,0.0,7.733742878037833,0.029210000819781545,0.035979923670951076,-359.99999999999994,212.2000411759214,97.57600570341874,5.540302920913444,97.57600570341874,0.0,3.2621737679167797,0.4019864989721662,0.5824780608660429,-95.7363749034047,197.10000960007847,173.6066882531889,9.85727623390053,158.80720794732534,49.056894121051236,1.8335116543411385,0.4949630294079424,6.811655245747581,0.0726641339807884,0.5583615302715261,9.039300482933953,0.061770435812561295,M2,,,,,,,,,,,,,,,,,,
RT,v2,0,2,-8581.811329920185,0.20679145031515228,-0.22493483203100229,0.05905937998074058,0.06449634781165836,5.455276660142576,0.0,41.223574219668684,2.3406480621262045,41.223574219668684,0.0,7.72154991917023,0.07733510764096807,0.11742879518983802,-69.38313748187227,215.5479318083617,195.51909755032537,11.101448757237613,195.51909755032537,0.0,1.628024526360448,26.79831192369243,48.17660846100175,nan,196.99314222174272,274.5500000000002,15.588772628796928,274.5500000000002,0.0,1.1593876750456764,1.3094466563344764,453.75200234800013,0.002885820116624435,1.8207045697029622,746.9664577238798,0.0024374649636222296,M3,13.397683889169905,24.13990070693963,-196.22407691868216,197.08425985853668,275.6115427094773,15.649046341904908,275.6115427094773,0.0,1.154922188869723,13.400628034522525,24.036707754062117,-17.58195235346718,196.90438046263174,273.5033590124542,15.529345025887318,273.5033590124542,0.0,1.1638244127352606
RT,v2,1,2,-8691.16461997453,0.1896257780853557,0.026237299774878105,0.06753296501534603,0.07323817446862668,0.11998473643218352,0.0,37.96357726583426,2.1555475293128903,37.96357726583426,0.0,8.38461254467337,0.03341053235054473,0.04180986610291974,-359.99999999999994,211.9737627002252,104.97726765306271,5.960541819835921,104.97726765306271,0.0,3.03217918793397,0.4232654190846452,0.6312955098182199,-98.73253056302678,197.11677508076147,187.13560954505894,10.625439693859924,152.84283301922306,77.81149053360178,1.7009583956662577,0.49472923842382166,6.26753792001378,0.07893518072607592,0.5708753175003016,8.61976031487036,0.06622867651151011,M2,,,,,,,,,,,,,,,,,,
RT,v2,1,2,-8725.537813600828,0.1796621659951532,0.01085207281711656,0.0672317305955873,0.07289065919865516,0.9463725965361469,0.0,37.829810639736316,2.1479523462148675,37.829810639736316,0.0,8.414260626761873,0.06437921399692427,0.09282854676299838,-47.304298006227974,214.24440033027741,171.3084786612916,9.726785369644812,171.3084786612916,0.0,1.8581093514533393,0.6365941959689645,1.0140620217711034,nan,197.93284059000567,244.20000000000027,13.865519125668227,244.20000000000027,0.0,1.3034802874029088,0.9575718701066687,9.468656991714367,0.10113069582566994,1.2735314481105844,13.912098380224457,0.09154129113411553,M3,0.5003353290656986,0.7733793651534825,-118.69239488953272,198.13676760428768,203.85462293988184,11.574734534106524,203.85462293988184,0.0,1.5614553233735715,0.136258866903266,0.24068265661762087,32.98706923108694,189.4891479271829,266.3143307602024,15.121156619963621,266.3143307602024,0.0,1.1952412972864261
RT,v2,2,2,-8431.409077247084,0.24450028561591075,-0.06250100519967017,0.09905411853379963,0.10688409312706457,1.157546674221958,0.0,35.61262844797027,2.022062165686518,35.61262844797027,0.0,8.938118303984176,0.024610442919173362,0.029019246989451967,-359.9999999999998,212.0625010051997,77.13792462029646,4.3798418064581215,77.13792462029646,0.0,4.126503114397211,0.5508023411847655,0.8002329918804569,-105.95388289174855,197.07614772967366,174.8489816084392,9.927812852561111,174.84844812263998,0.0003284538857073098,1.8204846448383731,0.24845451439533725,5.56062028856295,0.04468107899875074,0.2715020181249391,7.486923156368406,0.036263497361262276,M2,,,,,,,,,,,,,,,,,,
RT,v2,2,2,-8558.693541051325,0.21152240880569778,-0.08066821368795558,0.09873250118827753,0.10651990884671833,2.1370983006552535,0.0,35.537295445721426,2.0177848062128265,35.537295445721426,0.0,8.9570655895851,0.08934589008649857,0.12868392214338398,-72.94727961045554,214.45040651395672,170.78445989328995,9.697031920627877,170.78445989328995,0.0,1.8638105971859382,1.0333347493420852,1.8766692520809256,nan,196.92784596050393,219.35000000000036,12.454552089333854,219.35000000000036,0.0,1.451150609454252,0.904928863456227,10.46600396936741,0.08646364611601834,1.2080739040864141,17.6180140632813,0.06857037914416413,M3,0.2936112981115749,0.7520960351149387,-260.9732031921897,194.5806682140133,440.30086032801984,24.999999999698307,440.30086032801984,0.0,0.722937234205386,0.7397234512305103,1.124573216965987,-105.22819141803564,197.00411285028053,196.0800499271026,11.13329927283464,196.0800499271026,0.0,1.6233670192461185
RT,v2,3,2,-8075.479340675404,0.34636194810781024,0.11351424160634016,0.15261533877613967,0.1636286552672599,-4.271291073091108,0.0,32.61690193018316,1.8519667384643694,32.61690193018316,0.0,9.759047222361477,0.034784113345775136,0.04045025776676404,-359.99999999999915,211.8864857583937,70.64244117235506,4.011032428989274,70.64244117235506,0.0,4.505929875882558,0.8613945147402401,1.2703080848095523,-120.8171276655397,196.76320668618408,181.84020138389042,10.324769820244438,181.83964656770712,2.514987697449114e-08,1.7504923760604147,0.2279201659853956,5.644219785822164,0.040381164205886014,0.24720766482310413,7.763359557864224,0.0318428720170103,M2,,,,,,,,,,,,,,,,,,
RT,v2,3,2,-8522.641855186508,0.21911716063863254,0.09324409379128128,0.1524525807439792,0.16345850270559306,-3.1005275986374228,0.0,32.629361439262446,1.8526741813858898,32.629361439262446,0.0,9.755320733944028,0.2440971269779718,0.4091338530661219,-92.79036905459672,214.74330427027908,241.76392503505608,13.727200354095764,241.76392503505608,0.0,1.3166144872012453,2.483382928692559,4.7738346367813715,nan,196.60988155794968,258.7000000000003,14.688819810853277,258.7000000000003,0.0,1.2304208975020887,1.6011347645724388,16.289543388334117,0.09829218207056091,2.50298299748296,29.205177814332355,0.08570339867112978,M3,0.979704360328774,2.3585276606803895,-270.08858765938265,197.00543087452218,411.2479366696824,23.350393658006023,411.2479366696824,0.0,0.7740096856448417,1.503678568363785,2.4153069761009816,-111.70248744627702,196.5709434573989,221.8394779413042,12.59590304759789,221.8394779413042,0.0,1.4348658279299198
RT,v2,4,2,-7673.170017518681,0.5134400964775377,0.06184302147053596,0.14697426270426223,0.15820721117148212,-2.5869498315389694,0.0,34.47490288626096,1.9574628391687372,34.47490288626096,0.0,9.23309014775048,0.03172308486612613,0.035953670980266944,-359.99999999999994,211.9381569785295,58.60017007279927,3.327280011923867,58.60017007279927,0.0,5.431893555741439,0.9733581362367234,1.4315345650197104,-120.44472114732162,196.72143826533534,180.57072998037523,10.252690049462585,180.57017903750085,4.569233584027964e-09,1.7627989110881104,0.21584108865345009,6.622643436526634,0.032591379971175366,0.22725684065877666,9.048478602331585,0.025115475280034126,M2,,,,,,,,,,,,,,,,,,
RT,v2,4,2,-8366.557933723976,0.25527223411352706,0.03291485359256304,0.1461706378119396,0.15730435629499775,-1.0061646556949864,0.0,34.36240063952008,1.9510750338703493,34.36240063952008,0.0,9.263319216926408,0.22947625004505504,0.35319613173643805,-105.50962650720776,215.52490895503587,201.8571402860257,11.46131875220549,201.8571402860257,0.0,1.5769067456952715,1.5584082081215476,2.55606593007015,nan,197.26284417033781,223.9000000000001,12.712898166409147,223.9000000000001,0.0,1.421660947672133,1.5699202896021764,10.661568092263279,0.14725041157326677,2.2453041991671125,16.24917446835789,0.1381795858946192,M3,1.1925716485508608,1.8116428839706653,-137.68545592094733,197.45110180543375,195.7241052842162,11.113088964670755,195.7241052842162,0.0,1.6263192810183724,0.3658365595706868,0.7444230460994847,42.13110649648083,190.76050170019306,332.55088721532036,18.882025745053056,332.55088721532036,0.0,0.9571764756041415
RT,v2,5,2,-8014.161341211779,0.36777905491561713,-0.002095813877209191,0.11987703079925172,0.12881287594662091,0.43230561721841343,0.0,33.65392273396748,1.9108481135200093,33.65392273396748,0.0,9.458329381095153,0.024451142010184494,0.0273960462054113,-359.9999999793065,212.00209581387725,53.23348117258587,3.0225628637362325,53.23348117258587,0.0,5.979505363397381,0.8384752152738445,1.2347557329479575,-118.82989144126282,196.85530497069377,181.1760984809543,10.287062484036115,181.17554569102828,1.0730936718937159e-07,1.7569088243571616,0.2039685321463361,6.994460987926624,0.029161436813846423,0.21268096068877473,9.585654569653665,0.02218742175021429,M2,,,,,,,,,,,,,,,,,,
RT,v2,5,2,-8556.356680451207,0.21200662009210608,-0.028371550374851475,0.11973870069832343,0.12867031752012786,1.9351761762293123,0.0,33.676053378495325,1.9121046772995516,33.676053378495325,0.0,9.452113720280991,0.17797570034226795,0.2759690654132508,-114.61110502853295,216.49094020156042,205.3294206084066,11.658472598313818,205.3294206084066,0.0,1.5502400252268498,1.2863281205204748,2.0500089428294457,nan,197.56377476561238,237.4000000000001,13.479419493995227,237.4000000000001,0.0,1.340816706755647,1.4863673925330974,10.74279337439383,0.13835948814541604,2.1447764389800392,15.932259920853644,0.13461846904548383,M3,0.9671218730168755,1.4788464616238637,-143.2606310703894,197.86106603462213,198.80003003454573,11.287737996017235,198.80003003454573,0.0,1.601156127232363,0.3192062475035993,0.571162481205582,13.370328269601877,191.44360901929883,272.359179814098,15.46437926602655,272.359179814098,0.0,1.1687136317602984
RT,v2,6,2,-7999.871349782855,0.3729576009091763,-0.10421432159476589,0.1028832685525055,0.11136975012880647,2.867211814852651,0.0,37.10216160793035,2.106636901631413,37.10216160793035,0.0,8.57928143237223,0.03143656278674798,0.036556490625363425,-359.9999999999917,212.1042143215948,70.63067802456125,4.010364525014199,70.63067802456125,0.0,4.50668031351902,0.741364546636391,1.0838543520483732,-116.0569554151115,197.14360003944282,177.7790398144987,10.094179675228755,177.77823311571504,0.2091206292476514,1.7904803992412555,0.3055556382397069,7.205880577734975,0.04240365003880652,0.3282443444748994,9.732035411723777,0.03372823161735285,M2,,,,,,,,,,,,,,,,,,
RT,v2,6,2,-8442.049931581067,0.23709564733123756,-0.14642073124059696,0.10277900171125347,0.11126980990072236,4.968571575330841,0.0,37.15654850293487,2.1097249545915724,37.15654850293487,0.0,8.566723740733035,0.20357848689599672,0.32630026664613465,-95.07779722658768,215.4076021165091,220.835162888623,12.538878684079675,220.835162888623,0.0,1.4413913165827152,1.6655872807636931,3.1491848303963543,nan,197.20606481273884,235.25,13.35734387515744,235.25,0.0,1.3530707170405556,1.9807400685592234,16.20552109897877,0.1222262497121456,2.932513922125577,28.3022396929242,0.10361419993410381,M3,0.5646578928293816,1.4463917593803655,-280.25157077306585,194.87709253570972,440.30085994908615,24.999999978182696,440.30085994908615,0.0,0.7229372348275636,1.1009293879343116,1.702793071015989,-119.75619443811631,197.31686101944544,204.14671824156466,11.591319517693751,204.14671824156466,0.0,1.5592211764439827
RT,v2,7,2,-8325.86150259619,0.27110114782082495,-0.12871868784901008,0.09292724004940268,0.10095253354343399,3.120033453814594,0.0,38.77464708497668,2.2015995526117087,38.77464708497668,0.0,8.209227165529008,0.02898157785139886,0.03315246984211535,-359.99999999999994,212.12871868784904,62.93961848207381,3.5736711049363428,62.93961848207381,0.0,5.057385059848279,0.6449610150971226,0.9444345018119681,-114.79371923134401,197.15329051463908,178.53274287230573,10.136974450671417,178.5321981475735,3.2690223839403145e-06,1.7829216146164268,0.31187386858784844,6.940494679000942,0.04493539481147495,0.3283966105501629,9.355233283032298,0.03510298467337847,M2,,,,,,,,,,,,,,,,,,
RT,v2,7,2,-8564.241670887339,0.21037722866000674,-0.15778884324501571,0.09268873554994446,0.10068632207868877,4.560946948340544,0.0,38.7415954850386,2.1997229039996067,38.7415954850386,0.0,8.216230699809898,0.10624663369628518,0.1504275264530282,-87.56778298042298,215.09791796204203,162.7678969647364,9.241856627392897,162.7678969647364,0.0,1.9556060631093146,0.8929561786630436,1.3921246314002165,nan,197.85618845724707,223.25000000000045,12.675991583969838,223.25000000000045,0.0,1.425800162077447,1.1462734178635459,9.633923403582116,0.11898303212970686,1.4940214653532133,13.826353000681044,0.10805607706382316,M3,0.7272612705101433,1.1019078429266969,-132.6737404121909,198.01205548499658,194.50258395207518,11.04373176813835,194.50258395207518,0.0,1.6365329432447089,0.16569490815290025,0.2902167884735195,31.1683496572467,189.65778884325078,262.3622405619157,14.896759477331722,262.3622405619157,0.0,1.2132457990221794
RT,v3,0,7,-10504.271764511628,0.03216809426882652,0.001216628689707643,0.036857944773514985,0.03920541136773452,1.5026401404188838,0.0,28.90234542212655,1.641056606171846,28.90234542212655,0.0,11.01328911321171,0.15186232432870986,0.22807437293425678,177.47382947186128,217.9244988805922,190.37619201049216,10.809437884493706,190.37619201049216,0.0,1.6720046914597795,0.5121027473297137,0.6976277750388641,139.75307686813375,197.74911071775983,144.71884249924153,8.217042909573296,89.88248133807035,87.14790220141953,2.199505473417941,4.120205976265762,13.89395828976594,0.2965465917153816,5.81742073294399,17.794170516292596,0.32692845826207395,M2,,,,,,,,,,,,,,,,,,
RT,v3,0,7,-10837.297622883616,0.022754821307678166,-0.0044441731825201015,0.03724486068767981,0.039644911126249856,1.8258478486004623,0.0,29.23237588920747,1.6597955240807882,29.23237588920747,0.0,10.888950230737487,0.2089308559152323,0.34057684829206136,183.32272891527091,216.95393067044543,228.73253558198255,12.98728643232827,228.73253558198255,0.0,1.3916248747642712,0.8348905051549198,1.2205724601016357,nan,196.63259330098927,194.3499999999999,11.035068149359605,194.3499999999999,0.0,1.6378177832970973,5.60965599166127,22.416260652871564,0.2502494095036615,8.590682602553677,30.787620035638447,0.27903042172826176,M3,0.35615097288538006,0.576977345339214,66.35300717036641,201.17514176150186,225.83537845732442,12.822787711926907,225.83537845732442,0.0,1.4094775068377559,0.4787395322695398,0.6435951147624218,174.06722856380952,196.28079267964526,138.51776587762666,7.864949762576019,138.51776587762666,0.0,2.2979715574174158
RT,v3,1,7,-10103.178682587482,0.04762863158897822,0.03682179833698313,0.05871573505957132,0.06269532891330779,-1.6190329544309638,0.0,30.697803562495224,1.7430015659778186,30.697803562495224,0.0,10.36914206372351,0.19858850882377524,0.2979272264830148,178.33578065326188,217.91961460016213,189.8692075799471,10.780651634214678,189.8692075799471,0.0,1.6764692402782682,0.7175315005609754,0.9854697870051577,141.8259872783707,197.52336430683647,148.52976784595074,8.433424802617074,89.44214095952042,91.7089529636008,2.143071323681925,3.3822025496622494,12.220429495313109,0.2767662585803079,4.751984424469243,15.718392487705424,0.3023200004826282,M2,,,,,,,,,,,,,,,,,,
RT,v3,1,7,-10826.20333574399,0.02300318110836417,0.0305913756697613,0.05929391524913224,0.06335704304538191,-1.2666961587569598,0.0,31.025564525015298,1.7616116228757281,31.025564525015298,0.0,10.259600141268782,0.28044546488715144,0.4590679285194572,184.53514019817197,216.87496937830417,230.6898971355899,13.098424163931016,230.6898971355899,0.0,1.3798171924135083,1.0875380557918684,1.571127945429816,nan,196.30895096267517,197.14999999999964,11.194050350636703,197.14999999999964,0.0,1.6145568662632068,4.729751167701069,18.341478231322974,0.25787186332799256,7.245728437651868,24.797999873580515,0.29219003446206876,M3,0.46096309148860565,0.7352024278504407,72.39517293519458,201.42261370830192,218.52343271942783,12.407620130130619,218.52343271942783,0.0,1.4566396025477195,0.6265749643032626,0.8359255175793753,173.57026253370992,195.9892740225891,134.9404979688071,7.661834788753839,134.9404979688071,0.0,2.358890703496376
RT,v3,2,7,-9781.215088372197,0.06526572122060342,0.08020494733771148,0.07547461151386356,0.08025201566498999,-1.9521890645354665,0.0,28.730065503637782,1.631274663072851,28.730065503637782,0.0,11.079330332312903,0.2415511887879836,0.3570125425028457,182.78425153071748,217.69606740064646,182.8828394574102,10.383970140267119,182.8828394574102,0.0,1.7405125988210544,0.9049251246869269,1.2449233384994969,142.73493870414435,197.4288214623935,149.31403082495004,8.477954750753307,94.07849368934046,88.8133965683608,2.1318149702687004,3.200429706665191,11.989795065334064,0.26692947537681866,4.448642685726244,15.512673771290654,0.28677472054877856,M2,,,,,,,,,,,,,,,,,,
RT,v3,2,7,-10686.822734969892,0.026364350849839825,0.07446065096537556,0.07616855421560524,0.08103975560785279,-1.607704127663972,0.0,29.018225078800732,1.647636178636595,29.018225078800732,0.0,10.969309298532252,0.3428303543947866,0.5532106366618855,188.62686714910996,216.7118646749814,223.98862646666996,12.717930320252929,223.98862646666996,0.0,1.4210984334562005,1.336859481638423,1.9343477197731085,nan,196.23797676567645,195.30000000000018,11.089008539078641,195.30000000000018,0.0,1.6298509277203808,4.500943439524395,17.551330669271522,0.25644456960773615,6.826410476098217,23.86912084401288,0.28599337699572186,M3,0.5657146876669042,0.9064096133481506,75.40279842340716,201.3113309409055,220.66432632720318,12.529178693867843,220.66432632720318,0.0,1.44250723024345,0.7711447939715187,1.0279381064249578,173.34406194536538,195.9265735527283,134.54869026886922,7.639588199249036,134.54869026886922,0.0,2.365759826778772
RT,v3,3,7,-9760.716026505772,0.06658802428949764,0.06158980068853136,0.0763952528707926,0.0810530242946471,-1.670336854204558,0.0,27.703727575984498,1.5729998548612403,27.703727575984498,0.0,11.489785456153694,0.2774311688370661,0.41638957110698993,181.32794317688084,217.79634401588572,190.072395847438,10.792188533514459,190.072395847438,0.0,1.6746770869310383,0.9671638261187953,1.3284400649626973,142.25030491517535,197.50473618014388,148.57242730648477,8.435846979381713,91.81691444188762,89.84247956938331,2.1424559856396543,3.6315236668734614,12.65999901531265,0.2868502329645543,5.137249038275418,16.389765545743245,0.31344249702276344,M2,,,,,,,,,,,,,,,,,,
RT,v3,3,7,-10705.453140832255,0.025888099674067334,0.05612114128224576,0.07703213647972332,0.0817732432475413,-1.327829059218899,0.0,27.958561037284262,1.5874691350885626,27.958561037284262,0.0,11.385059687417645,0.3742884584024024,0.6055310832418702,187.12812051285408,216.86699837736262,225.19446919103854,12.786397295507967,225.19446919103854,0.0,1.4134889161676518,1.4093650840458545,2.015899391811742,nan,196.28907818751554,195.95000000000027,11.125915121517977,195.95000000000027,0.0,1.624444430639399,4.858861191016349,18.295806769124635,0.26557239329921184,7.405002653604263,24.652310606163397,0.30037763079915586,M3,0.611318717069761,0.9552647507801837,78.71305653180237,201.10452834298962,208.94706930037717,11.863880367062656,208.94706930037717,0.0,1.523399621012134,0.7980463669760934,1.0606346410315581,174.2168563213683,195.93731073856503,133.15465486879464,7.5604357647625795,133.15465486879464,0.0,2.39052766497304
RT,v3,4,7,-10007.262360024593,0.052315132628026756,0.011181434416059835,0.06288373501477215,0.06686846512487904,-0.9138812833744848,0.0,28.760205042193682,1.6329859667103843,28.760205042193682,0.0,11.067719639578467,0.2596380787888805,0.3900127557303202,181.13629940146177,217.87099832935812,190.46670695076918,10.814577264655743,190.46670695076918,0.0,1.6712101095235805,0.8622596120824166,1.1813928958523574,141.9319464746798,197.6415856348072,147.402306455362,8.369408269141806,90.95322534109657,89.24916145719952,2.1594634021563617,4.128859055968739,13.711965612091289,0.301113580122159,5.83253638321081,17.66741458243535,0.3301295928725996,M2,,,,,,,,,,,,,,,,,,
RT,v3,4,7,-10752.984021565604,0.024711671934721888,0.005307719956421267,0.06342076234102015,0.06747830920508908,-0.5630775443340588,0.0,29.029352124723943,1.648267965156089,29.029352124723943,0.0,10.96510472628461,0.3372916596861519,0.5415888688591245,186.16491052360476,217.0637589169674,221.6743535413285,12.586527390243354,221.6743535413285,0.0,1.4359346541387146,1.2565895901795883,1.7873280551378752,nan,196.44806038879264,195.44999999999982,11.097525442718466,195.44999999999982,0.0,1.6286000828027167,5.3183160724637615,19.813536510689875,0.26841831439805824,8.026117951667333,26.48744576135702,0.30301592777121494,M3,0.5477466809708187,0.8444813927406283,79.48742888144427,201.03171484347465,202.64627044825104,11.506125055878615,202.64627044825104,0.0,1.5707660717352119,0.7088429092087696,0.942846662397247,174.90938503080602,196.06175491904906,133.53555094704885,7.58206279939782,133.53555094704885,0.0,2.383708936880867
RT,v3,5,7,-10149.855284641579,0.045502272165154414,-0.03482385848546053,0.05088723263312283,0.054101684919303776,0.5699204652427745,0.0,28.672825668112896,1.6280246219826773,28.672825668112896,0.0,11.101448105192635,0.2395529094958075,0.35979157305506676,180.24510652798983,217.8149253321864,190.40107994901408,10.810851005654943,190.40107994901408,0.0,1.6717861383403299,0.7576324604100548,1.0352942153891336,141.02569603792452,197.8009714257164,146.16160097079432,8.298961808758534,88.37734280471513,89.95791023782384,2.1777941953946893,4.707524797484879,14.888458680240886,0.31618617471346705,6.650284064012416,19.136080825086005,0.34752591843646374,M2,,,,,,,,,,,,,,,,,,
RT,v3,5,7,-10783.855267178065,0.023976375268514333,-0.041312352216901334,0.051365507822170184,0.05464489112128598,0.9656058261300111,0.0,28.97033462528408,1.6449169894507962,28.97033462528408,0.0,10.987442509759045,0.3071574852061519,0.4907028909567589,185.90489900948842,216.99561905541512,219.29596238655586,12.451483868356293,219.29596238655586,0.0,1.4515081934007599,1.1138842939690878,1.5789031672747422,nan,196.57297497551036,195.69999999999982,11.111720282118208,195.69999999999982,0.0,1.626519602369908,5.979839355809459,21.68545277164217,0.27575349331092736,8.97984936721036,28.893884403032647,0.3107871978012015,M3,0.5065057346833213,0.7740638437006406,81.09828161945033,200.9777157201759,198.5311444713468,11.272470846471162,198.5311444713468,0.0,1.6033246926138134,0.6073785592857667,0.8048393235741016,176.09494350429648,196.1483997937829,131.7664401416632,7.481613824346628,131.7664401416632,0.0,2.4157128768263987
RT,v3,6,7,-10314.168377032502,0.03874440051246909,-0.09134615214265909,0.04400071369447038,0.04687325282120508,2.52728483477843,0.0,29.603454318193194,1.6808651188974322,29.603454318193194,0.0,10.752457559933102,0.20772447538553934,0.3071720369844262,178.53932147699425,217.98745863772453,183.11965542578818,10.397416398820797,183.11965542578818,0.0,1.7382617144165078,0.6783358981081092,0.9215123842645251,140.89406657004395,197.84719940555533,143.41434418180867,8.142974333120524,89.58061055066804,85.94645233841315,2.21951219733128,4.720934229111022,15.416474896709607,0.3062265700000347,6.553247715837294,19.659663641855047,0.33333468136685485,M2,,,,,,,,,,,,,,,,,,
RT,v3,6,7,-10747.818171876554,0.02483689694164618,-0.0960186960050347,0.0444726564717464,0.047411459257817465,2.7936757915511494,0.0,29.953623578545407,1.7007475045511369,29.953623578545407,0.0,10.62675723853936,0.26749156553668796,0.42177533168046377,182.85963952799875,217.27987117136612,213.1668635672345,12.103477574734628,213.1668635672345,0.0,1.4932428092107912,1.0796720393990968,1.5568912836779147,nan,196.7688637592268,192.19999999999982,10.912992530521818,192.19999999999982,0.0,1.6561388459094224,6.014742242947103,24.277210426703775,0.2477526098439701,8.896063067515035,32.837868904471776,0.2709086601628887,M3,0.45512139700080056,0.718334994458704,69.6917413738448,201.07008293574205,213.62892249307464,12.1297129837167,213.62892249307464,0.0,1.4900130678424852,0.6245506423982964,0.8385562892192109,175.48858307092294,196.3871142104861,137.92615035558637,7.831358213288993,137.92615035558637,0.0,2.307828394855931
RT,v3,7,7,-10376.646122826613,0.03644679109513359,-0.07194209325311986,0.03973559545367769,0.042322955627612346,2.282873957736365,0.0,29.528965989336417,1.6766357194363235,29.528965989336417,0.0,10.779581184750581,0.19067979463399143,0.28191214003690707,178.90908572631028,217.85142103352243,183.02814192249087,10.392220320891944,183.02814192249087,0.0,1.7391308398824767,0.6318792754267355,0.8560396133561622,140.48599105149225,197.84065538724187,142.1245666979545,8.069741596141668,91.39932301924549,82.99669180563815,2.2396542243134374,4.798714916862866,15.902096551273715,0.3017661791569554,6.660974779676822,20.226366534705452,0.3293213720935777,M2,,,,,,,,,,,,,,,,,,
RT,v3,7,7,-10819.942049140249,0.023144542762718545,-0.07852698367991749,0.040193289840888324,0.04284456211695875,2.6722181734347683,0.0,29.901782422032248,1.6978039969871321,29.901782422032248,0.0,10.645181002629911,0.24581276177424685,0.386831445368588,184.7309571853674,217.05983253634705,212.24666413673398,12.051229242207873,212.24666413673398,0.0,1.4997167916793661,0.976941342152817,1.3989044379381232,nan,196.72627924102758,189.5,10.75968826500461,189.5,0.0,1.6797355471440143,6.115766157668025,24.30608059256155,0.2516146580843498,9.028717444062107,32.65068818113579,0.2765245679960438,M3,0.4400982974145896,0.6850248027934618,76.70554289159517,200.71884807839163,207.11532131651603,11.759874893255814,207.11532131651603,0.0,1.5368727149709307,0.5368430447382274,0.7138796351446615,176.99333647601281,196.30582771704758,133.4133161198421,7.575122384432801,133.4133161198421,0.0,2.385892918648842
